,city,latitude,longitude,date,cloudcover,dewpoint,pressure,uv_index,visibility
0,Chicago,41.8843,-87.6324,2023-05-01,98.8,35.7,997.4,2.0,9.4
1,Chicago,41.8843,-87.6324,2023-05-02,95.2,32.0,1002.8,7.0,9.9
2,Chicago,41.8843,-87.6324,2023-05-03,59.8,34.4,1012.9,9.0,9.9
3,Chicago,41.8843,-87.6324,2023-05-04,30.6,36.0,1015.0,9.0,9.9
4,Chicago,41.8843,-87.6324,2023-05-05,54.4,38.6,1015.9,8.0,9.9
5,Chicago,41.8843,-87.6324,2023-05-06,94.4,50.4,1016.1,2.0,9.9
6,Chicago,41.8843,-87.6324,2023-05-07,77.1,58.9,1011.1,8.0,9.8
7,Chicago,41.8843,-87.6324,2023-05-08,93.4,49.9,1013.9,1.0,8.1
8,Chicago,41.8843,-87.6324,2023-05-09,55.1,43.8,1020.3,9.0,9.5
9,Chicago,41.8843,-87.6324,2023-05-10,52.4,42.2,1020.9,9.0,9.9
10,Chicago,41.8843,-87.6324,2023-05-11,60.4,42.4,1017.7,9.0,9.9
11,Chicago,41.8843,-87.6324,2023-05-12,95.5,55.9,1015.9,3.0,8.8
12,Chicago,41.8843,-87.6324,2023-05-13,99.0,52.8,1019.7,2.0,9.2
13,Chicago,41.8843,-87.6324,2023-05-14,98.8,44.4,1026.2,2.0,9.9
14,Chicago,41.8843,-87.6324,2023-05-15,85.1,34.9,1025.4,8.0,9.9
15,Chicago,41.8843,-87.6324,2023-05-16,74.5,40.3,1012.6,9.0,9.9
16,Chicago,41.8843,-87.6324,2023-05-17,53.1,38.6,1016.0,8.0,9.9
17,Chicago,41.8843,-87.6324,2023-05-18,57.4,34.1,1016.9,6.0,9.9
18,Chicago,41.8843,-87.6324,2023-05-19,85.5,49.0,1014.0,2.0,8.6
19,Chicago,41.8843,-87.6324,2023-05-20,19.6,41.2,1020.2,8.0,9.9
20,Chicago,41.8843,-87.6324,2023-05-21,16.3,40.8,1020.2,9.0,9.9
21,Chicago,41.8843,-87.6324,2023-05-22,41.3,41.9,1019.4,8.0,9.9
22,Chicago,41.8843,-87.6324,2023-05-23,13.8,43.9,1018.9,7.0,9.9
23,Chicago,41.8843,-87.6324,2023-05-24,37.5,45.5,1021.2,8.0,9.9
24,Chicago,41.8843,-87.6324,2023-05-25,48.1,33.1,1025.5,7.0,9.9
25,Chicago,41.8843,-87.6324,2023-05-26,17.8,34.1,1026.6,9.0,9.9
26,Chicago,41.8843,-87.6324,2023-05-27,46.8,35.8,1024.7,8.0,9.9
27,Chicago,41.8843,-87.6324,2023-05-28,74.7,38.2,1019.9,8.0,9.9
28,Chicago,41.8843,-87.6324,2023-05-29,59.9,41.9,1016.0,8.0,9.9
29,Chicago,41.8843,-87.6324,2023-05-30,48.4,47.5,1014.3,9.0,9.9
30,Chicago,41.8843,-87.6324,2023-05-31,57.9,58.8,1014.4,6.0,9.9
31,Chicago,41.8843,-87.6324,2023-06-01,52.6,61.4,1016.3,8.0,9.9
32,Chicago,41.8843,-87.6324,2023-06-02,53.4,53.1,1016.6,9.0,9.9
33,Chicago,41.8843,-87.6324,2023-06-03,50.6,54.4,1015.7,9.0,9.9
34,Chicago,41.8843,-87.6324,2023-06-04,37.1,46.1,1016.9,5.0,9.8
35,Chicago,41.8843,-87.6324,2023-06-05,50.9,44.5,1017.0,9.0,9.8
36,Chicago,41.8843,-87.6324,2023-06-06,86.1,51.0,1013.9,4.0,8.9
37,Chicago,41.8843,-87.6324,2023-06-07,36.3,44.0,1011.8,8.0,9.4
38,Chicago,41.8843,-87.6324,2023-06-08,4.8,40.9,1012.4,8.0,9.9
39,Chicago,41.8843,-87.6324,2023-06-09,14.0,40.6,1012.3,9.0,9.9
40,Chicago,41.8843,-87.6324,2023-06-10,47.7,41.7,1008.4,9.0,9.9
41,Chicago,41.8843,-87.6324,2023-06-11,98.9,50.8,1009.1,1.0,9.7
42,Chicago,41.8843,-87.6324,2023-06-12,83.4,41.3,1010.1,5.0,9.9
43,Chicago,41.8843,-87.6324,2023-06-13,94.4,53.4,1003.5,3.0,8.6
44,Chicago,41.8843,-87.6324,2023-06-14,84.3,56.7,1004.4,4.0,9.8
45,Chicago,41.8843,-87.6324,2023-06-15,68.6,54.0,1006.4,6.0,8.3
46,Chicago,41.8843,-87.6324,2023-06-16,61.3,50.6,1013.9,2.0,9.9
47,Chicago,41.8843,-87.6324,2023-06-17,15.2,51.2,1014.5,8.0,8.4
48,Chicago,41.8843,-87.6324,2023-06-18,60.2,52.8,1009.8,7.0,9.0
49,Chicago,41.8843,-87.6324,2023-06-19,58.2,53.5,1011.3,8.0,9.3
50,Chicago,41.8843,-87.6324,2023-06-20,4.8,53.8,1016.2,8.0,9.9
51,Chicago,41.8843,-87.6324,2023-06-21,9.6,59.6,1018.0,8.0,9.9
52,Chicago,41.8843,-87.6324,2023-06-22,51.3,56.3,1015.7,8.0,9.9
53,Chicago,41.8843,-87.6324,2023-06-23,48.1,54.2,1013.0,8.0,8.8
54,Chicago,41.8843,-87.6324,2023-06-24,29.3,57.3,1011.2,9.0,9.8
55,Chicago,41.8843,-87.6324,2023-06-25,80.3,63.4,1003.1,6.0,9.1
56,Chicago,41.8843,-87.6324,2023-06-26,93.0,61.9,1003.0,4.0,8.0
57,Chicago,41.8843,-87.6324,2023-06-27,95.2,54.9,1011.1,4.0,2.5
58,Chicago,41.8843,-87.6324,2023-06-28,86.0,54.8,1014.4,5.0,1.7
59,Chicago,41.8843,-87.6324,2023-06-29,73.5,66.4,1010.2,6.0,4.7
60,Chicago,41.8843,-87.6324,2023-06-30,67.7,68.2,1012.0,6.0,6.7
61,Chicago,41.8843,-87.6324,2023-07-01,75.7,68.1,1009.8,1.0,8.2
62,Chicago,41.8843,-87.6324,2023-07-02,95.8,66.3,1007.0,1.0,5.4
63,Chicago,41.8843,-87.6324,2023-07-03,39.6,58.7,1011.8,8.0,9.9
64,Chicago,41.8843,-87.6324,2023-07-04,33.5,63.5,1013.8,7.0,9.5
65,Chicago,41.8843,-87.6324,2023-07-05,56.4,69.0,1012.9,7.0,8.5
66,Chicago,41.8843,-87.6324,2023-07-06,84.8,63.6,1013.5,9.0,9.0
67,Chicago,41.8843,-87.6324,2023-07-07,67.7,58.3,1013.8,9.0,9.9
68,Chicago,41.8843,-87.6324,2023-07-08,82.3,58.7,1011.3,1.0,9.3
69,Chicago,41.8843,-87.6324,2023-07-09,31.9,55.1,1011.5,7.0,9.9
70,Chicago,41.8843,-87.6324,2023-07-10,13.7,57.9,1011.9,7.0,9.9
71,Chicago,41.8843,-87.6324,2023-07-11,52.6,61.4,1011.8,6.0,9.6
72,Chicago,41.8843,-87.6324,2023-07-12,90.9,63.1,1010.5,1.0,9.0
73,Chicago,41.8843,-87.6324,2023-07-13,92.0,61.2,1010.3,2.0,9.8
74,Chicago,41.8843,-87.6324,2023-07-14,65.1,66.4,1009.3,8.0,9.6
75,Chicago,41.8843,-87.6324,2023-07-15,84.5,66.1,1008.4,8.0,9.4
76,Chicago,41.8843,-87.6324,2023-07-16,69.9,58.8,1010.4,6.0,7.7
77,Chicago,41.8843,-87.6324,2023-07-17,29.0,55.3,1012.0,8.0,8.9
78,Chicago,41.8843,-87.6324,2023-07-18,44.1,54.9,1014.6,9.0,9.9
79,Chicago,41.8843,-87.6324,2023-07-19,41.2,56.7,1016.1,9.0,9.9
80,Chicago,41.8843,-87.6324,2023-07-20,58.1,61.5,1011.8,6.0,9.9
81,Chicago,41.8843,-87.6324,2023-07-21,59.5,57.3,1014.8,3.0,9.9
82,Chicago,41.8843,-87.6324,2023-07-22,44.2,56.6,1012.7,7.0,9.9
83,Chicago,41.8843,-87.6324,2023-07-23,46.2,60.7,1012.5,7.0,9.7
84,Chicago,41.8843,-87.6324,2023-07-24,24.6,61.7,1015.8,6.0,8.5
85,Chicago,41.8843,-87.6324,2023-07-25,27.7,62.8,1016.8,6.0,5.5
86,Chicago,41.8843,-87.6324,2023-07-26,72.6,71.2,1009.3,1.0,8.7
87,Chicago,41.8843,-87.6324,2023-07-27,30.4,70.3,1012.5,8.0,9.7
88,Chicago,41.8843,-87.6324,2023-07-28,78.2,72.3,1012.5,7.0,9.5
89,Chicago,41.8843,-87.6324,2023-07-29,65.0,63.0,1015.8,9.0,9.6
90,Chicago,41.8843,-87.6324,2023-07-30,42.8,58.4,1018.0,7.0,9.9
91,Chicago,41.8843,-87.6324,2023-07-31,48.9,56.0,1019.8,5.0,9.9
92,New York,40.7146,-74.0071,2023-05-01,72.4,41.7,992.3,7.0,9.2
93,New York,40.7146,-74.0071,2023-05-02,71.8,39.9,996.3,6.0,9.9
94,New York,40.7146,-74.0071,2023-05-03,72.4,38.3,999.7,4.0,9.9
95,New York,40.7146,-74.0071,2023-05-04,95.6,43.9,1010.9,5.0,9.9
96,New York,40.7146,-74.0071,2023-05-05,56.6,44.8,1022.0,9.0,9.8
97,New York,40.7146,-74.0071,2023-05-06,24.6,43.9,1023.1,10.0,9.9
98,New York,40.7146,-74.0071,2023-05-07,16.7,44.3,1015.6,9.0,9.9
99,New York,40.7146,-74.0071,2023-05-08,26.0,46.8,1008.6,9.0,9.9
100,New York,40.7146,-74.0071,2023-05-09,5.8,36.0,1014.6,10.0,9.9
101,New York,40.7146,-74.0071,2023-05-10,0.6,42.7,1020.6,9.0,9.9
102,New York,40.7146,-74.0071,2023-05-11,1.0,42.1,1019.2,9.0,9.9
103,New York,40.7146,-74.0071,2023-05-12,11.7,48.3,1017.6,10.0,9.9
104,New York,40.7146,-74.0071,2023-05-13,4.0,49.6,1016.0,7.0,9.9
105,New York,40.7146,-74.0071,2023-05-14,1.2,36.4,1021.4,10.0,9.9
106,New York,40.7146,-74.0071,2023-05-15,0.8,36.1,1021.9,9.0,9.9
107,New York,40.7146,-74.0071,2023-05-16,1.1,43.0,1007.4,10.0,9.9
108,New York,40.7146,-74.0071,2023-05-17,10.3,35.5,1008.0,10.0,9.9
109,New York,40.7146,-74.0071,2023-05-18,0.4,33.7,1025.8,10.0,9.9
110,New York,40.7146,-74.0071,2023-05-19,9.3,47.3,1027.1,9.0,9.8
111,New York,40.7146,-74.0071,2023-05-20,90.9,58.4,1017.4,2.0,4.4
112,New York,40.7146,-74.0071,2023-05-21,51.9,50.2,1014.1,8.0,9.5
113,New York,40.7146,-74.0071,2023-05-22,0.9,50.3,1021.5,9.0,9.9
114,New York,40.7146,-74.0071,2023-05-23,28.1,47.3,1026.7,9.0,9.9
115,New York,40.7146,-74.0071,2023-05-24,21.2,43.7,1018.4,8.0,9.9
116,New York,40.7146,-74.0071,2023-05-25,13.2,40.0,1020.2,10.0,9.9
117,New York,40.7146,-74.0071,2023-05-26,3.7,39.7,1024.6,10.0,9.9
118,New York,40.7146,-74.0071,2023-05-27,1.0,42.0,1025.9,9.0,9.9
119,New York,40.7146,-74.0071,2023-05-28,1.0,44.0,1020.7,10.0,9.9
120,New York,40.7146,-74.0071,2023-05-29,0.8,49.7,1017.2,9.0,9.9
121,New York,40.7146,-74.0071,2023-05-30,1.5,47.3,1022.9,9.0,9.7
122,New York,40.7146,-74.0071,2023-05-31,1.0,51.3,1022.6,10.0,9.6
123,New York,40.7146,-74.0071,2023-06-01,0.3,56.1,1019.0,9.0,9.7
124,New York,40.7146,-74.0071,2023-06-02,8.1,57.3,1013.1,10.0,9.5
125,New York,40.7146,-74.0071,2023-06-03,82.0,55.2,1015.2,3.0,9.8
126,New York,40.7146,-74.0071,2023-06-04,79.0,45.4,1016.8,7.0,9.9
127,New York,40.7146,-74.0071,2023-06-05,37.6,46.8,1011.9,8.0,9.8
128,New York,40.7146,-74.0071,2023-06-06,10.8,45.5,1005.1,9.0,7.1
129,New York,40.7146,-74.0071,2023-06-07,15.9,43.6,1003.9,6.0,4.2
130,New York,40.7146,-74.0071,2023-06-08,41.8,46.3,1006.1,8.0,6.6
131,New York,40.7146,-74.0071,2023-06-09,65.8,49.3,1007.2,9.0,9.8
132,New York,40.7146,-74.0071,2023-06-10,36.5,51.0,1008.7,10.0,9.7
133,New York,40.7146,-74.0071,2023-06-11,27.3,57.9,1011.2,7.0,9.7
134,New York,40.7146,-74.0071,2023-06-12,57.9,62.7,1007.4,6.0,8.8
135,New York,40.7146,-74.0071,2023-06-13,58.8,55.5,1004.8,9.0,9.4
136,New York,40.7146,-74.0071,2023-06-14,27.4,56.3,1001.7,8.0,9.5
137,New York,40.7146,-74.0071,2023-06-15,40.8,54.2,1003.5,7.0,9.9
138,New York,40.7146,-74.0071,2023-06-16,33.9,56.3,1006.4,8.0,9.5
139,New York,40.7146,-74.0071,2023-06-17,54.0,54.1,1005.2,8.0,9.7
140,New York,40.7146,-74.0071,2023-06-18,33.2,53.2,1010.5,9.0,9.9
141,New York,40.7146,-74.0071,2023-06-19,16.6,58.5,1017.3,9.0,9.9
142,New York,40.7146,-74.0071,2023-06-20,49.8,57.4,1022.4,9.0,9.9
143,New York,40.7146,-74.0071,2023-06-21,54.6,55.1,1024.4,6.0,9.9
144,New York,40.7146,-74.0071,2023-06-22,98.8,56.0,1021.2,3.0,9.5
145,New York,40.7146,-74.0071,2023-06-23,97.0,63.5,1017.1,2.0,9.4
146,New York,40.7146,-74.0071,2023-06-24,72.7,67.9,1011.2,6.0,7.7
147,New York,40.7146,-74.0071,2023-06-25,20.0,67.5,1009.8,10.0,9.8
148,New York,40.7146,-74.0071,2023-06-26,52.3,67.6,1007.9,5.0,9.1
149,New York,40.7146,-74.0071,2023-06-27,54.6,66.4,1006.0,7.0,9.1
150,New York,40.7146,-74.0071,2023-06-28,52.6,63.7,1009.5,8.0,9.4
151,New York,40.7146,-74.0071,2023-06-29,37.5,59.9,1015.9,10.0,8.4
152,New York,40.7146,-74.0071,2023-06-30,8.1,62.2,1017.7,8.0,5.4
153,New York,40.7146,-74.0071,2023-07-01,22.1,61.3,1017.3,8.0,8.9
154,New York,40.7146,-74.0071,2023-07-02,71.6,69.2,1011.6,8.0,9.2
155,New York,40.7146,-74.0071,2023-07-03,36.6,69.6,1010.1,9.0,9.7
156,New York,40.7146,-74.0071,2023-07-04,51.4,70.6,1012.4,8.0,9.2
157,New York,40.7146,-74.0071,2023-07-05,0.5,68.8,1014.9,9.0,7.7
158,New York,40.7146,-74.0071,2023-07-06,4.7,69.7,1013.9,9.0,9.9
159,New York,40.7146,-74.0071,2023-07-07,47.1,71.0,1011.5,9.0,9.9
160,New York,40.7146,-74.0071,2023-07-08,65.2,71.7,1010.9,9.0,9.5
161,New York,40.7146,-74.0071,2023-07-09,84.8,71.7,1009.9,5.0,9.4
162,New York,40.7146,-74.0071,2023-07-10,53.9,67.1,1008.1,9.0,9.9
163,New York,40.7146,-74.0071,2023-07-11,2.7,60.5,1012.0,10.0,9.9
164,New York,40.7146,-74.0071,2023-07-12,3.5,63.4,1013.2,10.0,9.9
165,New York,40.7146,-74.0071,2023-07-13,8.6,69.4,1011.3,10.0,9.8
166,New York,40.7146,-74.0071,2023-07-14,68.6,69.9,1012.0,9.0,9.1
167,New York,40.7146,-74.0071,2023-07-15,41.1,72.5,1013.7,10.0,9.6
168,New York,40.7146,-74.0071,2023-07-16,87.1,75.1,1010.2,4.0,8.7
169,New York,40.7146,-74.0071,2023-07-17,25.0,71.0,1012.8,9.0,9.6
170,New York,40.7146,-74.0071,2023-07-18,18.5,70.4,1014.3,6.0,9.4
171,New York,40.7146,-74.0071,2023-07-19,44.3,67.3,1016.3,6.0,8.6
172,New York,40.7146,-74.0071,2023-07-20,22.9,65.6,1015.0,9.0,8.3
173,New York,40.7146,-74.0071,2023-07-21,48.0,67.1,1008.3,10.0,9.8
174,New York,40.7146,-74.0071,2023-07-22,6.8,59.0,1009.1,10.0,9.9
175,New York,40.7146,-74.0071,2023-07-23,9.3,61.3,1014.2,10.0,9.9
176,New York,40.7146,-74.0071,2023-07-24,3.3,65.0,1019.0,9.0,9.7
177,New York,40.7146,-74.0071,2023-07-25,24.4,66.8,1018.4,9.0,9.4
178,New York,40.7146,-74.0071,2023-07-26,2.0,65.7,1018.7,9.0,9.8
179,New York,40.7146,-74.0071,2023-07-27,39.3,71.5,1014.5,9.0,9.7
180,New York,40.7146,-74.0071,2023-07-28,24.0,70.5,1014.9,10.0,9.8
181,New York,40.7146,-74.0071,2023-07-29,33.2,70.0,1009.1,8.0,9.6
182,New York,40.7146,-74.0071,2023-07-30,27.3,56.1,1013.1,10.0,9.9
183,New York,40.7146,-74.0071,2023-07-31,23.7,55.8,1015.0,10.0,9.9
184,Los Angeles,34.0536,-118.245,2023-05-01,88.6,51.7,1010.8,7.0,8.7
185,Los Angeles,34.0536,-118.245,2023-05-02,46.0,45.3,1012.9,10.0,9.9
186,Los Angeles,34.0536,-118.245,2023-05-03,34.8,44.1,1012.5,7.0,9.9
187,Los Angeles,34.0536,-118.245,2023-05-04,80.9,48.9,1013.3,7.0,9.2
188,Los Angeles,34.0536,-118.245,2023-05-05,61.2,47.2,1017.5,7.0,9.9
189,Los Angeles,34.0536,-118.245,2023-05-06,6.6,47.1,1018.6,10.0,9.9
190,Los Angeles,34.0536,-118.245,2023-05-07,5.4,49.3,1018.3,7.0,9.9
191,Los Angeles,34.0536,-118.245,2023-05-08,26.1,52.6,1016.7,7.0,9.7
192,Los Angeles,34.0536,-118.245,2023-05-09,69.4,51.9,1015.4,4.0,9.7
193,Los Angeles,34.0536,-118.245,2023-05-10,54.7,49.6,1016.2,8.0,9.9
194,Los Angeles,34.0536,-118.245,2023-05-11,42.9,51.4,1015.7,8.0,9.9
195,Los Angeles,34.0536,-118.245,2023-05-12,18.4,53.4,1014.2,7.0,9.5
196,Los Angeles,34.0536,-118.245,2023-05-13,52.0,55.8,1011.5,7.0,7.5
197,Los Angeles,34.0536,-118.245,2023-05-14,70.2,56.8,1013.4,9.0,8.1
198,Los Angeles,34.0536,-118.245,2023-05-15,86.4,56.9,1017.5,6.0,7.2
199,Los Angeles,34.0536,-118.245,2023-05-16,66.1,56.1,1016.0,9.0,8.4
200,Los Angeles,34.0536,-118.245,2023-05-17,73.4,55.6,1012.8,9.0,7.4
201,Los Angeles,34.0536,-118.245,2023-05-18,71.8,55.9,1012.5,6.0,7.8
202,Los Angeles,34.0536,-118.245,2023-05-19,96.1,56.8,1016.6,6.0,7.7
203,Los Angeles,34.0536,-118.245,2023-05-20,78.7,57.5,1017.8,7.0,7.9
204,Los Angeles,34.0536,-118.245,2023-05-21,68.5,57.5,1015.7,7.0,8.0
205,Los Angeles,34.0536,-118.245,2023-05-22,97.8,57.8,1013.7,6.0,7.7
206,Los Angeles,34.0536,-118.245,2023-05-23,100.0,57.0,1013.8,2.0,8.7
207,Los Angeles,34.0536,-118.245,2023-05-24,99.3,54.2,1013.5,5.0,8.8
208,Los Angeles,34.0536,-118.245,2023-05-25,99.1,50.6,1012.3,4.0,9.9
209,Los Angeles,34.0536,-118.245,2023-05-26,90.6,50.8,1014.0,3.0,9.9
210,Los Angeles,34.0536,-118.245,2023-05-27,67.5,52.8,1014.5,9.0,9.9
211,Los Angeles,34.0536,-118.245,2023-05-28,92.5,54.7,1013.9,3.0,9.9
212,Los Angeles,34.0536,-118.245,2023-05-29,92.6,55.5,1014.8,5.0,9.9
213,Los Angeles,34.0536,-118.245,2023-05-30,94.7,52.3,1014.6,4.0,9.9
214,Los Angeles,34.0536,-118.245,2023-05-31,99.4,52.1,1012.8,3.0,9.9
215,Los Angeles,34.0536,-118.245,2023-06-01,100.0,53.8,1013.4,2.0,9.8
216,Los Angeles,34.0536,-118.245,2023-06-02,60.1,53.5,1014.6,7.0,9.9
217,Los Angeles,34.0536,-118.245,2023-06-03,26.1,54.6,1013.4,7.0,9.8
218,Los Angeles,34.0536,-118.245,2023-06-04,83.7,55.6,1012.0,8.0,8.1
219,Los Angeles,34.0536,-118.245,2023-06-05,99.2,53.2,1012.1,3.0,9.4
220,Los Angeles,34.0536,-118.245,2023-06-06,90.1,49.9,1012.5,6.0,9.9
221,Los Angeles,34.0536,-118.245,2023-06-07,73.2,53.2,1014.8,3.0,9.9
222,Los Angeles,34.0536,-118.245,2023-06-08,33.2,54.8,1016.2,6.0,9.8
223,Los Angeles,34.0536,-118.245,2023-06-09,70.5,55.9,1016.1,4.0,9.9
224,Los Angeles,34.0536,-118.245,2023-06-10,89.8,56.3,1012.8,3.0,9.5
225,Los Angeles,34.0536,-118.245,2023-06-11,99.4,55.5,1012.9,3.0,9.8
226,Los Angeles,34.0536,-118.245,2023-06-12,86.7,54.6,1016.4,2.0,9.9
227,Los Angeles,34.0536,-118.245,2023-06-13,70.9,55.5,1016.4,4.0,9.9
228,Los Angeles,34.0536,-118.245,2023-06-14,82.3,56.3,1014.0,2.0,9.7
229,Los Angeles,34.0536,-118.245,2023-06-15,99.8,56.8,1013.2,2.0,9.8
230,Los Angeles,34.0536,-118.245,2023-06-16,64.6,58.1,1014.5,6.0,9.9
231,Los Angeles,34.0536,-118.245,2023-06-17,55.7,59.3,1014.3,7.0,9.1
232,Los Angeles,34.0536,-118.245,2023-06-18,78.4,58.0,1012.9,7.0,9.0
233,Los Angeles,34.0536,-118.245,2023-06-19,74.2,56.5,1013.8,5.0,9.8
234,Los Angeles,34.0536,-118.245,2023-06-20,19.8,55.5,1015.3,7.0,9.9
235,Los Angeles,34.0536,-118.245,2023-06-21,1.8,54.9,1014.3,7.0,9.9
236,Los Angeles,34.0536,-118.245,2023-06-22,32.9,53.8,1014.4,7.0,9.8
237,Los Angeles,34.0536,-118.245,2023-06-23,33.9,51.5,1016.3,7.0,9.9
238,Los Angeles,34.0536,-118.245,2023-06-24,7.7,54.4,1016.4,7.0,9.9
239,Los Angeles,34.0536,-118.245,2023-06-25,27.9,54.6,1016.7,7.0,9.8
240,Los Angeles,34.0536,-118.245,2023-06-26,1.9,55.6,1013.7,7.0,9.9
241,Los Angeles,34.0536,-118.245,2023-06-27,9.9,55.8,1011.5,7.0,9.6
242,Los Angeles,34.0536,-118.245,2023-06-28,47.0,56.0,1012.1,7.0,9.9
243,Los Angeles,34.0536,-118.245,2023-06-29,36.0,56.7,1012.5,7.0,9.1
244,Los Angeles,34.0536,-118.245,2023-06-30,30.4,58.3,1012.0,8.0,7.0
245,Los Angeles,34.0536,-118.245,2023-07-01,43.2,59.7,1012.3,7.0,6.2
246,Los Angeles,34.0536,-118.245,2023-07-02,38.2,59.9,1012.4,7.0,7.0
247,Los Angeles,34.0536,-118.245,2023-07-03,52.3,59.0,1012.1,7.0,6.6
248,Los Angeles,34.0536,-118.245,2023-07-04,45.6,56.9,1013.2,7.0,7.2
249,Los Angeles,34.0536,-118.245,2023-07-05,46.6,56.1,1013.9,7.0,7.8
250,Los Angeles,34.0536,-118.245,2023-07-06,30.1,56.6,1012.9,8.0,8.1
251,Los Angeles,34.0536,-118.245,2023-07-07,41.6,56.1,1011.0,7.0,9.5
252,Los Angeles,34.0536,-118.245,2023-07-08,27.1,57.2,1010.5,8.0,9.7
253,Los Angeles,34.0536,-118.245,2023-07-09,38.3,57.6,1012.3,7.0,9.2
254,Los Angeles,34.0536,-118.245,2023-07-10,2.1,57.6,1012.7,7.0,9.8
255,Los Angeles,34.0536,-118.245,2023-07-11,9.9,57.8,1014.3,7.0,9.0
256,Los Angeles,34.0536,-118.245,2023-07-12,3.6,53.1,1014.6,7.0,9.5
257,Los Angeles,34.0536,-118.245,2023-07-13,6.2,55.5,1013.5,7.0,9.9
258,Los Angeles,34.0536,-118.245,2023-07-14,2.0,57.1,1011.2,7.0,9.9
259,Los Angeles,34.0536,-118.245,2023-07-15,4.7,61.1,1010.8,7.0,9.4
260,Los Angeles,34.0536,-118.245,2023-07-16,2.5,63.0,1012.0,7.0,9.1
261,Los Angeles,34.0536,-118.245,2023-07-17,8.7,63.9,1012.7,7.0,9.1
262,Los Angeles,34.0536,-118.245,2023-07-18,2.5,62.7,1013.7,8.0,9.6
263,Los Angeles,34.0536,-118.245,2023-07-19,2.0,60.5,1014.6,8.0,9.8
264,Los Angeles,34.0536,-118.245,2023-07-20,4.7,61.2,1013.9,7.0,9.8
265,Los Angeles,34.0536,-118.245,2023-07-21,8.3,62.2,1012.4,8.0,9.1
266,Los Angeles,34.0536,-118.245,2023-07-22,22.3,62.3,1010.8,7.0,7.3
267,Los Angeles,34.0536,-118.245,2023-07-23,30.2,63.5,1012.8,7.0,8.6
268,Los Angeles,34.0536,-118.245,2023-07-24,6.4,64.3,1014.6,8.0,9.0
269,Los Angeles,34.0536,-118.245,2023-07-25,9.2,63.7,1013.9,7.0,8.9
270,Los Angeles,34.0536,-118.245,2023-07-26,5.4,62.3,1012.8,7.0,9.4
271,Los Angeles,34.0536,-118.245,2023-07-27,3.5,62.6,1012.2,7.0,9.8
272,Los Angeles,34.0536,-118.245,2023-07-28,6.5,65.2,1012.7,7.0,9.0
273,Los Angeles,34.0536,-118.245,2023-07-29,3.9,65.0,1013.2,7.0,8.2
274,Los Angeles,34.0536,-118.245,2023-07-30,8.9,65.7,1012.1,7.0,8.4
275,Los Angeles,34.0536,-118.245,2023-07-31,9.2,65.8,1013.0,5.0,8.9
276,Atlanta,33.7483,-84.3911,2023-05-01,11.6,35.3,1006.6,5.0,9.9
277,Atlanta,33.7483,-84.3911,2023-05-02,9.4,34.3,1007.8,5.0,9.9
278,Atlanta,33.7483,-84.3911,2023-05-03,1.8,33.4,1010.0,5.0,9.9
279,Atlanta,33.7483,-84.3911,2023-05-04,21.0,40.6,1015.3,5.0,9.9
280,Atlanta,33.7483,-84.3911,2023-05-05,80.3,50.3,1019.6,5.0,9.8
281,Atlanta,33.7483,-84.3911,2023-05-06,94.3,56.5,1022.5,5.0,9.9
282,Atlanta,33.7483,-84.3911,2023-05-07,39.8,60.9,1020.2,5.0,9.8
283,Atlanta,33.7483,-84.3911,2023-05-08,63.9,64.4,1016.1,5.0,9.7
284,Atlanta,33.7483,-84.3911,2023-05-09,54.7,67.1,1015.5,5.0,8.6
285,Atlanta,33.7483,-84.3911,2023-05-10,31.3,61.0,1017.4,5.0,9.6
286,Atlanta,33.7483,-84.3911,2023-05-11,58.9,61.8,1019.4,5.0,9.7
287,Atlanta,33.7483,-84.3911,2023-05-12,70.3,64.6,1020.1,5.0,9.3
288,Atlanta,33.7483,-84.3911,2023-05-13,61.7,65.2,1019.4,5.0,6.9
289,Atlanta,33.7483,-84.3911,2023-05-14,36.9,65.6,1019.2,5.0,9.7
290,Atlanta,33.7483,-84.3911,2023-05-15,53.1,66.5,1020.5,5.0,9.7
291,Atlanta,33.7483,-84.3911,2023-05-16,72.6,67.4,1014.3,5.0,8.8
292,Atlanta,33.7483,-84.3911,2023-05-17,74.5,65.5,1009.9,5.0,9.4
293,Atlanta,33.7483,-84.3911,2023-05-18,93.8,63.2,1014.9,5.0,8.3
294,Atlanta,33.7483,-84.3911,2023-05-19,89.7,58.5,1019.5,5.0,9.9
295,Atlanta,33.7483,-84.3911,2023-05-20,93.6,63.7,1017.1,5.0,9.5
296,Atlanta,33.7483,-84.3911,2023-05-21,78.3,64.5,1015.2,5.0,9.7
297,Atlanta,33.7483,-84.3911,2023-05-22,91.3,61.6,1016.9,5.0,8.8
298,Atlanta,33.7483,-84.3911,2023-05-23,96.2,56.6,1018.1,5.0,9.3
299,Atlanta,33.7483,-84.3911,2023-05-24,65.0,52.3,1015.9,5.0,9.9
300,Atlanta,33.7483,-84.3911,2023-05-25,29.0,50.0,1014.1,5.0,9.8
301,Atlanta,33.7483,-84.3911,2023-05-26,28.0,52.3,1017.3,5.0,9.9
302,Atlanta,33.7483,-84.3911,2023-05-27,23.8,43.6,1018.8,5.0,9.9
303,Atlanta,33.7483,-84.3911,2023-05-28,38.9,51.9,1015.4,5.0,9.9
304,Atlanta,33.7483,-84.3911,2023-05-29,51.8,54.5,1012.8,5.0,9.9
305,Atlanta,33.7483,-84.3911,2023-05-30,45.4,58.3,1013.7,5.0,9.9
306,Atlanta,33.7483,-84.3911,2023-05-31,73.1,61.9,1016.7,5.0,9.9
307,Atlanta,33.7483,-84.3911,2023-06-01,48.5,61.2,1016.2,5.0,9.9
308,Atlanta,33.7483,-84.3911,2023-06-02,29.6,59.5,1012.6,5.0,9.9
309,Atlanta,33.7483,-84.3911,2023-06-03,24.2,54.9,1009.6,5.0,9.9
310,Atlanta,33.7483,-84.3911,2023-06-04,47.8,61.5,1011.5,5.0,9.5
311,Atlanta,33.7483,-84.3911,2023-06-05,43.1,63.5,1014.1,5.0,8.8
312,Atlanta,33.7483,-84.3911,2023-06-06,31.8,64.1,1012.0,5.0,9.6
313,Atlanta,33.7483,-84.3911,2023-06-07,27.0,61.6,1007.9,5.0,9.3
314,Atlanta,33.7483,-84.3911,2023-06-08,42.6,56.8,1006.9,5.0,9.5
315,Atlanta,33.7483,-84.3911,2023-06-09,23.1,48.3,1010.3,5.0,9.6
316,Atlanta,33.7483,-84.3911,2023-06-10,29.6,52.8,1011.9,5.0,9.2
317,Atlanta,33.7483,-84.3911,2023-06-11,69.1,63.3,1009.8,5.0,8.9
318,Atlanta,33.7483,-84.3911,2023-06-12,70.0,64.7,1009.2,5.0,9.8
319,Atlanta,33.7483,-84.3911,2023-06-13,38.6,57.7,1011.7,5.0,9.9
320,Atlanta,33.7483,-84.3911,2023-06-14,72.0,66.5,1009.5,5.0,9.2
321,Atlanta,33.7483,-84.3911,2023-06-15,75.4,66.2,1008.8,5.0,9.8
322,Atlanta,33.7483,-84.3911,2023-06-16,61.7,65.8,1009.8,8.0,9.7
323,Atlanta,33.7483,-84.3911,2023-06-17,26.2,63.2,1011.0,5.0,9.8
324,Atlanta,33.7483,-84.3911,2023-06-18,28.1,64.0,1011.3,5.0,8.4
325,Atlanta,33.7483,-84.3911,2023-06-19,78.1,69.3,1009.9,5.0,9.1
326,Atlanta,33.7483,-84.3911,2023-06-20,85.2,67.9,1008.9,5.0,9.3
327,Atlanta,33.7483,-84.3911,2023-06-21,99.6,66.6,1009.8,5.0,8.2
328,Atlanta,33.7483,-84.3911,2023-06-22,84.9,65.3,1011.0,5.0,8.0
329,Atlanta,33.7483,-84.3911,2023-06-23,63.0,65.8,1013.3,5.0,9.1
330,Atlanta,33.7483,-84.3911,2023-06-24,27.7,63.0,1014.6,5.0,9.9
331,Atlanta,33.7483,-84.3911,2023-06-25,40.7,65.5,1014.2,5.0,9.1
332,Atlanta,33.7483,-84.3911,2023-06-26,47.9,68.3,1010.7,5.0,9.3
333,Atlanta,33.7483,-84.3911,2023-06-27,12.1,63.4,1010.9,5.0,9.9
334,Atlanta,33.7483,-84.3911,2023-06-28,9.2,63.4,1013.7,5.0,9.7
335,Atlanta,33.7483,-84.3911,2023-06-29,17.7,66.1,1015.8,5.0,6.1
336,Atlanta,33.7483,-84.3911,2023-06-30,29.4,69.0,1016.6,5.0,6.5
337,Atlanta,33.7483,-84.3911,2023-07-01,37.5,70.0,1015.7,5.0,9.6
338,Atlanta,33.7483,-84.3911,2023-07-02,44.0,69.8,1014.6,5.0,9.7
339,Atlanta,33.7483,-84.3911,2023-07-03,53.7,70.8,1015.5,5.0,9.5
340,Atlanta,33.7483,-84.3911,2023-07-04,50.5,70.6,1017.0,5.0,9.2
341,Atlanta,33.7483,-84.3911,2023-07-05,41.6,71.4,1016.6,5.0,7.8
342,Atlanta,33.7483,-84.3911,2023-07-06,33.5,71.2,1014.2,5.0,9.8
343,Atlanta,33.7483,-84.3911,2023-07-07,37.6,70.8,1012.2,5.0,9.9
344,Atlanta,33.7483,-84.3911,2023-07-08,34.3,69.9,1011.2,5.0,9.9
345,Atlanta,33.7483,-84.3911,2023-07-09,57.5,69.1,1011.5,5.0,9.7
346,Atlanta,33.7483,-84.3911,2023-07-10,71.0,68.0,1012.0,5.0,8.9
347,Atlanta,33.7483,-84.3911,2023-07-11,20.1,65.8,1015.1,5.0,9.9
348,Atlanta,33.7483,-84.3911,2023-07-12,34.9,67.9,1015.6,5.0,9.9
349,Atlanta,33.7483,-84.3911,2023-07-13,33.1,71.5,1013.5,5.0,9.9
350,Atlanta,33.7483,-84.3911,2023-07-14,52.2,72.7,1013.1,5.0,9.9
351,Atlanta,33.7483,-84.3911,2023-07-15,44.4,71.9,1012.2,5.0,9.9
352,Atlanta,33.7483,-84.3911,2023-07-16,32.2,69.3,1013.8,5.0,9.7
353,Atlanta,33.7483,-84.3911,2023-07-17,24.6,65.3,1015.8,5.0,5.9
354,Atlanta,33.7483,-84.3911,2023-07-18,18.1,67.9,1017.4,5.0,5.3
355,Atlanta,33.7483,-84.3911,2023-07-19,36.4,67.8,1018.7,5.0,9.9
356,Atlanta,33.7483,-84.3911,2023-07-20,37.1,71.7,1017.6,5.0,9.4
357,Atlanta,33.7483,-84.3911,2023-07-21,58.5,71.0,1013.9,5.0,9.7
358,Atlanta,33.7483,-84.3911,2023-07-22,71.3,69.1,1012.2,5.0,9.7
359,Atlanta,33.7483,-84.3911,2023-07-23,38.4,66.6,1013.5,5.0,9.9
360,Atlanta,33.7483,-84.3911,2023-07-24,12.9,64.3,1017.8,5.0,9.9
361,Atlanta,33.7483,-84.3911,2023-07-25,15.1,64.7,1019.8,5.0,9.8
362,Atlanta,33.7483,-84.3911,2023-07-26,19.4,68.7,1018.9,5.0,9.7
363,Atlanta,33.7483,-84.3911,2023-07-27,13.8,68.3,1018.3,5.0,9.6
364,Atlanta,33.7483,-84.3911,2023-07-28,35.2,70.6,1018.9,5.0,9.6
365,Atlanta,33.7483,-84.3911,2023-07-29,38.1,71.7,1017.7,5.0,9.6
366,Atlanta,33.7483,-84.3911,2023-07-30,31.0,69.0,1015.5,5.0,9.9
367,Atlanta,33.7483,-84.3911,2023-07-31,18.0,66.6,1015.4,5.0,9.9
368,Miami,25.7748,-80.1977,2023-05-01,19.5,61.3,1012.6,9.0,9.9
369,Miami,25.7748,-80.1977,2023-05-02,34.5,63.8,1013.1,9.0,9.9
370,Miami,25.7748,-80.1977,2023-05-03,48.4,64.7,1012.2,9.0,9.9
371,Miami,25.7748,-80.1977,2023-05-04,24.2,58.2,1014.5,9.0,9.9
372,Miami,25.7748,-80.1977,2023-05-05,35.5,63.9,1017.0,9.0,9.9
373,Miami,25.7748,-80.1977,2023-05-06,48.6,66.9,1018.3,9.0,9.7
374,Miami,25.7748,-80.1977,2023-05-07,68.0,67.4,1019.0,7.0,9.8
375,Miami,25.7748,-80.1977,2023-05-08,32.5,63.8,1017.7,8.0,9.9
376,Miami,25.7748,-80.1977,2023-05-09,39.2,67.1,1017.0,9.0,9.9
377,Miami,25.7748,-80.1977,2023-05-10,19.9,67.0,1016.5,8.0,9.9
378,Miami,25.7748,-80.1977,2023-05-11,34.1,67.5,1017.2,8.0,9.9
379,Miami,25.7748,-80.1977,2023-05-12,50.0,68.3,1018.0,9.0,9.9
380,Miami,25.7748,-80.1977,2023-05-13,54.4,66.2,1017.9,9.0,9.9
381,Miami,25.7748,-80.1977,2023-05-14,64.6,67.9,1017.9,6.0,9.9
382,Miami,25.7748,-80.1977,2023-05-15,71.6,70.7,1018.1,9.0,9.8
383,Miami,25.7748,-80.1977,2023-05-16,35.8,67.6,1015.4,9.0,9.9
384,Miami,25.7748,-80.1977,2023-05-17,47.6,70.7,1012.3,7.0,9.6
385,Miami,25.7748,-80.1977,2023-05-18,28.5,69.6,1013.7,9.0,9.9
386,Miami,25.7748,-80.1977,2023-05-19,50.1,72.8,1015.6,8.0,9.8
387,Miami,25.7748,-80.1977,2023-05-20,50.8,72.4,1015.2,8.0,9.9
388,Miami,25.7748,-80.1977,2023-05-21,51.4,71.8,1013.7,9.0,9.9
389,Miami,25.7748,-80.1977,2023-05-22,64.0,72.0,1012.7,9.0,9.8
390,Miami,25.7748,-80.1977,2023-05-23,69.3,72.9,1012.0,6.0,9.5
391,Miami,25.7748,-80.1977,2023-05-24,54.4,70.7,1009.7,8.0,9.7
392,Miami,25.7748,-80.1977,2023-05-25,55.4,69.8,1007.8,8.0,9.4
393,Miami,25.7748,-80.1977,2023-05-26,62.5,70.6,1009.0,5.0,9.7
394,Miami,25.7748,-80.1977,2023-05-27,48.8,70.3,1011.9,7.0,9.9
395,Miami,25.7748,-80.1977,2023-05-28,33.9,69.2,1013.3,8.0,9.9
396,Miami,25.7748,-80.1977,2023-05-29,46.3,68.7,1012.4,8.0,9.9
397,Miami,25.7748,-80.1977,2023-05-30,74.5,71.3,1011.9,9.0,9.7
398,Miami,25.7748,-80.1977,2023-05-31,67.6,72.9,1011.8,7.0,9.8
399,Miami,25.7748,-80.1977,2023-06-01,64.1,72.1,1010.7,6.0,9.9
400,Miami,25.7748,-80.1977,2023-06-02,63.2,71.2,1008.0,6.0,9.7
401,Miami,25.7748,-80.1977,2023-06-03,51.8,72.9,1005.6,7.0,9.6
402,Miami,25.7748,-80.1977,2023-06-04,68.0,72.0,1005.2,8.0,9.7
403,Miami,25.7748,-80.1977,2023-06-05,57.7,71.8,1010.0,7.0,9.6
404,Miami,25.7748,-80.1977,2023-06-06,78.7,71.5,1013.3,6.0,9.8
405,Miami,25.7748,-80.1977,2023-06-07,53.9,72.6,1011.2,8.0,9.7
406,Miami,25.7748,-80.1977,2023-06-08,56.1,73.4,1010.5,9.0,9.5
407,Miami,25.7748,-80.1977,2023-06-09,56.4,72.0,1010.5,8.0,9.9
408,Miami,25.7748,-80.1977,2023-06-10,35.3,72.5,1011.9,7.0,9.7
409,Miami,25.7748,-80.1977,2023-06-11,43.2,74.1,1013.4,9.0,9.8
410,Miami,25.7748,-80.1977,2023-06-12,60.0,74.8,1014.1,8.0,9.5
411,Miami,25.7748,-80.1977,2023-06-13,63.0,74.9,1015.0,9.0,9.9
412,Miami,25.7748,-80.1977,2023-06-14,51.7,75.6,1014.9,9.0,9.9
413,Miami,25.7748,-80.1977,2023-06-15,31.0,75.5,1015.0,10.0,9.9
414,Miami,25.7748,-80.1977,2023-06-16,52.5,74.5,1015.4,5.0,9.9
415,Miami,25.7748,-80.1977,2023-06-17,60.1,73.8,1015.4,6.0,9.7
416,Miami,25.7748,-80.1977,2023-06-18,59.0,73.8,1014.6,7.0,9.9
417,Miami,25.7748,-80.1977,2023-06-19,59.2,73.4,1015.3,10.0,9.3
418,Miami,25.7748,-80.1977,2023-06-20,51.7,73.2,1014.9,10.0,9.5
419,Miami,25.7748,-80.1977,2023-06-21,61.0,72.8,1014.2,9.0,9.9
420,Miami,25.7748,-80.1977,2023-06-22,59.0,75.5,1015.7,5.0,9.8
421,Miami,25.7748,-80.1977,2023-06-23,60.5,77.6,1017.0,7.0,9.9
422,Miami,25.7748,-80.1977,2023-06-24,62.6,76.8,1016.8,9.0,9.6
423,Miami,25.7748,-80.1977,2023-06-25,65.0,75.5,1015.7,6.0,9.8
424,Miami,25.7748,-80.1977,2023-06-26,48.0,75.7,1014.8,9.0,9.6
425,Miami,25.7748,-80.1977,2023-06-27,33.9,75.6,1014.4,9.0,9.9
426,Miami,25.7748,-80.1977,2023-06-28,45.9,75.1,1014.1,7.0,9.9
427,Miami,25.7748,-80.1977,2023-06-29,73.0,74.4,1014.0,5.0,9.7
428,Miami,25.7748,-80.1977,2023-06-30,56.0,74.5,1014.6,6.0,9.9
429,Miami,25.7748,-80.1977,2023-07-01,58.2,75.6,1014.8,8.0,9.7
430,Miami,25.7748,-80.1977,2023-07-02,63.4,76.1,1015.3,9.0,9.5
431,Miami,25.7748,-80.1977,2023-07-03,54.8,77.0,1016.4,9.0,9.9
432,Miami,25.7748,-80.1977,2023-07-04,51.9,76.6,1017.5,9.0,9.8
433,Miami,25.7748,-80.1977,2023-07-05,49.4,76.6,1017.5,9.0,9.9
434,Miami,25.7748,-80.1977,2023-07-06,59.5,76.0,1016.1,8.0,9.9
435,Miami,25.7748,-80.1977,2023-07-07,57.5,74.7,1015.3,9.0,9.8
436,Miami,25.7748,-80.1977,2023-07-08,56.5,75.1,1015.5,9.0,9.9
437,Miami,25.7748,-80.1977,2023-07-09,59.3,74.7,1016.5,9.0,9.9
438,Miami,25.7748,-80.1977,2023-07-10,42.1,75.6,1017.1,8.0,9.9
439,Miami,25.7748,-80.1977,2023-07-11,42.8,74.9,1017.8,8.0,9.9
440,Miami,25.7748,-80.1977,2023-07-12,46.6,75.8,1017.0,8.0,9.9
441,Miami,25.7748,-80.1977,2023-07-13,48.9,76.3,1015.5,8.0,9.8
442,Miami,25.7748,-80.1977,2023-07-14,52.5,74.7,1015.7,8.0,9.8
443,Miami,25.7748,-80.1977,2023-07-15,54.3,74.6,1016.8,9.0,9.6
444,Miami,25.7748,-80.1977,2023-07-16,56.0,75.3,1017.4,9.0,9.9
445,Miami,25.7748,-80.1977,2023-07-17,69.2,75.4,1018.0,9.0,9.7
446,Miami,25.7748,-80.1977,2023-07-18,61.3,76.0,1018.9,8.0,9.9
447,Miami,25.7748,-80.1977,2023-07-19,56.4,75.7,1019.9,10.0,9.8
448,Miami,25.7748,-80.1977,2023-07-20,53.5,76.2,1018.9,8.0,9.8
449,Miami,25.7748,-80.1977,2023-07-21,48.8,75.3,1016.4,9.0,9.9
450,Miami,25.7748,-80.1977,2023-07-22,42.8,74.9,1015.1,9.0,9.9
451,Miami,25.7748,-80.1977,2023-07-23,24.5,74.4,1017.0,8.0,9.9
452,Miami,25.7748,-80.1977,2023-07-24,40.7,73.8,1020.0,9.0,9.9
453,Miami,25.7748,-80.1977,2023-07-25,42.2,73.9,1019.9,7.0,9.9
454,Miami,25.7748,-80.1977,2023-07-26,70.8,74.9,1018.0,4.0,9.8
455,Miami,25.7748,-80.1977,2023-07-27,80.7,74.2,1017.1,10.0,9.6
456,Miami,25.7748,-80.1977,2023-07-28,66.9,76.0,1018.4,5.0,9.6
457,Miami,25.7748,-80.1977,2023-07-29,55.7,76.0,1018.7,7.0,9.8
458,Miami,25.7748,-80.1977,2023-07-30,47.3,76.0,1016.9,9.0,9.9
459,Miami,25.7748,-80.1977,2023-07-31,58.1,75.6,1016.3,8.0,9.9
460,Houston,29.7608,-95.3695,2023-05-01,13.6,57.7,1011.0,9.0,8.9
461,Houston,29.7608,-95.3695,2023-05-02,51.7,64.9,1012.1,4.0,7.7
462,Houston,29.7608,-95.3695,2023-05-03,32.5,60.4,1013.2,7.0,8.8
463,Houston,29.7608,-95.3695,2023-05-04,96.5,68.3,1012.4,7.0,7.1
464,Houston,29.7608,-95.3695,2023-05-05,73.9,73.1,1011.7,7.0,4.4
465,Houston,29.7608,-95.3695,2023-05-06,85.7,71.3,1014.0,6.0,5.4
466,Houston,29.7608,-95.3695,2023-05-07,64.6,72.8,1014.8,3.0,3.8
467,Houston,29.7608,-95.3695,2023-05-08,83.8,71.0,1013.4,3.0,4.7
468,Houston,29.7608,-95.3695,2023-05-09,67.6,69.3,1013.0,5.0,5.2
469,Houston,29.7608,-95.3695,2023-05-10,93.4,68.1,1011.5,2.0,6.8
470,Houston,29.7608,-95.3695,2023-05-11,81.7,72.7,1010.1,7.0,7.2
471,Houston,29.7608,-95.3695,2023-05-12,86.5,73.8,1012.6,8.0,6.7
472,Houston,29.7608,-95.3695,2023-05-13,84.3,71.9,1014.4,3.0,7.5
473,Houston,29.7608,-95.3695,2023-05-14,76.3,70.8,1017.2,8.0,7.1
474,Houston,29.7608,-95.3695,2023-05-15,67.8,71.0,1019.6,7.0,8.8
475,Houston,29.7608,-95.3695,2023-05-16,52.2,67.4,1015.9,10.0,9.7
476,Houston,29.7608,-95.3695,2023-05-17,59.6,64.0,1011.6,8.0,9.9
477,Houston,29.7608,-95.3695,2023-05-18,41.7,64.6,1012.5,9.0,9.9
478,Houston,29.7608,-95.3695,2023-05-19,42.5,67.9,1015.0,10.0,9.9
479,Houston,29.7608,-95.3695,2023-05-20,51.2,67.6,1017.3,9.0,9.8
480,Houston,29.7608,-95.3695,2023-05-21,85.6,65.0,1017.1,1.0,9.6
481,Houston,29.7608,-95.3695,2023-05-22,85.5,62.9,1014.7,3.0,9.2
482,Houston,29.7608,-95.3695,2023-05-23,69.6,66.1,1013.4,3.0,8.7
483,Houston,29.7608,-95.3695,2023-05-24,54.8,63.7,1012.6,8.0,9.5
484,Houston,29.7608,-95.3695,2023-05-25,42.0,63.6,1012.6,10.0,9.7
485,Houston,29.7608,-95.3695,2023-05-26,34.3,59.9,1014.4,9.0,9.4
486,Houston,29.7608,-95.3695,2023-05-27,65.5,63.3,1015.6,6.0,9.3
487,Houston,29.7608,-95.3695,2023-05-28,50.9,63.5,1014.6,9.0,9.8
488,Houston,29.7608,-95.3695,2023-05-29,67.3,66.8,1013.1,5.0,9.6
489,Houston,29.7608,-95.3695,2023-05-30,49.3,65.1,1012.1,7.0,9.8
490,Houston,29.7608,-95.3695,2023-05-31,54.7,66.7,1012.1,8.0,9.8
491,Houston,29.7608,-95.3695,2023-06-01,45.7,66.0,1011.9,9.0,9.9
492,Houston,29.7608,-95.3695,2023-06-02,45.1,67.0,1011.8,8.0,9.6
493,Houston,29.7608,-95.3695,2023-06-03,51.4,65.8,1009.7,9.0,9.9
494,Houston,29.7608,-95.3695,2023-06-04,52.4,64.4,1010.4,7.0,9.2
495,Houston,29.7608,-95.3695,2023-06-05,44.3,66.1,1011.6,10.0,9.8
496,Houston,29.7608,-95.3695,2023-06-06,50.8,67.8,1012.2,9.0,8.8
497,Houston,29.7608,-95.3695,2023-06-07,54.0,66.9,1010.5,9.0,9.7
498,Houston,29.7608,-95.3695,2023-06-08,47.0,67.8,1009.9,9.0,9.5
499,Houston,29.7608,-95.3695,2023-06-09,28.3,68.3,1010.3,9.0,9.9
500,Houston,29.7608,-95.3695,2023-06-10,48.8,71.5,1009.4,6.0,9.9
501,Houston,29.7608,-95.3695,2023-06-11,36.4,70.4,1009.5,9.0,9.9
502,Houston,29.7608,-95.3695,2023-06-12,40.9,74.0,1010.5,9.0,9.9
503,Houston,29.7608,-95.3695,2023-06-13,56.0,73.3,1009.7,9.0,9.9
504,Houston,29.7608,-95.3695,2023-06-14,71.7,74.8,1007.2,9.0,8.7
505,Houston,29.7608,-95.3695,2023-06-15,51.0,76.3,1007.6,9.0,8.2
506,Houston,29.7608,-95.3695,2023-06-16,59.4,76.8,1009.9,8.0,8.6
507,Houston,29.7608,-95.3695,2023-06-17,53.2,76.8,1010.5,8.0,9.2
508,Houston,29.7608,-95.3695,2023-06-18,53.7,76.1,1008.3,9.0,9.4
509,Houston,29.7608,-95.3695,2023-06-19,30.8,76.5,1009.2,9.0,8.9
510,Houston,29.7608,-95.3695,2023-06-20,46.3,76.0,1008.8,9.0,8.4
511,Houston,29.7608,-95.3695,2023-06-21,48.5,75.8,1008.3,8.0,8.7
512,Houston,29.7608,-95.3695,2023-06-22,24.3,73.1,1009.3,9.0,9.9
513,Houston,29.7608,-95.3695,2023-06-23,69.0,76.3,1012.7,9.0,8.9
514,Houston,29.7608,-95.3695,2023-06-24,46.7,75.9,1013.7,9.0,9.8
515,Houston,29.7608,-95.3695,2023-06-25,45.3,76.4,1013.3,9.0,9.8
516,Houston,29.7608,-95.3695,2023-06-26,44.5,75.1,1013.0,8.0,9.7
517,Houston,29.7608,-95.3695,2023-06-27,41.7,75.1,1012.5,9.0,9.7
518,Houston,29.7608,-95.3695,2023-06-28,32.0,74.3,1013.2,9.0,9.9
519,Houston,29.7608,-95.3695,2023-06-29,18.9,74.0,1014.1,9.0,9.9
520,Houston,29.7608,-95.3695,2023-06-30,20.0,74.2,1014.4,9.0,9.9
521,Houston,29.7608,-95.3695,2023-07-01,18.4,73.4,1014.2,8.0,9.9
522,Houston,29.7608,-95.3695,2023-07-02,52.7,74.4,1013.1,6.0,9.8
523,Houston,29.7608,-95.3695,2023-07-03,43.4,73.1,1013.2,8.0,9.9
524,Houston,29.7608,-95.3695,2023-07-04,36.8,74.7,1015.1,7.0,9.9
525,Houston,29.7608,-95.3695,2023-07-05,38.0,74.5,1016.1,9.0,9.8
526,Houston,29.7608,-95.3695,2023-07-06,34.4,73.9,1016.0,1.0,8.9
527,Houston,29.7608,-95.3695,2023-07-07,53.5,74.2,1014.3,8.0,9.4
528,Houston,29.7608,-95.3695,2023-07-08,29.4,75.7,1013.2,9.0,9.8
529,Houston,29.7608,-95.3695,2023-07-09,54.8,76.4,1012.4,9.0,9.8
530,Houston,29.7608,-95.3695,2023-07-10,55.8,75.9,1013.4,9.0,9.3
531,Houston,29.7608,-95.3695,2023-07-11,56.0,76.4,1014.0,10.0,9.6
532,Houston,29.7608,-95.3695,2023-07-12,54.9,76.5,1013.1,10.0,9.4
533,Houston,29.7608,-95.3695,2023-07-13,48.8,75.7,1012.3,9.0,9.6
534,Houston,29.7608,-95.3695,2023-07-14,43.1,75.7,1012.8,10.0,9.4
535,Houston,29.7608,-95.3695,2023-07-15,28.8,74.8,1014.0,9.0,9.3
536,Houston,29.7608,-95.3695,2023-07-16,26.0,74.6,1015.6,9.0,8.6
537,Houston,29.7608,-95.3695,2023-07-17,17.6,73.8,1016.1,9.0,9.3
538,Houston,29.7608,-95.3695,2023-07-18,28.4,74.8,1016.4,9.0,9.6
539,Houston,29.7608,-95.3695,2023-07-19,23.7,74.5,1017.5,9.0,9.5
540,Houston,29.7608,-95.3695,2023-07-20,22.7,73.2,1017.4,9.0,9.8
541,Houston,29.7608,-95.3695,2023-07-21,35.6,74.0,1014.7,9.0,9.9
542,Houston,29.7608,-95.3695,2023-07-22,45.8,73.3,1013.2,9.0,9.9
543,Houston,29.7608,-95.3695,2023-07-23,45.1,71.1,1015.0,9.0,9.9
544,Houston,29.7608,-95.3695,2023-07-24,52.5,73.2,1018.1,10.0,9.9
545,Houston,29.7608,-95.3695,2023-07-25,43.7,73.8,1018.8,10.0,9.9
546,Houston,29.7608,-95.3695,2023-07-26,19.7,72.3,1017.6,9.0,9.3
547,Houston,29.7608,-95.3695,2023-07-27,18.2,72.0,1017.0,8.0,9.3
548,Houston,29.7608,-95.3695,2023-07-28,33.8,70.8,1017.5,9.0,9.6
549,Houston,29.7608,-95.3695,2023-07-29,46.7,71.9,1018.5,10.0,9.7
550,Houston,29.7608,-95.3695,2023-07-30,29.4,72.8,1017.5,9.0,9.9
551,Houston,29.7608,-95.3695,2023-07-31,39.0,72.0,1016.3,9.0,9.9
552,Kansas City,39.1034,-94.5831,2023-05-01,0.0,27.4,1010.8,10.0,9.9
553,Kansas City,39.1034,-94.5831,2023-05-02,0.0,27.0,1013.5,10.0,9.9
554,Kansas City,39.1034,-94.5831,2023-05-03,0.1,30.4,1014.7,10.0,9.9
555,Kansas City,39.1034,-94.5831,2023-05-04,28.3,42.6,1012.6,5.0,9.8
556,Kansas City,39.1034,-94.5831,2023-05-05,82.6,56.5,1010.6,9.0,9.9
557,Kansas City,39.1034,-94.5831,2023-05-06,48.8,61.7,1007.6,10.0,9.3
558,Kansas City,39.1034,-94.5831,2023-05-07,1.4,63.9,1008.1,9.0,9.8
559,Kansas City,39.1034,-94.5831,2023-05-08,31.5,60.2,1009.9,9.0,9.9
560,Kansas City,39.1034,-94.5831,2023-05-09,12.3,57.4,1015.0,8.0,9.9
561,Kansas City,39.1034,-94.5831,2023-05-10,2.6,61.1,1014.1,9.0,9.9
562,Kansas City,39.1034,-94.5831,2023-05-11,67.7,62.9,1011.0,3.0,9.1
563,Kansas City,39.1034,-94.5831,2023-05-12,63.1,67.5,1010.2,6.0,9.9
564,Kansas City,39.1034,-94.5831,2023-05-13,9.0,62.8,1013.8,9.0,9.8
565,Kansas City,39.1034,-94.5831,2023-05-14,37.4,65.2,1019.3,9.0,9.9
566,Kansas City,39.1034,-94.5831,2023-05-15,94.4,60.1,1021.8,2.0,8.0
567,Kansas City,39.1034,-94.5831,2023-05-16,81.3,56.9,1016.4,6.0,8.5
568,Kansas City,39.1034,-94.5831,2023-05-17,29.5,52.5,1012.7,10.0,9.6
569,Kansas City,39.1034,-94.5831,2023-05-18,31.8,57.5,1012.9,10.0,8.7
570,Kansas City,39.1034,-94.5831,2023-05-19,59.1,55.1,1017.7,2.0,8.2
571,Kansas City,39.1034,-94.5831,2023-05-20,0.0,45.2,1023.3,10.0,9.9
572,Kansas City,39.1034,-94.5831,2023-05-21,1.4,50.0,1020.4,10.0,9.8
573,Kansas City,39.1034,-94.5831,2023-05-22,22.1,52.1,1017.2,10.0,9.8
574,Kansas City,39.1034,-94.5831,2023-05-23,3.3,51.6,1016.6,10.0,9.7
575,Kansas City,39.1034,-94.5831,2023-05-24,25.4,57.1,1017.1,9.0,9.9
576,Kansas City,39.1034,-94.5831,2023-05-25,12.9,58.0,1017.6,9.0,9.5
577,Kansas City,39.1034,-94.5831,2023-05-26,0.0,41.5,1021.1,10.0,9.9
578,Kansas City,39.1034,-94.5831,2023-05-27,0.1,41.4,1020.2,10.0,9.9
579,Kansas City,39.1034,-94.5831,2023-05-28,1.5,48.7,1016.6,10.0,9.9
580,Kansas City,39.1034,-94.5831,2023-05-29,27.0,54.9,1013.5,10.0,9.9
581,Kansas City,39.1034,-94.5831,2023-05-30,40.2,62.7,1012.1,10.0,9.9
582,Kansas City,39.1034,-94.5831,2023-05-31,35.1,64.4,1012.1,8.0,9.3
583,Kansas City,39.1034,-94.5831,2023-06-01,15.9,65.2,1013.2,10.0,9.9
584,Kansas City,39.1034,-94.5831,2023-06-02,11.4,64.7,1013.9,9.0,9.9
585,Kansas City,39.1034,-94.5831,2023-06-03,2.4,60.6,1012.8,10.0,9.9
586,Kansas City,39.1034,-94.5831,2023-06-04,8.8,59.2,1013.7,10.0,9.9
587,Kansas City,39.1034,-94.5831,2023-06-05,11.4,61.5,1015.2,10.0,9.9
588,Kansas City,39.1034,-94.5831,2023-06-06,16.8,61.5,1014.0,10.0,9.4
589,Kansas City,39.1034,-94.5831,2023-06-07,5.6,62.9,1009.7,10.0,9.4
590,Kansas City,39.1034,-94.5831,2023-06-08,30.1,61.5,1009.5,9.0,9.3
591,Kansas City,39.1034,-94.5831,2023-06-09,11.4,50.6,1011.0,10.0,9.9
592,Kansas City,39.1034,-94.5831,2023-06-10,78.9,61.3,1006.8,5.0,9.8
593,Kansas City,39.1034,-94.5831,2023-06-11,89.9,62.1,1008.8,4.0,8.9
594,Kansas City,39.1034,-94.5831,2023-06-12,9.3,51.5,1014.2,10.0,9.9
595,Kansas City,39.1034,-94.5831,2023-06-13,0.3,52.2,1010.8,10.0,9.9
596,Kansas City,39.1034,-94.5831,2023-06-14,7.1,55.4,1006.1,10.0,9.9
597,Kansas City,39.1034,-94.5831,2023-06-15,15.2,59.1,1007.3,10.0,9.9
598,Kansas City,39.1034,-94.5831,2023-06-16,10.7,60.5,1010.1,10.0,9.9
599,Kansas City,39.1034,-94.5831,2023-06-17,25.2,64.1,1010.6,10.0,9.9
600,Kansas City,39.1034,-94.5831,2023-06-18,35.9,64.2,1005.5,7.0,9.1
601,Kansas City,39.1034,-94.5831,2023-06-19,0.1,64.0,1009.3,10.0,9.9
602,Kansas City,39.1034,-94.5831,2023-06-20,0.0,62.4,1012.4,10.0,9.9
603,Kansas City,39.1034,-94.5831,2023-06-21,3.5,62.6,1013.2,10.0,9.9
604,Kansas City,39.1034,-94.5831,2023-06-22,3.5,61.5,1014.1,10.0,9.9
605,Kansas City,39.1034,-94.5831,2023-06-23,16.8,62.5,1012.9,9.0,9.9
606,Kansas City,39.1034,-94.5831,2023-06-24,14.6,69.5,1008.3,9.0,9.9
607,Kansas City,39.1034,-94.5831,2023-06-25,0.0,56.5,1010.1,10.0,9.9
608,Kansas City,39.1034,-94.5831,2023-06-26,0.0,54.0,1012.2,10.0,9.7
609,Kansas City,39.1034,-94.5831,2023-06-27,1.4,59.0,1012.7,9.0,9.9
610,Kansas City,39.1034,-94.5831,2023-06-28,5.6,66.2,1007.6,9.0,9.9
611,Kansas City,39.1034,-94.5831,2023-06-29,5.2,71.0,1008.9,10.0,9.9
612,Kansas City,39.1034,-94.5831,2023-06-30,21.4,69.8,1010.8,9.0,9.9
613,Kansas City,39.1034,-94.5831,2023-07-01,37.8,67.6,1010.1,5.0,9.9
614,Kansas City,39.1034,-94.5831,2023-07-02,30.9,64.3,1010.8,10.0,9.9
615,Kansas City,39.1034,-94.5831,2023-07-03,0.3,62.3,1012.9,10.0,9.5
616,Kansas City,39.1034,-94.5831,2023-07-04,3.5,63.6,1012.3,10.0,9.7
617,Kansas City,39.1034,-94.5831,2023-07-05,50.2,66.5,1015.6,10.0,9.4
618,Kansas City,39.1034,-94.5831,2023-07-06,3.7,60.4,1017.8,9.0,9.9
619,Kansas City,39.1034,-94.5831,2023-07-07,40.5,61.6,1013.0,8.0,9.9
620,Kansas City,39.1034,-94.5831,2023-07-08,69.0,62.2,1013.3,7.0,9.9
621,Kansas City,39.1034,-94.5831,2023-07-09,11.8,59.0,1014.4,10.0,9.9
622,Kansas City,39.1034,-94.5831,2023-07-10,0.1,60.0,1013.4,10.0,9.9
623,Kansas City,39.1034,-94.5831,2023-07-11,10.8,68.0,1011.1,10.0,9.9
624,Kansas City,39.1034,-94.5831,2023-07-12,23.5,70.5,1009.0,10.0,9.9
625,Kansas City,39.1034,-94.5831,2023-07-13,16.0,70.9,1009.8,10.0,9.9
626,Kansas City,39.1034,-94.5831,2023-07-14,20.2,70.2,1009.9,9.0,9.6
627,Kansas City,39.1034,-94.5831,2023-07-15,18.5,67.9,1013.1,9.0,8.7
628,Kansas City,39.1034,-94.5831,2023-07-16,20.8,68.9,1014.3,9.0,8.4
629,Kansas City,39.1034,-94.5831,2023-07-17,33.3,72.0,1012.8,9.0,9.5
630,Kansas City,39.1034,-94.5831,2023-07-18,47.6,68.1,1012.3,4.0,8.6
631,Kansas City,39.1034,-94.5831,2023-07-19,48.8,72.9,1013.3,9.0,9.6
632,Kansas City,39.1034,-94.5831,2023-07-20,19.5,69.7,1016.0,9.0,9.9
633,Kansas City,39.1034,-94.5831,2023-07-21,21.9,61.6,1017.3,10.0,9.9
634,Kansas City,39.1034,-94.5831,2023-07-22,12.4,64.0,1015.1,10.0,9.9
635,Kansas City,39.1034,-94.5831,2023-07-23,1.4,67.9,1013.5,9.0,9.9
636,Kansas City,39.1034,-94.5831,2023-07-24,13.8,69.5,1015.1,10.0,9.3
637,Kansas City,39.1034,-94.5831,2023-07-25,0.4,71.3,1012.9,10.0,9.9
638,Kansas City,39.1034,-94.5831,2023-07-26,1.4,71.1,1009.0,9.0,9.9
639,Kansas City,39.1034,-94.5831,2023-07-27,2.4,70.5,1011.7,10.0,9.9
640,Kansas City,39.1034,-94.5831,2023-07-28,0.2,69.4,1012.1,9.0,9.9
641,Kansas City,39.1034,-94.5831,2023-07-29,6.6,67.8,1016.5,9.0,9.9
642,Kansas City,39.1034,-94.5831,2023-07-30,11.2,69.3,1018.3,10.0,9.8
643,Kansas City,39.1034,-94.5831,2023-07-31,39.7,69.6,1017.4,9.0,9.5
644,Minneapolis,44.979,-93.2649,2023-05-01,34.0,25.7,1006.7,9.0,9.9
645,Minneapolis,44.979,-93.2649,2023-05-02,13.1,20.1,1010.2,9.0,9.9
646,Minneapolis,44.979,-93.2649,2023-05-03,9.7,26.6,1013.6,9.0,9.9
647,Minneapolis,44.979,-93.2649,2023-05-04,26.8,32.1,1009.1,9.0,9.9
648,Minneapolis,44.979,-93.2649,2023-05-05,72.1,45.9,1011.3,7.0,9.8
649,Minneapolis,44.979,-93.2649,2023-05-06,99.6,54.7,1011.9,2.0,8.6
650,Minneapolis,44.979,-93.2649,2023-05-07,50.8,53.8,1010.2,9.0,8.9
651,Minneapolis,44.979,-93.2649,2023-05-08,35.9,52.0,1013.0,9.0,9.8
652,Minneapolis,44.979,-93.2649,2023-05-09,74.9,54.8,1018.9,4.0,9.8
653,Minneapolis,44.979,-93.2649,2023-05-10,41.1,53.9,1018.0,7.0,9.4
654,Minneapolis,44.979,-93.2649,2023-05-11,62.8,57.1,1014.9,7.0,9.9
655,Minneapolis,44.979,-93.2649,2023-05-12,82.1,57.4,1015.6,6.0,9.9
656,Minneapolis,44.979,-93.2649,2023-05-13,99.5,52.9,1021.4,2.0,9.5
657,Minneapolis,44.979,-93.2649,2023-05-14,63.7,46.6,1030.1,5.0,9.5
658,Minneapolis,44.979,-93.2649,2023-05-15,16.0,44.3,1027.2,9.0,8.9
659,Minneapolis,44.979,-93.2649,2023-05-16,21.0,48.0,1013.4,7.0,9.9
660,Minneapolis,44.979,-93.2649,2023-05-17,26.0,44.0,1014.4,7.0,9.9
661,Minneapolis,44.979,-93.2649,2023-05-18,54.5,49.9,1011.1,4.0,7.1
662,Minneapolis,44.979,-93.2649,2023-05-19,52.7,38.3,1019.1,7.0,9.8
663,Minneapolis,44.979,-93.2649,2023-05-20,4.3,41.1,1022.9,9.0,9.9
664,Minneapolis,44.979,-93.2649,2023-05-21,7.2,44.2,1018.9,9.0,9.8
665,Minneapolis,44.979,-93.2649,2023-05-22,15.5,47.1,1016.6,8.0,9.9
666,Minneapolis,44.979,-93.2649,2023-05-23,4.1,49.1,1016.9,9.0,9.7
667,Minneapolis,44.979,-93.2649,2023-05-24,26.7,49.1,1021.5,7.0,9.8
668,Minneapolis,44.979,-93.2649,2023-05-25,35.7,37.2,1023.5,9.0,9.9
669,Minneapolis,44.979,-93.2649,2023-05-26,5.8,34.8,1024.6,9.0,9.9
670,Minneapolis,44.979,-93.2649,2023-05-27,0.0,36.2,1022.3,10.0,9.9
671,Minneapolis,44.979,-93.2649,2023-05-28,23.0,41.5,1018.6,10.0,9.9
672,Minneapolis,44.979,-93.2649,2023-05-29,29.2,44.7,1013.2,9.0,9.9
673,Minneapolis,44.979,-93.2649,2023-05-30,45.0,56.8,1010.0,8.0,9.7
674,Minneapolis,44.979,-93.2649,2023-05-31,27.4,59.5,1010.8,8.0,9.9
675,Minneapolis,44.979,-93.2649,2023-06-01,44.2,61.9,1013.9,8.0,9.8
676,Minneapolis,44.979,-93.2649,2023-06-02,57.9,63.2,1016.6,9.0,9.7
677,Minneapolis,44.979,-93.2649,2023-06-03,26.8,60.6,1017.5,8.0,9.9
678,Minneapolis,44.979,-93.2649,2023-06-04,15.2,58.6,1017.7,9.0,9.9
679,Minneapolis,44.979,-93.2649,2023-06-05,32.3,61.2,1017.3,6.0,8.9
680,Minneapolis,44.979,-93.2649,2023-06-06,55.7,61.9,1014.2,7.0,8.2
681,Minneapolis,44.979,-93.2649,2023-06-07,58.8,51.1,1012.6,9.0,9.7
682,Minneapolis,44.979,-93.2649,2023-06-08,44.9,43.0,1012.6,9.0,9.9
683,Minneapolis,44.979,-93.2649,2023-06-09,17.9,47.7,1011.2,9.0,9.9
684,Minneapolis,44.979,-93.2649,2023-06-10,65.7,56.0,1008.7,8.0,9.6
685,Minneapolis,44.979,-93.2649,2023-06-11,7.2,40.0,1015.6,10.0,9.9
686,Minneapolis,44.979,-93.2649,2023-06-12,44.9,42.9,1011.2,8.0,9.9
687,Minneapolis,44.979,-93.2649,2023-06-13,17.8,47.2,1005.4,10.0,9.9
688,Minneapolis,44.979,-93.2649,2023-06-14,20.0,52.7,1004.7,7.0,5.6
689,Minneapolis,44.979,-93.2649,2023-06-15,23.3,49.1,1009.2,8.0,8.0
690,Minneapolis,44.979,-93.2649,2023-06-16,9.9,47.6,1015.1,9.0,9.3
691,Minneapolis,44.979,-93.2649,2023-06-17,24.4,52.2,1011.9,8.0,9.0
692,Minneapolis,44.979,-93.2649,2023-06-18,71.7,59.5,1006.4,7.0,9.4
693,Minneapolis,44.979,-93.2649,2023-06-19,39.6,63.2,1009.7,9.0,8.6
694,Minneapolis,44.979,-93.2649,2023-06-20,2.2,57.4,1015.7,9.0,9.4
695,Minneapolis,44.979,-93.2649,2023-06-21,6.3,56.7,1017.4,9.0,9.6
696,Minneapolis,44.979,-93.2649,2023-06-22,18.5,58.8,1015.8,10.0,9.8
697,Minneapolis,44.979,-93.2649,2023-06-23,43.3,60.0,1012.6,10.0,9.5
698,Minneapolis,44.979,-93.2649,2023-06-24,47.4,62.0,1007.5,8.0,9.9
699,Minneapolis,44.979,-93.2649,2023-06-25,94.0,62.2,1003.1,5.0,9.3
700,Minneapolis,44.979,-93.2649,2023-06-26,60.6,58.1,1009.8,9.0,9.1
701,Minneapolis,44.979,-93.2649,2023-06-27,30.1,57.6,1012.3,9.0,8.0
702,Minneapolis,44.979,-93.2649,2023-06-28,62.2,62.1,1008.8,6.0,6.0
703,Minneapolis,44.979,-93.2649,2023-06-29,17.3,61.5,1010.1,9.0,7.6
704,Minneapolis,44.979,-93.2649,2023-06-30,27.9,58.4,1012.5,10.0,9.9
705,Minneapolis,44.979,-93.2649,2023-07-01,41.9,59.3,1011.3,8.0,9.8
706,Minneapolis,44.979,-93.2649,2023-07-02,42.9,60.3,1009.6,9.0,9.5
707,Minneapolis,44.979,-93.2649,2023-07-03,42.6,64.9,1009.8,9.0,9.8
708,Minneapolis,44.979,-93.2649,2023-07-04,51.9,65.2,1012.2,5.0,9.7
709,Minneapolis,44.979,-93.2649,2023-07-05,40.6,54.4,1016.1,10.0,9.9
710,Minneapolis,44.979,-93.2649,2023-07-06,25.8,46.0,1018.2,10.0,9.9
711,Minneapolis,44.979,-93.2649,2023-07-07,26.1,50.0,1014.9,7.0,9.9
712,Minneapolis,44.979,-93.2649,2023-07-08,40.2,50.3,1013.4,10.0,9.9
713,Minneapolis,44.979,-93.2649,2023-07-09,22.6,50.8,1011.2,9.0,9.9
714,Minneapolis,44.979,-93.2649,2023-07-10,29.1,58.2,1007.0,9.0,9.9
715,Minneapolis,44.979,-93.2649,2023-07-11,37.3,46.4,1014.3,9.0,9.9
716,Minneapolis,44.979,-93.2649,2023-07-12,73.0,52.9,1011.1,9.0,9.9
717,Minneapolis,44.979,-93.2649,2023-07-13,52.3,59.8,1007.7,9.0,9.2
718,Minneapolis,44.979,-93.2649,2023-07-14,20.4,61.3,1006.7,10.0,9.9
719,Minneapolis,44.979,-93.2649,2023-07-15,11.9,54.9,1009.4,8.0,6.7
720,Minneapolis,44.979,-93.2649,2023-07-16,40.8,50.5,1010.4,9.0,9.4
721,Minneapolis,44.979,-93.2649,2023-07-17,34.8,50.0,1014.0,10.0,9.9
722,Minneapolis,44.979,-93.2649,2023-07-18,22.4,52.4,1014.6,10.0,9.9
723,Minneapolis,44.979,-93.2649,2023-07-19,46.3,60.7,1013.3,10.0,9.7
724,Minneapolis,44.979,-93.2649,2023-07-20,47.9,57.7,1015.3,5.0,9.9
725,Minneapolis,44.979,-93.2649,2023-07-21,34.8,57.4,1016.6,10.0,9.8
726,Minneapolis,44.979,-93.2649,2023-07-22,26.3,59.5,1011.7,9.0,9.8
727,Minneapolis,44.979,-93.2649,2023-07-23,15.6,59.2,1012.8,8.0,5.9
728,Minneapolis,44.979,-93.2649,2023-07-24,23.2,63.1,1015.4,8.0,7.2
729,Minneapolis,44.979,-93.2649,2023-07-25,20.8,66.3,1013.4,9.0,8.3
730,Minneapolis,44.979,-93.2649,2023-07-26,43.3,68.7,1008.0,9.0,9.7
731,Minneapolis,44.979,-93.2649,2023-07-27,30.5,71.7,1009.4,9.0,9.9
732,Minneapolis,44.979,-93.2649,2023-07-28,35.7,66.5,1013.2,9.0,9.6
733,Minneapolis,44.979,-93.2649,2023-07-29,29.2,58.4,1019.6,8.0,9.9
734,Minneapolis,44.979,-93.2649,2023-07-30,17.1,54.9,1020.5,9.0,9.9
735,Minneapolis,44.979,-93.2649,2023-07-31,14.6,55.6,1020.1,9.0,9.8
736,Denver,39.74,-104.992,2023-05-01,31.5,30.9,1010.2,9.0,9.9
737,Denver,39.74,-104.992,2023-05-02,73.3,34.7,1011.3,9.0,9.9
738,Denver,39.74,-104.992,2023-05-03,71.9,32.6,1008.8,10.0,9.9
739,Denver,39.74,-104.992,2023-05-04,76.5,36.9,1005.3,9.0,9.9
740,Denver,39.74,-104.992,2023-05-05,43.2,32.8,1006.2,10.0,9.9
741,Denver,39.74,-104.992,2023-05-06,49.8,26.0,1008.0,9.0,9.9
742,Denver,39.74,-104.992,2023-05-07,71.9,28.4,1010.3,8.0,9.9
743,Denver,39.74,-104.992,2023-05-08,60.4,36.6,1012.8,9.0,9.9
744,Denver,39.74,-104.992,2023-05-09,36.2,43.9,1010.0,10.0,9.9
745,Denver,39.74,-104.992,2023-05-10,95.3,49.7,1010.3,2.0,6.8
746,Denver,39.74,-104.992,2023-05-11,99.0,45.9,1008.7,1.0,4.8
747,Denver,39.74,-104.992,2023-05-12,93.6,44.2,1015.3,8.0,8.4
748,Denver,39.74,-104.992,2023-05-13,79.5,43.5,1022.4,6.0,9.9
749,Denver,39.74,-104.992,2023-05-14,98.4,48.7,1027.6,4.0,5.2
750,Denver,39.74,-104.992,2023-05-15,89.2,46.5,1028.2,6.0,7.6
751,Denver,39.74,-104.992,2023-05-16,40.8,42.8,1017.9,10.0,9.9
752,Denver,39.74,-104.992,2023-05-17,60.6,42.9,1012.2,9.0,9.8
753,Denver,39.74,-104.992,2023-05-18,90.5,49.0,1014.7,7.0,9.1
754,Denver,39.74,-104.992,2023-05-19,99.0,48.2,1023.5,3.0,3.6
755,Denver,39.74,-104.992,2023-05-20,72.6,46.4,1021.4,9.0,4.8
756,Denver,39.74,-104.992,2023-05-21,45.1,41.6,1016.6,10.0,9.9
757,Denver,39.74,-104.992,2023-05-22,50.8,42.5,1012.8,8.0,8.5
758,Denver,39.74,-104.992,2023-05-23,44.0,44.7,1011.8,8.0,8.8
759,Denver,39.74,-104.992,2023-05-24,75.8,48.0,1012.5,4.0,9.2
760,Denver,39.74,-104.992,2023-05-25,67.5,46.3,1011.4,10.0,9.9
761,Denver,39.74,-104.992,2023-05-26,68.9,48.4,1012.2,9.0,9.5
762,Denver,39.74,-104.992,2023-05-27,60.2,45.8,1009.3,10.0,9.9
763,Denver,39.74,-104.992,2023-05-28,53.5,43.5,1010.5,9.0,9.9
764,Denver,39.74,-104.992,2023-05-29,46.8,43.0,1009.4,9.0,9.9
765,Denver,39.74,-104.992,2023-05-30,48.3,42.2,1010.0,9.0,9.9
766,Denver,39.74,-104.992,2023-05-31,65.1,43.8,1008.3,9.0,9.9
767,Denver,39.74,-104.992,2023-06-01,88.1,47.6,1007.4,7.0,9.7
768,Denver,39.74,-104.992,2023-06-02,74.9,46.5,1009.3,10.0,9.9
769,Denver,39.74,-104.992,2023-06-03,96.6,50.4,1014.9,2.0,8.0
770,Denver,39.74,-104.992,2023-06-04,97.0,52.2,1018.8,2.0,7.2
771,Denver,39.74,-104.992,2023-06-05,86.9,51.7,1018.5,8.0,9.9
772,Denver,39.74,-104.992,2023-06-06,59.9,49.4,1013.8,10.0,9.8
773,Denver,39.74,-104.992,2023-06-07,80.0,48.3,1011.3,9.0,9.9
774,Denver,39.74,-104.992,2023-06-08,83.6,48.5,1012.1,9.0,9.6
775,Denver,39.74,-104.992,2023-06-09,77.7,44.8,1011.9,10.0,9.9
776,Denver,39.74,-104.992,2023-06-10,59.2,46.4,1011.6,8.0,9.9
777,Denver,39.74,-104.992,2023-06-11,78.4,49.6,1015.0,3.0,9.4
778,Denver,39.74,-104.992,2023-06-12,89.6,48.8,1013.6,4.0,9.6
779,Denver,39.74,-104.992,2023-06-13,82.3,47.4,1013.2,5.0,9.3
780,Denver,39.74,-104.992,2023-06-14,46.2,45.3,1008.6,10.0,9.9
781,Denver,39.74,-104.992,2023-06-15,87.4,47.4,1007.2,8.0,9.8
782,Denver,39.74,-104.992,2023-06-16,86.2,52.3,1016.3,2.0,8.8
783,Denver,39.74,-104.992,2023-06-17,73.3,47.3,1014.0,9.0,9.5
784,Denver,39.74,-104.992,2023-06-18,38.7,43.8,1006.6,10.0,9.9
785,Denver,39.74,-104.992,2023-06-19,23.0,41.0,1003.5,10.0,9.9
786,Denver,39.74,-104.992,2023-06-20,40.5,40.7,1007.7,10.0,9.9
787,Denver,39.74,-104.992,2023-06-21,50.2,52.5,1012.1,9.0,9.3
788,Denver,39.74,-104.992,2023-06-22,80.0,55.3,1013.7,10.0,9.4
789,Denver,39.74,-104.992,2023-06-23,36.9,57.1,1008.2,10.0,9.5
790,Denver,39.74,-104.992,2023-06-24,12.3,40.1,1011.7,10.0,9.9
791,Denver,39.74,-104.992,2023-06-25,26.6,49.7,1015.9,10.0,9.9
792,Denver,39.74,-104.992,2023-06-26,22.3,52.3,1010.0,10.0,9.9
793,Denver,39.74,-104.992,2023-06-27,44.4,47.0,1004.2,10.0,9.9
794,Denver,39.74,-104.992,2023-06-28,46.0,56.7,1008.3,10.0,9.9
795,Denver,39.74,-104.992,2023-06-29,74.8,54.8,1012.2,10.0,9.7
796,Denver,39.74,-104.992,2023-06-30,83.6,52.2,1016.9,6.0,9.6
797,Denver,39.74,-104.992,2023-07-01,34.5,48.5,1017.0,9.0,9.9
798,Denver,39.74,-104.992,2023-07-02,32.8,48.0,1013.4,9.0,9.9
799,Denver,39.74,-104.992,2023-07-03,30.1,45.9,1012.2,9.0,9.9
800,Denver,39.74,-104.992,2023-07-04,83.8,51.0,1013.6,7.0,9.5
801,Denver,39.74,-104.992,2023-07-05,96.2,55.6,1019.0,4.0,8.7
802,Denver,39.74,-104.992,2023-07-06,81.9,57.9,1015.4,9.0,7.2
803,Denver,39.74,-104.992,2023-07-07,77.1,55.2,1013.8,9.0,9.5
804,Denver,39.74,-104.992,2023-07-08,69.5,56.9,1013.1,10.0,9.8
805,Denver,39.74,-104.992,2023-07-09,48.1,55.8,1013.6,10.0,9.6
806,Denver,39.74,-104.992,2023-07-10,42.3,51.2,1010.6,10.0,9.9
807,Denver,39.74,-104.992,2023-07-11,32.6,46.4,1009.9,10.0,9.9
808,Denver,39.74,-104.992,2023-07-12,43.5,47.1,1010.9,10.0,9.9
809,Denver,39.74,-104.992,2023-07-13,40.0,50.4,1010.1,10.0,9.9
810,Denver,39.74,-104.992,2023-07-14,46.3,54.4,1012.7,10.0,9.9
811,Denver,39.74,-104.992,2023-07-15,36.0,53.3,1017.0,9.0,9.9
812,Denver,39.74,-104.992,2023-07-16,33.8,49.5,1015.3,10.0,9.9
813,Denver,39.74,-104.992,2023-07-17,42.4,43.8,1012.8,10.0,9.9
814,Denver,39.74,-104.992,2023-07-18,65.3,46.4,1012.1,9.0,9.9
815,Denver,39.74,-104.992,2023-07-19,78.4,52.6,1016.5,10.0,9.9
816,Denver,39.74,-104.992,2023-07-20,82.7,58.6,1019.8,8.0,9.3
817,Denver,39.74,-104.992,2023-07-21,45.6,53.4,1020.8,9.0,8.9
818,Denver,39.74,-104.992,2023-07-22,31.5,49.1,1016.9,9.0,9.9
819,Denver,39.74,-104.992,2023-07-23,44.4,45.3,1014.7,10.0,9.9
820,Denver,39.74,-104.992,2023-07-24,55.5,46.8,1015.2,9.0,9.9
821,Denver,39.74,-104.992,2023-07-25,79.8,50.0,1014.2,10.0,9.9
822,Denver,39.74,-104.992,2023-07-26,64.8,51.5,1014.8,10.0,9.9
823,Denver,39.74,-104.992,2023-07-27,69.3,47.7,1014.4,10.0,9.9
824,Denver,39.74,-104.992,2023-07-28,54.7,49.8,1016.6,9.0,9.9
825,Denver,39.74,-104.992,2023-07-29,53.0,54.8,1018.1,9.0,9.9
826,Denver,39.74,-104.992,2023-07-30,61.7,49.2,1015.9,10.0,9.9
827,Denver,39.74,-104.992,2023-07-31,78.8,56.6,1016.3,9.0,9.5
828,San Francisco,37.7771,-122.42,2023-05-01,93.6,45.3,1010.3,8.0,9.9
829,San Francisco,37.7771,-122.42,2023-05-02,93.1,45.9,1009.2,6.0,9.7
830,San Francisco,37.7771,-122.42,2023-05-03,94.8,48.0,1009.9,8.0,9.5
831,San Francisco,37.7771,-122.42,2023-05-04,92.0,47.7,1012.3,8.0,9.9
832,San Francisco,37.7771,-122.42,2023-05-05,94.1,46.9,1017.6,6.0,9.8
833,San Francisco,37.7771,-122.42,2023-05-06,90.4,49.5,1019.0,9.0,9.7
834,San Francisco,37.7771,-122.42,2023-05-07,56.5,46.6,1019.9,10.0,9.9
835,San Francisco,37.7771,-122.42,2023-05-08,65.4,47.2,1019.0,10.0,9.4
836,San Francisco,37.7771,-122.42,2023-05-09,53.5,48.4,1017.1,10.0,9.9
837,San Francisco,37.7771,-122.42,2023-05-10,71.1,45.8,1018.6,9.0,9.9
838,San Francisco,37.7771,-122.42,2023-05-11,67.6,48.1,1018.7,10.0,9.9
839,San Francisco,37.7771,-122.42,2023-05-12,61.9,50.1,1017.6,10.0,9.9
840,San Francisco,37.7771,-122.42,2023-05-13,42.0,53.3,1012.4,10.0,9.3
841,San Francisco,37.7771,-122.42,2023-05-14,21.5,53.0,1011.0,10.0,9.9
842,San Francisco,37.7771,-122.42,2023-05-15,52.5,53.0,1018.0,10.0,9.9
843,San Francisco,37.7771,-122.42,2023-05-16,53.3,53.1,1017.2,10.0,9.9
844,San Francisco,37.7771,-122.42,2023-05-17,67.9,51.8,1014.6,10.0,9.6
845,San Francisco,37.7771,-122.42,2023-05-18,69.1,51.0,1014.5,10.0,9.9
846,San Francisco,37.7771,-122.42,2023-05-19,82.8,51.4,1017.5,8.0,9.7
847,San Francisco,37.7771,-122.42,2023-05-20,95.8,51.3,1019.9,7.0,9.3
848,San Francisco,37.7771,-122.42,2023-05-21,75.1,52.0,1016.8,10.0,9.8
849,San Francisco,37.7771,-122.42,2023-05-22,38.0,51.7,1012.8,10.0,9.1
850,San Francisco,37.7771,-122.42,2023-05-23,59.9,48.9,1011.7,10.0,9.5
851,San Francisco,37.7771,-122.42,2023-05-24,66.1,47.8,1012.8,10.0,9.7
852,San Francisco,37.7771,-122.42,2023-05-25,73.6,48.6,1012.0,10.0,9.9
853,San Francisco,37.7771,-122.42,2023-05-26,85.2,48.9,1014.5,10.0,9.9
854,San Francisco,37.7771,-122.42,2023-05-27,77.7,50.0,1015.4,7.0,9.9
855,San Francisco,37.7771,-122.42,2023-05-28,95.1,50.0,1013.8,5.0,9.4
856,San Francisco,37.7771,-122.42,2023-05-29,74.1,49.2,1014.1,10.0,9.9
857,San Francisco,37.7771,-122.42,2023-05-30,59.2,49.1,1014.9,10.0,9.9
858,San Francisco,37.7771,-122.42,2023-05-31,74.0,48.5,1013.1,10.0,9.7
859,San Francisco,37.7771,-122.42,2023-06-01,49.5,48.5,1013.0,10.0,9.9
860,San Francisco,37.7771,-122.42,2023-06-02,29.7,48.6,1015.6,10.0,9.9
861,San Francisco,37.7771,-122.42,2023-06-03,38.3,50.7,1013.7,10.0,9.9
862,San Francisco,37.7771,-122.42,2023-06-04,22.8,51.3,1010.8,10.0,9.7
863,San Francisco,37.7771,-122.42,2023-06-05,74.9,51.6,1009.8,9.0,9.8
864,San Francisco,37.7771,-122.42,2023-06-06,80.4,52.1,1010.6,9.0,9.9
865,San Francisco,37.7771,-122.42,2023-06-07,69.5,51.7,1014.4,10.0,9.9
866,San Francisco,37.7771,-122.42,2023-06-08,50.6,52.0,1016.9,9.0,9.9
867,San Francisco,37.7771,-122.42,2023-06-09,89.0,50.2,1016.8,8.0,9.9
868,San Francisco,37.7771,-122.42,2023-06-10,88.2,50.6,1013.5,9.0,9.9
869,San Francisco,37.7771,-122.42,2023-06-11,77.0,51.9,1011.8,10.0,9.9
870,San Francisco,37.7771,-122.42,2023-06-12,69.0,52.2,1015.8,9.0,9.9
871,San Francisco,37.7771,-122.42,2023-06-13,69.6,52.8,1016.7,8.0,9.9
872,San Francisco,37.7771,-122.42,2023-06-14,73.3,53.1,1013.2,10.0,9.9
873,San Francisco,37.7771,-122.42,2023-06-15,58.8,53.0,1012.2,10.0,9.9
874,San Francisco,37.7771,-122.42,2023-06-16,50.7,54.4,1014.7,10.0,9.8
875,San Francisco,37.7771,-122.42,2023-06-17,74.6,53.9,1015.1,10.0,9.8
876,San Francisco,37.7771,-122.42,2023-06-18,32.3,50.7,1012.6,10.0,9.9
877,San Francisco,37.7771,-122.42,2023-06-19,31.4,47.3,1016.1,10.0,9.9
878,San Francisco,37.7771,-122.42,2023-06-20,17.8,47.2,1019.8,10.0,9.9
879,San Francisco,37.7771,-122.42,2023-06-21,34.5,49.8,1017.3,10.0,9.9
880,San Francisco,37.7771,-122.42,2023-06-22,73.2,49.6,1014.7,9.0,9.9
881,San Francisco,37.7771,-122.42,2023-06-23,80.6,51.0,1017.7,10.0,9.9
882,San Francisco,37.7771,-122.42,2023-06-24,77.1,50.3,1018.4,8.0,9.9
883,San Francisco,37.7771,-122.42,2023-06-25,94.9,50.5,1019.1,7.0,9.8
884,San Francisco,37.7771,-122.42,2023-06-26,90.0,51.2,1016.6,9.0,9.7
885,San Francisco,37.7771,-122.42,2023-06-27,92.5,51.2,1013.8,8.0,9.8
886,San Francisco,37.7771,-122.42,2023-06-28,87.3,51.1,1013.9,7.0,9.9
887,San Francisco,37.7771,-122.42,2023-06-29,52.1,52.6,1013.6,10.0,9.9
888,San Francisco,37.7771,-122.42,2023-06-30,25.0,53.5,1012.5,10.0,9.9
889,San Francisco,37.7771,-122.42,2023-07-01,16.8,54.9,1011.9,10.0,9.9
890,San Francisco,37.7771,-122.42,2023-07-02,28.5,55.7,1011.4,10.0,9.9
891,San Francisco,37.7771,-122.42,2023-07-03,26.5,55.6,1012.4,8.0,9.9
892,San Francisco,37.7771,-122.42,2023-07-04,51.1,52.8,1013.4,10.0,9.7
893,San Francisco,37.7771,-122.42,2023-07-05,55.1,52.8,1014.3,6.0,9.9
894,San Francisco,37.7771,-122.42,2023-07-06,79.0,52.8,1013.9,7.0,9.9
895,San Francisco,37.7771,-122.42,2023-07-07,95.4,51.9,1013.5,9.0,9.7
896,San Francisco,37.7771,-122.42,2023-07-08,87.2,50.4,1014.2,10.0,9.9
897,San Francisco,37.7771,-122.42,2023-07-09,95.9,51.7,1015.7,9.0,9.9
898,San Francisco,37.7771,-122.42,2023-07-10,61.4,52.6,1015.7,10.0,9.4
899,San Francisco,37.7771,-122.42,2023-07-11,26.7,53.4,1014.9,10.0,9.9
900,San Francisco,37.7771,-122.42,2023-07-12,49.7,53.0,1016.4,10.0,9.9
901,San Francisco,37.7771,-122.42,2023-07-13,36.2,53.8,1016.1,10.0,9.9
902,San Francisco,37.7771,-122.42,2023-07-14,46.2,54.6,1014.5,10.0,9.9
903,San Francisco,37.7771,-122.42,2023-07-15,45.7,55.3,1012.3,10.0,9.9
904,San Francisco,37.7771,-122.42,2023-07-16,67.1,55.3,1010.7,10.0,9.9
905,San Francisco,37.7771,-122.42,2023-07-17,46.1,55.3,1011.5,10.0,9.9
906,San Francisco,37.7771,-122.42,2023-07-18,28.2,54.2,1013.8,10.0,9.9
907,San Francisco,37.7771,-122.42,2023-07-19,59.2,54.2,1016.2,10.0,9.9
908,San Francisco,37.7771,-122.42,2023-07-20,42.8,54.8,1016.3,10.0,9.9
909,San Francisco,37.7771,-122.42,2023-07-21,18.3,54.2,1013.6,10.0,9.9
910,San Francisco,37.7771,-122.42,2023-07-22,41.1,54.2,1010.9,10.0,9.9
911,San Francisco,37.7771,-122.42,2023-07-23,57.2,54.7,1012.1,10.0,9.9
912,San Francisco,37.7771,-122.42,2023-07-24,46.1,54.4,1017.4,10.0,9.9
913,San Francisco,37.7771,-122.42,2023-07-25,25.6,55.7,1016.9,10.0,9.9
914,San Francisco,37.7771,-122.42,2023-07-26,42.2,55.7,1015.4,10.0,9.9
915,San Francisco,37.7771,-122.42,2023-07-27,40.2,53.7,1016.1,10.0,9.9
916,San Francisco,37.7771,-122.42,2023-07-28,36.7,53.3,1016.6,10.0,9.9
917,San Francisco,37.7771,-122.42,2023-07-29,51.0,54.1,1017.6,10.0,9.9
918,San Francisco,37.7771,-122.42,2023-07-30,46.2,54.4,1016.4,10.0,9.9
919,San Francisco,37.7771,-122.42,2023-07-31,52.2,54.9,1015.5,10.0,9.9
920,Seattle,47.6036,-122.329,2023-05-01,99.7,44.4,1011.5,3.0,9.8
921,Seattle,47.6036,-122.329,2023-05-02,55.7,48.4,1008.4,8.0,9.9
922,Seattle,47.6036,-122.329,2023-05-03,16.4,49.8,1009.0,8.0,9.9
923,Seattle,47.6036,-122.329,2023-05-04,92.8,47.1,1008.9,4.0,9.0
924,Seattle,47.6036,-122.329,2023-05-05,99.7,47.2,1011.9,2.0,7.4
925,Seattle,47.6036,-122.329,2023-05-06,87.3,46.4,1015.0,7.0,9.7
926,Seattle,47.6036,-122.329,2023-05-07,82.1,43.4,1017.2,9.0,9.9
927,Seattle,47.6036,-122.329,2023-05-08,68.5,43.9,1015.5,9.0,9.9
928,Seattle,47.6036,-122.329,2023-05-09,62.7,43.5,1019.1,9.0,9.9
929,Seattle,47.6036,-122.329,2023-05-10,6.3,43.0,1017.8,9.0,9.9
930,Seattle,47.6036,-122.329,2023-05-11,10.4,44.4,1019.9,8.0,9.9
931,Seattle,47.6036,-122.329,2023-05-12,7.5,46.6,1022.1,9.0,9.9
932,Seattle,47.6036,-122.329,2023-05-13,1.0,49.3,1022.3,9.0,9.9
933,Seattle,47.6036,-122.329,2023-05-14,3.1,48.6,1017.0,9.0,9.9
934,Seattle,47.6036,-122.329,2023-05-15,28.9,52.8,1014.3,9.0,9.7
935,Seattle,47.6036,-122.329,2023-05-16,48.4,54.6,1019.2,9.0,9.9
936,Seattle,47.6036,-122.329,2023-05-17,13.6,54.4,1014.7,8.0,9.9
937,Seattle,47.6036,-122.329,2023-05-18,5.5,56.1,1013.9,8.0,9.9
938,Seattle,47.6036,-122.329,2023-05-19,31.5,52.5,1019.2,9.0,9.8
939,Seattle,47.6036,-122.329,2023-05-20,21.1,51.0,1019.5,9.0,9.9
940,Seattle,47.6036,-122.329,2023-05-21,97.3,49.3,1022.2,4.0,9.7
941,Seattle,47.6036,-122.329,2023-05-22,98.2,45.4,1021.8,5.0,8.7
942,Seattle,47.6036,-122.329,2023-05-23,74.6,41.7,1020.4,9.0,9.9
943,Seattle,47.6036,-122.329,2023-05-24,52.4,46.6,1017.9,9.0,9.8
944,Seattle,47.6036,-122.329,2023-05-25,3.6,49.0,1013.7,9.0,9.7
945,Seattle,47.6036,-122.329,2023-05-26,2.7,51.0,1012.2,9.0,9.5
946,Seattle,47.6036,-122.329,2023-05-27,43.4,50.1,1015.2,9.0,9.1
947,Seattle,47.6036,-122.329,2023-05-28,48.9,46.7,1017.6,7.0,9.2
948,Seattle,47.6036,-122.329,2023-05-29,56.9,49.5,1014.8,9.0,8.6
949,Seattle,47.6036,-122.329,2023-05-30,70.2,43.6,1016.6,7.0,9.6
950,Seattle,47.6036,-122.329,2023-05-31,83.4,41.6,1018.4,9.0,9.9
951,Seattle,47.6036,-122.329,2023-06-01,25.5,42.7,1018.5,9.0,9.9
952,Seattle,47.6036,-122.329,2023-06-02,18.6,45.0,1019.3,9.0,9.9
953,Seattle,47.6036,-122.329,2023-06-03,1.8,45.5,1020.5,9.0,9.9
954,Seattle,47.6036,-122.329,2023-06-04,19.3,39.0,1023.1,9.0,9.9
955,Seattle,47.6036,-122.329,2023-06-05,4.1,40.3,1020.4,9.0,9.9
956,Seattle,47.6036,-122.329,2023-06-06,0.3,44.3,1012.6,9.0,9.9
957,Seattle,47.6036,-122.329,2023-06-07,17.7,44.5,1009.9,8.0,9.9
958,Seattle,47.6036,-122.329,2023-06-08,31.6,50.8,1014.5,8.0,9.9
959,Seattle,47.6036,-122.329,2023-06-09,98.3,50.7,1017.1,1.0,8.4
960,Seattle,47.6036,-122.329,2023-06-10,97.6,52.6,1018.2,2.0,7.3
961,Seattle,47.6036,-122.329,2023-06-11,61.2,53.5,1017.0,8.0,9.7
962,Seattle,47.6036,-122.329,2023-06-12,8.8,55.4,1014.9,9.0,9.7
963,Seattle,47.6036,-122.329,2023-06-13,73.6,51.5,1015.2,3.0,9.5
964,Seattle,47.6036,-122.329,2023-06-14,86.8,43.7,1019.0,6.0,9.9
965,Seattle,47.6036,-122.329,2023-06-15,35.0,46.3,1022.0,9.0,9.9
966,Seattle,47.6036,-122.329,2023-06-16,63.3,51.7,1021.2,8.0,9.0
967,Seattle,47.6036,-122.329,2023-06-17,99.7,50.1,1016.9,2.0,7.6
968,Seattle,47.6036,-122.329,2023-06-18,89.2,43.8,1011.9,4.0,9.5
969,Seattle,47.6036,-122.329,2023-06-19,96.4,45.4,1013.2,7.0,9.6
970,Seattle,47.6036,-122.329,2023-06-20,99.3,49.7,1021.1,4.0,8.3
971,Seattle,47.6036,-122.329,2023-06-21,66.2,50.8,1022.8,9.0,9.9
972,Seattle,47.6036,-122.329,2023-06-22,15.0,50.8,1016.2,10.0,9.9
973,Seattle,47.6036,-122.329,2023-06-23,10.5,51.6,1013.6,9.0,9.9
974,Seattle,47.6036,-122.329,2023-06-24,34.2,48.6,1019.5,9.0,9.9
975,Seattle,47.6036,-122.329,2023-06-25,16.5,51.2,1018.7,9.0,9.9
976,Seattle,47.6036,-122.329,2023-06-26,40.6,53.5,1016.8,9.0,9.8
977,Seattle,47.6036,-122.329,2023-06-27,47.1,53.3,1014.4,9.0,9.9
978,Seattle,47.6036,-122.329,2023-06-28,30.8,54.8,1015.4,9.0,9.7
979,Seattle,47.6036,-122.329,2023-06-29,19.5,56.0,1017.6,9.0,9.7
980,Seattle,47.6036,-122.329,2023-06-30,8.7,54.1,1018.7,9.0,9.9
981,Seattle,47.6036,-122.329,2023-07-01,20.8,46.6,1021.2,9.0,9.9
982,Seattle,47.6036,-122.329,2023-07-02,0.9,47.7,1019.8,9.0,9.9
983,Seattle,47.6036,-122.329,2023-07-03,2.6,49.7,1017.6,9.0,9.9
984,Seattle,47.6036,-122.329,2023-07-04,2.0,50.6,1016.9,9.0,9.7
985,Seattle,47.6036,-122.329,2023-07-05,7.2,50.6,1013.6,9.0,8.1
986,Seattle,47.6036,-122.329,2023-07-06,6.5,54.1,1012.1,9.0,9.6
987,Seattle,47.6036,-122.329,2023-07-07,43.6,52.9,1012.8,9.0,9.8
988,Seattle,47.6036,-122.329,2023-07-08,38.5,51.1,1014.3,9.0,9.9
989,Seattle,47.6036,-122.329,2023-07-09,15.9,51.4,1013.5,9.0,9.9
990,Seattle,47.6036,-122.329,2023-07-10,76.8,50.9,1017.5,4.0,9.9
991,Seattle,47.6036,-122.329,2023-07-11,46.7,51.5,1018.7,9.0,9.8
992,Seattle,47.6036,-122.329,2023-07-12,39.6,53.7,1017.6,10.0,9.9
993,Seattle,47.6036,-122.329,2023-07-13,4.1,52.7,1019.4,9.0,9.9
994,Seattle,47.6036,-122.329,2023-07-14,5.0,52.9,1020.0,9.0,9.9
995,Seattle,47.6036,-122.329,2023-07-15,5.9,52.3,1017.8,9.0,9.9
996,Seattle,47.6036,-122.329,2023-07-16,13.8,53.9,1016.3,10.0,9.9
997,Seattle,47.6036,-122.329,2023-07-17,69.7,52.9,1018.8,10.0,9.9
998,Seattle,47.6036,-122.329,2023-07-18,8.6,51.4,1020.6,9.0,9.9
999,Seattle,47.6036,-122.329,2023-07-19,1.6,52.5,1018.3,9.0,9.9
1000,Seattle,47.6036,-122.329,2023-07-20,4.7,56.0,1018.2,9.0,9.9
1001,Seattle,47.6036,-122.329,2023-07-21,47.0,55.9,1019.6,9.0,9.9
1002,Seattle,47.6036,-122.329,2023-07-22,21.4,55.8,1017.9,9.0,9.9
1003,Seattle,47.6036,-122.329,2023-07-23,7.6,52.5,1014.8,9.0,9.9
1004,Seattle,47.6036,-122.329,2023-07-24,62.0,54.2,1016.4,5.0,9.5
1005,Seattle,47.6036,-122.329,2023-07-25,59.6,53.4,1021.6,10.0,9.9
1006,Seattle,47.6036,-122.329,2023-07-26,38.1,50.9,1020.7,9.0,9.9
1007,Seattle,47.6036,-122.329,2023-07-27,13.0,51.5,1017.8,9.0,9.9
1008,Seattle,47.6036,-122.329,2023-07-28,25.2,53.6,1017.9,9.0,9.3
1009,Seattle,47.6036,-122.329,2023-07-29,23.1,52.3,1019.0,9.0,9.9
1010,Seattle,47.6036,-122.329,2023-07-30,44.5,51.4,1020.5,9.0,9.9
1011,Seattle,47.6036,-122.329,2023-07-31,3.1,49.8,1020.3,9.0,9.9
1012,Phoenix,33.4483,-112.076,2023-05-01,44.2,30.3,1003.0,9.0,9.9
1013,Phoenix,33.4483,-112.076,2023-05-02,47.9,31.9,1006.2,10.0,9.9
1014,Phoenix,33.4483,-112.076,2023-05-03,21.4,35.9,1005.5,10.0,9.7
1015,Phoenix,33.4483,-112.076,2023-05-04,24.2,35.7,1008.5,9.0,9.9
1016,Phoenix,33.4483,-112.076,2023-05-05,19.0,35.3,1011.3,10.0,9.9
1017,Phoenix,33.4483,-112.076,2023-05-06,23.4,34.1,1012.0,10.0,9.9
1018,Phoenix,33.4483,-112.076,2023-05-07,43.9,31.1,1011.5,10.0,9.9
1019,Phoenix,33.4483,-112.076,2023-05-08,0.0,29.7,1009.6,10.0,9.9
1020,Phoenix,33.4483,-112.076,2023-05-09,10.9,31.3,1007.4,10.0,9.9
1021,Phoenix,33.4483,-112.076,2023-05-10,36.7,30.0,1008.7,10.0,9.9
1022,Phoenix,33.4483,-112.076,2023-05-11,4.0,30.9,1009.4,10.0,9.9
1023,Phoenix,33.4483,-112.076,2023-05-12,13.0,33.3,1007.2,10.0,9.9
1024,Phoenix,33.4483,-112.076,2023-05-13,20.7,33.9,1005.1,10.0,9.9
1025,Phoenix,33.4483,-112.076,2023-05-14,38.9,41.0,1009.4,9.0,9.8
1026,Phoenix,33.4483,-112.076,2023-05-15,42.7,44.7,1012.7,9.0,9.8
1027,Phoenix,33.4483,-112.076,2023-05-16,67.1,47.6,1010.5,9.0,9.8
1028,Phoenix,33.4483,-112.076,2023-05-17,67.3,50.2,1007.8,9.0,9.8
1029,Phoenix,33.4483,-112.076,2023-05-18,79.2,51.9,1008.3,9.0,9.9
1030,Phoenix,33.4483,-112.076,2023-05-19,76.0,53.9,1012.8,8.0,9.9
1031,Phoenix,33.4483,-112.076,2023-05-20,36.6,48.3,1013.1,10.0,9.9
1032,Phoenix,33.4483,-112.076,2023-05-21,33.0,42.4,1009.6,10.0,9.9
1033,Phoenix,33.4483,-112.076,2023-05-22,17.0,38.9,1007.5,10.0,9.9
1034,Phoenix,33.4483,-112.076,2023-05-23,17.0,30.8,1006.7,10.0,9.9
1035,Phoenix,33.4483,-112.076,2023-05-24,7.0,32.3,1006.4,10.0,9.9
1036,Phoenix,33.4483,-112.076,2023-05-25,7.0,27.7,1004.6,10.0,9.8
1037,Phoenix,33.4483,-112.076,2023-05-26,8.0,29.9,1005.8,10.0,9.8
1038,Phoenix,33.4483,-112.076,2023-05-27,11.0,27.8,1007.1,10.0,9.9
1039,Phoenix,33.4483,-112.076,2023-05-28,5.0,27.5,1007.1,10.0,9.9
1040,Phoenix,33.4483,-112.076,2023-05-29,10.0,29.1,1008.2,10.0,9.9
1041,Phoenix,33.4483,-112.076,2023-05-30,11.3,30.5,1006.9,10.0,9.9
1042,Phoenix,33.4483,-112.076,2023-05-31,15.1,30.6,1004.4,10.0,9.9
1043,Phoenix,33.4483,-112.076,2023-06-01,19.9,35.4,1006.7,10.0,9.9
1044,Phoenix,33.4483,-112.076,2023-06-02,21.0,34.8,1008.0,10.0,9.9
1045,Phoenix,33.4483,-112.076,2023-06-03,18.0,37.4,1006.5,10.0,9.9
1046,Phoenix,33.4483,-112.076,2023-06-04,23.9,33.3,1004.7,10.0,9.8
1047,Phoenix,33.4483,-112.076,2023-06-05,51.2,25.0,1004.4,10.0,9.6
1048,Phoenix,33.4483,-112.076,2023-06-06,27.0,23.5,1005.0,10.0,9.9
1049,Phoenix,33.4483,-112.076,2023-06-07,23.1,24.4,1008.2,10.0,9.9
1050,Phoenix,33.4483,-112.076,2023-06-08,46.3,20.9,1009.9,10.0,9.9
1051,Phoenix,33.4483,-112.076,2023-06-09,42.6,23.9,1009.7,10.0,9.9
1052,Phoenix,33.4483,-112.076,2023-06-10,34.6,24.8,1006.0,10.0,9.9
1053,Phoenix,33.4483,-112.076,2023-06-11,31.1,32.8,1005.2,10.0,9.9
1054,Phoenix,33.4483,-112.076,2023-06-12,12.1,40.1,1009.5,10.0,9.8
1055,Phoenix,33.4483,-112.076,2023-06-13,11.1,39.6,1009.3,10.0,9.9
1056,Phoenix,33.4483,-112.076,2023-06-14,11.6,36.8,1006.1,10.0,9.9
1057,Phoenix,33.4483,-112.076,2023-06-15,19.4,37.8,1006.0,10.0,9.9
1058,Phoenix,33.4483,-112.076,2023-06-16,35.2,32.6,1007.5,10.0,9.9
1059,Phoenix,33.4483,-112.076,2023-06-17,20.6,34.1,1008.4,10.0,9.9
1060,Phoenix,33.4483,-112.076,2023-06-18,25.9,30.5,1005.8,10.0,9.9
1061,Phoenix,33.4483,-112.076,2023-06-19,37.6,26.7,1006.9,10.0,9.9
1062,Phoenix,33.4483,-112.076,2023-06-20,27.3,32.4,1008.5,10.0,9.9
1063,Phoenix,33.4483,-112.076,2023-06-21,24.7,32.2,1007.0,10.0,9.7
1064,Phoenix,33.4483,-112.076,2023-06-22,15.0,20.1,1006.0,10.0,9.9
1065,Phoenix,33.4483,-112.076,2023-06-23,16.0,13.6,1008.6,10.0,9.9
1066,Phoenix,33.4483,-112.076,2023-06-24,8.0,8.7,1009.7,10.0,9.9
1067,Phoenix,33.4483,-112.076,2023-06-25,4.0,20.3,1008.9,10.0,9.9
1068,Phoenix,33.4483,-112.076,2023-06-26,23.8,21.4,1005.6,10.0,9.9
1069,Phoenix,33.4483,-112.076,2023-06-27,9.6,24.0,1004.2,10.0,9.9
1070,Phoenix,33.4483,-112.076,2023-06-28,3.0,35.3,1004.6,10.0,9.9
1071,Phoenix,33.4483,-112.076,2023-06-29,5.0,27.0,1005.7,10.0,9.9
1072,Phoenix,33.4483,-112.076,2023-06-30,4.0,30.4,1006.4,10.0,9.9
1073,Phoenix,33.4483,-112.076,2023-07-01,8.0,32.7,1006.4,10.0,9.9
1074,Phoenix,33.4483,-112.076,2023-07-02,18.0,34.4,1005.5,10.0,9.9
1075,Phoenix,33.4483,-112.076,2023-07-03,14.4,41.6,1004.7,9.0,9.9
1076,Phoenix,33.4483,-112.076,2023-07-04,10.0,40.6,1006.1,10.0,9.9
1077,Phoenix,33.4483,-112.076,2023-07-05,2.0,39.1,1007.2,10.0,9.9
1078,Phoenix,33.4483,-112.076,2023-07-06,10.0,41.4,1005.0,9.0,9.9
1079,Phoenix,33.4483,-112.076,2023-07-07,14.1,37.7,1003.4,10.0,9.9
1080,Phoenix,33.4483,-112.076,2023-07-08,13.1,35.2,1003.8,10.0,9.9
1081,Phoenix,33.4483,-112.076,2023-07-09,17.0,33.3,1006.1,10.0,9.9
1082,Phoenix,33.4483,-112.076,2023-07-10,27.1,49.8,1007.7,9.0,9.9
1083,Phoenix,33.4483,-112.076,2023-07-11,39.7,60.3,1008.6,10.0,9.9
1084,Phoenix,33.4483,-112.076,2023-07-12,50.1,57.1,1008.3,8.0,9.9
1085,Phoenix,33.4483,-112.076,2023-07-13,29.0,55.8,1006.3,9.0,9.9
1086,Phoenix,33.4483,-112.076,2023-07-14,40.1,52.6,1005.0,10.0,9.9
1087,Phoenix,33.4483,-112.076,2023-07-15,27.6,53.5,1005.1,10.0,9.9
1088,Phoenix,33.4483,-112.076,2023-07-16,64.3,59.3,1007.3,10.0,9.9
1089,Phoenix,33.4483,-112.076,2023-07-17,47.8,58.2,1008.1,9.0,9.3
1090,Phoenix,33.4483,-112.076,2023-07-18,61.4,55.9,1007.7,9.0,9.8
1091,Phoenix,33.4483,-112.076,2023-07-19,27.6,51.7,1008.2,10.0,9.9
1092,Phoenix,33.4483,-112.076,2023-07-20,24.5,49.6,1007.6,10.0,9.9
1093,Phoenix,33.4483,-112.076,2023-07-21,42.1,52.2,1005.8,10.0,9.6
1094,Phoenix,33.4483,-112.076,2023-07-22,73.6,52.4,1006.1,10.0,9.6
1095,Phoenix,33.4483,-112.076,2023-07-23,65.6,56.8,1008.9,9.0,9.8
1096,Phoenix,33.4483,-112.076,2023-07-24,59.0,55.3,1009.9,10.0,9.9
1097,Phoenix,33.4483,-112.076,2023-07-25,45.1,53.4,1008.9,9.0,9.9
1098,Phoenix,33.4483,-112.076,2023-07-26,40.1,53.4,1007.2,9.0,9.5
1099,Phoenix,33.4483,-112.076,2023-07-27,47.2,58.7,1007.5,9.0,9.9
1100,Phoenix,33.4483,-112.076,2023-07-28,63.9,58.2,1007.6,9.0,9.9
1101,Phoenix,33.4483,-112.076,2023-07-29,70.5,55.9,1008.3,9.0,9.9
1102,Phoenix,33.4483,-112.076,2023-07-30,73.1,57.5,1007.9,9.0,9.9
1103,Phoenix,33.4483,-112.076,2023-07-31,48.1,62.1,1010.5,9.0,9.9
