,city,latitude,longitude,date,precipitation,precipitation_type,severe_risk
0,Chicago,41.8843,-87.6324,2023-05-01,0.068,['rain'],10.0
1,Chicago,41.8843,-87.6324,2023-05-02,0.0,,10.0
2,Chicago,41.8843,-87.6324,2023-05-03,0.0,,10.0
3,Chicago,41.8843,-87.6324,2023-05-04,0.0,,10.0
4,Chicago,41.8843,-87.6324,2023-05-05,0.0,,10.0
5,Chicago,41.8843,-87.6324,2023-05-06,0.027,['rain'],10.0
6,Chicago,41.8843,-87.6324,2023-05-07,0.04,['rain'],30.0
7,Chicago,41.8843,-87.6324,2023-05-08,0.132,['rain'],10.0
8,Chicago,41.8843,-87.6324,2023-05-09,0.0,,10.0
9,Chicago,41.8843,-87.6324,2023-05-10,0.0,,10.0
10,Chicago,41.8843,-87.6324,2023-05-11,0.0,,10.0
11,Chicago,41.8843,-87.6324,2023-05-12,0.22,['rain'],10.0
12,Chicago,41.8843,-87.6324,2023-05-13,0.016,['rain'],10.0
13,Chicago,41.8843,-87.6324,2023-05-14,0.017,['rain'],10.0
14,Chicago,41.8843,-87.6324,2023-05-15,0.0,,10.0
15,Chicago,41.8843,-87.6324,2023-05-16,0.0,,10.0
16,Chicago,41.8843,-87.6324,2023-05-17,0.0,,10.0
17,Chicago,41.8843,-87.6324,2023-05-18,0.0,,10.0
18,Chicago,41.8843,-87.6324,2023-05-19,0.049,['rain'],10.0
19,Chicago,41.8843,-87.6324,2023-05-20,0.0,,10.0
20,Chicago,41.8843,-87.6324,2023-05-21,0.0,,10.0
21,Chicago,41.8843,-87.6324,2023-05-22,0.0,,10.0
22,Chicago,41.8843,-87.6324,2023-05-23,0.0,,10.0
23,Chicago,41.8843,-87.6324,2023-05-24,0.0,,10.0
24,Chicago,41.8843,-87.6324,2023-05-25,0.0,,10.0
25,Chicago,41.8843,-87.6324,2023-05-26,0.0,,10.0
26,Chicago,41.8843,-87.6324,2023-05-27,0.0,,10.0
27,Chicago,41.8843,-87.6324,2023-05-28,0.0,,10.0
28,Chicago,41.8843,-87.6324,2023-05-29,0.0,,10.0
29,Chicago,41.8843,-87.6324,2023-05-30,0.0,,10.0
30,Chicago,41.8843,-87.6324,2023-05-31,0.077,['rain'],30.0
31,Chicago,41.8843,-87.6324,2023-06-01,0.1,['rain'],10.0
32,Chicago,41.8843,-87.6324,2023-06-02,0.0,,10.0
33,Chicago,41.8843,-87.6324,2023-06-03,0.0,,10.0
34,Chicago,41.8843,-87.6324,2023-06-04,0.0,,10.0
35,Chicago,41.8843,-87.6324,2023-06-05,0.0,,10.0
36,Chicago,41.8843,-87.6324,2023-06-06,0.016,['rain'],10.0
37,Chicago,41.8843,-87.6324,2023-06-07,0.0,,10.0
38,Chicago,41.8843,-87.6324,2023-06-08,0.0,,10.0
39,Chicago,41.8843,-87.6324,2023-06-09,0.0,,10.0
40,Chicago,41.8843,-87.6324,2023-06-10,0.0,,10.0
41,Chicago,41.8843,-87.6324,2023-06-11,0.057,['rain'],10.0
42,Chicago,41.8843,-87.6324,2023-06-12,0.0,,10.0
43,Chicago,41.8843,-87.6324,2023-06-13,0.521,['rain'],10.0
44,Chicago,41.8843,-87.6324,2023-06-14,0.0,,10.0
45,Chicago,41.8843,-87.6324,2023-06-15,0.0,,10.0
46,Chicago,41.8843,-87.6324,2023-06-16,0.0,,10.0
47,Chicago,41.8843,-87.6324,2023-06-17,0.0,,10.0
48,Chicago,41.8843,-87.6324,2023-06-18,0.0,,10.0
49,Chicago,41.8843,-87.6324,2023-06-19,0.0,,10.0
50,Chicago,41.8843,-87.6324,2023-06-20,0.0,,10.0
51,Chicago,41.8843,-87.6324,2023-06-21,0.0,,10.0
52,Chicago,41.8843,-87.6324,2023-06-22,0.0,,10.0
53,Chicago,41.8843,-87.6324,2023-06-23,0.0,,10.0
54,Chicago,41.8843,-87.6324,2023-06-24,0.0,,10.0
55,Chicago,41.8843,-87.6324,2023-06-25,1.078,['rain'],60.0
56,Chicago,41.8843,-87.6324,2023-06-26,0.009,['rain'],10.0
57,Chicago,41.8843,-87.6324,2023-06-27,0.0,,10.0
58,Chicago,41.8843,-87.6324,2023-06-28,0.0,,10.0
59,Chicago,41.8843,-87.6324,2023-06-29,0.039,['rain'],30.0
60,Chicago,41.8843,-87.6324,2023-06-30,0.001,['rain'],30.0
61,Chicago,41.8843,-87.6324,2023-07-01,0.07,['rain'],10.0
62,Chicago,41.8843,-87.6324,2023-07-02,3.278,['rain'],10.0
63,Chicago,41.8843,-87.6324,2023-07-03,0.0,,10.0
64,Chicago,41.8843,-87.6324,2023-07-04,0.0,,30.0
65,Chicago,41.8843,-87.6324,2023-07-05,1.136,['rain'],30.0
66,Chicago,41.8843,-87.6324,2023-07-06,0.0,,10.0
67,Chicago,41.8843,-87.6324,2023-07-07,0.004,['rain'],10.0
68,Chicago,41.8843,-87.6324,2023-07-08,0.201,['rain'],10.0
69,Chicago,41.8843,-87.6324,2023-07-09,0.0,,10.0
70,Chicago,41.8843,-87.6324,2023-07-10,0.0,,10.0
71,Chicago,41.8843,-87.6324,2023-07-11,0.74,['rain'],30.0
72,Chicago,41.8843,-87.6324,2023-07-12,1.182,['rain'],10.0
73,Chicago,41.8843,-87.6324,2023-07-13,0.007,['rain'],10.0
74,Chicago,41.8843,-87.6324,2023-07-14,0.146,['rain'],60.0
75,Chicago,41.8843,-87.6324,2023-07-15,0.335,['rain'],60.0
76,Chicago,41.8843,-87.6324,2023-07-16,0.0,,10.0
77,Chicago,41.8843,-87.6324,2023-07-17,0.0,,10.0
78,Chicago,41.8843,-87.6324,2023-07-18,0.0,,10.0
79,Chicago,41.8843,-87.6324,2023-07-19,0.0,,10.0
80,Chicago,41.8843,-87.6324,2023-07-20,0.0,,60.0
81,Chicago,41.8843,-87.6324,2023-07-21,0.0,,10.0
82,Chicago,41.8843,-87.6324,2023-07-22,0.019,['rain'],10.0
83,Chicago,41.8843,-87.6324,2023-07-23,0.165,['rain'],30.0
84,Chicago,41.8843,-87.6324,2023-07-24,0.0,,30.0
85,Chicago,41.8843,-87.6324,2023-07-25,0.0,,10.0
86,Chicago,41.8843,-87.6324,2023-07-26,0.255,['rain'],75.0
87,Chicago,41.8843,-87.6324,2023-07-27,0.0,,30.0
88,Chicago,41.8843,-87.6324,2023-07-28,0.491,['rain'],75.0
89,Chicago,41.8843,-87.6324,2023-07-29,0.673,['rain'],10.0
90,Chicago,41.8843,-87.6324,2023-07-30,0.0,,10.0
91,Chicago,41.8843,-87.6324,2023-07-31,0.0,,10.0
92,New York,40.7146,-74.0071,2023-05-01,0.015,['rain'],10.0
93,New York,40.7146,-74.0071,2023-05-02,0.013,['rain'],10.0
94,New York,40.7146,-74.0071,2023-05-03,0.0,,10.0
95,New York,40.7146,-74.0071,2023-05-04,0.004,['rain'],10.0
96,New York,40.7146,-74.0071,2023-05-05,0.0,,10.0
97,New York,40.7146,-74.0071,2023-05-06,0.0,,10.0
98,New York,40.7146,-74.0071,2023-05-07,0.002,['rain'],10.0
99,New York,40.7146,-74.0071,2023-05-08,0.0,,10.0
100,New York,40.7146,-74.0071,2023-05-09,0.0,,10.0
101,New York,40.7146,-74.0071,2023-05-10,0.0,,10.0
102,New York,40.7146,-74.0071,2023-05-11,0.0,,10.0
103,New York,40.7146,-74.0071,2023-05-12,0.0,,10.0
104,New York,40.7146,-74.0071,2023-05-13,0.0,,10.0
105,New York,40.7146,-74.0071,2023-05-14,0.0,,10.0
106,New York,40.7146,-74.0071,2023-05-15,0.0,,10.0
107,New York,40.7146,-74.0071,2023-05-16,0.0,,10.0
108,New York,40.7146,-74.0071,2023-05-17,0.0,,10.0
109,New York,40.7146,-74.0071,2023-05-18,0.0,,10.0
110,New York,40.7146,-74.0071,2023-05-19,0.0,,10.0
111,New York,40.7146,-74.0071,2023-05-20,0.885,['rain'],10.0
112,New York,40.7146,-74.0071,2023-05-21,0.018,['rain'],10.0
113,New York,40.7146,-74.0071,2023-05-22,0.0,,10.0
114,New York,40.7146,-74.0071,2023-05-23,0.0,,10.0
115,New York,40.7146,-74.0071,2023-05-24,0.004,['rain'],10.0
116,New York,40.7146,-74.0071,2023-05-25,0.0,,10.0
117,New York,40.7146,-74.0071,2023-05-26,0.0,,10.0
118,New York,40.7146,-74.0071,2023-05-27,0.0,,10.0
119,New York,40.7146,-74.0071,2023-05-28,0.0,,10.0
120,New York,40.7146,-74.0071,2023-05-29,0.0,,10.0
121,New York,40.7146,-74.0071,2023-05-30,0.037,['rain'],10.0
122,New York,40.7146,-74.0071,2023-05-31,0.0,,10.0
123,New York,40.7146,-74.0071,2023-06-01,0.009,['rain'],10.0
124,New York,40.7146,-74.0071,2023-06-02,0.011,['rain'],10.0
125,New York,40.7146,-74.0071,2023-06-03,0.0,,10.0
126,New York,40.7146,-74.0071,2023-06-04,0.009,['rain'],10.0
127,New York,40.7146,-74.0071,2023-06-05,0.009,['rain'],10.0
128,New York,40.7146,-74.0071,2023-06-06,0.0,,10.0
129,New York,40.7146,-74.0071,2023-06-07,0.0,,10.0
130,New York,40.7146,-74.0071,2023-06-08,0.0,,10.0
131,New York,40.7146,-74.0071,2023-06-09,0.0,,10.0
132,New York,40.7146,-74.0071,2023-06-10,0.009,['rain'],10.0
133,New York,40.7146,-74.0071,2023-06-11,0.047,['rain'],10.0
134,New York,40.7146,-74.0071,2023-06-12,0.108,['rain'],10.0
135,New York,40.7146,-74.0071,2023-06-13,0.037,['rain'],10.0
136,New York,40.7146,-74.0071,2023-06-14,0.04,['rain'],30.0
137,New York,40.7146,-74.0071,2023-06-15,0.119,['rain'],10.0
138,New York,40.7146,-74.0071,2023-06-16,0.358,['rain'],10.0
139,New York,40.7146,-74.0071,2023-06-17,0.0,,10.0
140,New York,40.7146,-74.0071,2023-06-18,0.027,['rain'],10.0
141,New York,40.7146,-74.0071,2023-06-19,0.0,,10.0
142,New York,40.7146,-74.0071,2023-06-20,0.0,,10.0
143,New York,40.7146,-74.0071,2023-06-21,0.0,,10.0
144,New York,40.7146,-74.0071,2023-06-22,0.0,,10.0
145,New York,40.7146,-74.0071,2023-06-23,0.011,['rain'],10.0
146,New York,40.7146,-74.0071,2023-06-24,0.05,['rain'],30.0
147,New York,40.7146,-74.0071,2023-06-25,0.018,['rain'],30.0
148,New York,40.7146,-74.0071,2023-06-26,0.02,['rain'],10.0
149,New York,40.7146,-74.0071,2023-06-27,0.017,['rain'],10.0
150,New York,40.7146,-74.0071,2023-06-28,0.0,,30.0
151,New York,40.7146,-74.0071,2023-06-29,0.018,['rain'],10.0
152,New York,40.7146,-74.0071,2023-06-30,0.027,['rain'],10.0
153,New York,40.7146,-74.0071,2023-07-01,0.009,['rain'],10.0
154,New York,40.7146,-74.0071,2023-07-02,0.023,['rain'],30.0
155,New York,40.7146,-74.0071,2023-07-03,0.03,['rain'],30.0
156,New York,40.7146,-74.0071,2023-07-04,0.019,['rain'],60.0
157,New York,40.7146,-74.0071,2023-07-05,0.0,,30.0
158,New York,40.7146,-74.0071,2023-07-06,0.018,['rain'],30.0
159,New York,40.7146,-74.0071,2023-07-07,0.0,,30.0
160,New York,40.7146,-74.0071,2023-07-08,0.0,,60.0
161,New York,40.7146,-74.0071,2023-07-09,0.056,['rain'],30.0
162,New York,40.7146,-74.0071,2023-07-10,0.001,['rain'],10.0
163,New York,40.7146,-74.0071,2023-07-11,0.009,['rain'],10.0
164,New York,40.7146,-74.0071,2023-07-12,0.009,['rain'],10.0
165,New York,40.7146,-74.0071,2023-07-13,0.0,,60.0
166,New York,40.7146,-74.0071,2023-07-14,0.021,['rain'],60.0
167,New York,40.7146,-74.0071,2023-07-15,0.013,['rain'],60.0
168,New York,40.7146,-74.0071,2023-07-16,0.485,['rain'],60.0
169,New York,40.7146,-74.0071,2023-07-17,0.0,,30.0
170,New York,40.7146,-74.0071,2023-07-18,0.02,['rain'],60.0
171,New York,40.7146,-74.0071,2023-07-19,0.004,['rain'],60.0
172,New York,40.7146,-74.0071,2023-07-20,0.018,['rain'],30.0
173,New York,40.7146,-74.0071,2023-07-21,0.035,['rain'],30.0
174,New York,40.7146,-74.0071,2023-07-22,0.037,['rain'],10.0
175,New York,40.7146,-74.0071,2023-07-23,0.0,,10.0
176,New York,40.7146,-74.0071,2023-07-24,0.0,,30.0
177,New York,40.7146,-74.0071,2023-07-25,0.046,['rain'],30.0
178,New York,40.7146,-74.0071,2023-07-26,0.009,['rain'],10.0
179,New York,40.7146,-74.0071,2023-07-27,0.016,['rain'],60.0
180,New York,40.7146,-74.0071,2023-07-28,0.009,['rain'],30.0
181,New York,40.7146,-74.0071,2023-07-29,0.003,['rain'],30.0
182,New York,40.7146,-74.0071,2023-07-30,0.0,,10.0
183,New York,40.7146,-74.0071,2023-07-31,0.018,['rain'],30.0
184,Los Angeles,34.0536,-118.245,2023-05-01,0.042,['rain'],10.0
185,Los Angeles,34.0536,-118.245,2023-05-02,0.0,,10.0
186,Los Angeles,34.0536,-118.245,2023-05-03,0.0,,10.0
187,Los Angeles,34.0536,-118.245,2023-05-04,0.381,['rain'],10.0
188,Los Angeles,34.0536,-118.245,2023-05-05,0.006,['rain'],10.0
189,Los Angeles,34.0536,-118.245,2023-05-06,0.0,,10.0
190,Los Angeles,34.0536,-118.245,2023-05-07,0.0,,10.0
191,Los Angeles,34.0536,-118.245,2023-05-08,0.0,,10.0
192,Los Angeles,34.0536,-118.245,2023-05-09,0.0,,10.0
193,Los Angeles,34.0536,-118.245,2023-05-10,0.0,,10.0
194,Los Angeles,34.0536,-118.245,2023-05-11,0.0,,10.0
195,Los Angeles,34.0536,-118.245,2023-05-12,0.0,,10.0
196,Los Angeles,34.0536,-118.245,2023-05-13,0.0,,10.0
197,Los Angeles,34.0536,-118.245,2023-05-14,0.0,,10.0
198,Los Angeles,34.0536,-118.245,2023-05-15,0.0,,10.0
199,Los Angeles,34.0536,-118.245,2023-05-16,0.0,,10.0
200,Los Angeles,34.0536,-118.245,2023-05-17,0.0,,10.0
201,Los Angeles,34.0536,-118.245,2023-05-18,0.0,,10.0
202,Los Angeles,34.0536,-118.245,2023-05-19,0.0,,10.0
203,Los Angeles,34.0536,-118.245,2023-05-20,0.0,,10.0
204,Los Angeles,34.0536,-118.245,2023-05-21,0.0,,10.0
205,Los Angeles,34.0536,-118.245,2023-05-22,0.0,,10.0
206,Los Angeles,34.0536,-118.245,2023-05-23,0.011,['rain'],10.0
207,Los Angeles,34.0536,-118.245,2023-05-24,0.0,,10.0
208,Los Angeles,34.0536,-118.245,2023-05-25,0.001,['rain'],10.0
209,Los Angeles,34.0536,-118.245,2023-05-26,0.0,,10.0
210,Los Angeles,34.0536,-118.245,2023-05-27,0.0,,10.0
211,Los Angeles,34.0536,-118.245,2023-05-28,0.0,,10.0
212,Los Angeles,34.0536,-118.245,2023-05-29,0.0,,10.0
213,Los Angeles,34.0536,-118.245,2023-05-30,0.0,,10.0
214,Los Angeles,34.0536,-118.245,2023-05-31,0.0,,10.0
215,Los Angeles,34.0536,-118.245,2023-06-01,0.0,,10.0
216,Los Angeles,34.0536,-118.245,2023-06-02,0.0,,10.0
217,Los Angeles,34.0536,-118.245,2023-06-03,0.0,,10.0
218,Los Angeles,34.0536,-118.245,2023-06-04,0.0,,10.0
219,Los Angeles,34.0536,-118.245,2023-06-05,0.0,,10.0
220,Los Angeles,34.0536,-118.245,2023-06-06,0.0,,10.0
221,Los Angeles,34.0536,-118.245,2023-06-07,0.0,,10.0
222,Los Angeles,34.0536,-118.245,2023-06-08,0.0,,10.0
223,Los Angeles,34.0536,-118.245,2023-06-09,0.0,,10.0
224,Los Angeles,34.0536,-118.245,2023-06-10,0.0,,10.0
225,Los Angeles,34.0536,-118.245,2023-06-11,0.0,,10.0
226,Los Angeles,34.0536,-118.245,2023-06-12,0.0,,10.0
227,Los Angeles,34.0536,-118.245,2023-06-13,0.0,,10.0
228,Los Angeles,34.0536,-118.245,2023-06-14,0.0,,10.0
229,Los Angeles,34.0536,-118.245,2023-06-15,0.0,,10.0
230,Los Angeles,34.0536,-118.245,2023-06-16,0.0,,10.0
231,Los Angeles,34.0536,-118.245,2023-06-17,0.0,,10.0
232,Los Angeles,34.0536,-118.245,2023-06-18,0.0,,10.0
233,Los Angeles,34.0536,-118.245,2023-06-19,0.0,,10.0
234,Los Angeles,34.0536,-118.245,2023-06-20,0.0,,10.0
235,Los Angeles,34.0536,-118.245,2023-06-21,0.0,,10.0
236,Los Angeles,34.0536,-118.245,2023-06-22,0.0,,10.0
237,Los Angeles,34.0536,-118.245,2023-06-23,0.0,,10.0
238,Los Angeles,34.0536,-118.245,2023-06-24,0.0,,10.0
239,Los Angeles,34.0536,-118.245,2023-06-25,0.0,,10.0
240,Los Angeles,34.0536,-118.245,2023-06-26,0.0,,10.0
241,Los Angeles,34.0536,-118.245,2023-06-27,0.0,,10.0
242,Los Angeles,34.0536,-118.245,2023-06-28,0.0,,10.0
243,Los Angeles,34.0536,-118.245,2023-06-29,0.0,,10.0
244,Los Angeles,34.0536,-118.245,2023-06-30,0.0,,10.0
245,Los Angeles,34.0536,-118.245,2023-07-01,0.0,,10.0
246,Los Angeles,34.0536,-118.245,2023-07-02,0.0,,10.0
247,Los Angeles,34.0536,-118.245,2023-07-03,0.0,,10.0
248,Los Angeles,34.0536,-118.245,2023-07-04,0.0,,10.0
249,Los Angeles,34.0536,-118.245,2023-07-05,0.0,,10.0
250,Los Angeles,34.0536,-118.245,2023-07-06,0.0,,10.0
251,Los Angeles,34.0536,-118.245,2023-07-07,0.0,,10.0
252,Los Angeles,34.0536,-118.245,2023-07-08,0.0,,10.0
253,Los Angeles,34.0536,-118.245,2023-07-09,0.0,,10.0
254,Los Angeles,34.0536,-118.245,2023-07-10,0.0,,10.0
255,Los Angeles,34.0536,-118.245,2023-07-11,0.0,,10.0
256,Los Angeles,34.0536,-118.245,2023-07-12,0.0,,10.0
257,Los Angeles,34.0536,-118.245,2023-07-13,0.0,,10.0
258,Los Angeles,34.0536,-118.245,2023-07-14,0.0,,10.0
259,Los Angeles,34.0536,-118.245,2023-07-15,0.0,,10.0
260,Los Angeles,34.0536,-118.245,2023-07-16,0.0,,10.0
261,Los Angeles,34.0536,-118.245,2023-07-17,0.0,,10.0
262,Los Angeles,34.0536,-118.245,2023-07-18,0.0,,10.0
263,Los Angeles,34.0536,-118.245,2023-07-19,0.0,,10.0
264,Los Angeles,34.0536,-118.245,2023-07-20,0.0,,10.0
265,Los Angeles,34.0536,-118.245,2023-07-21,0.0,,10.0
266,Los Angeles,34.0536,-118.245,2023-07-22,0.0,,10.0
267,Los Angeles,34.0536,-118.245,2023-07-23,0.0,,10.0
268,Los Angeles,34.0536,-118.245,2023-07-24,0.0,,10.0
269,Los Angeles,34.0536,-118.245,2023-07-25,0.0,,10.0
270,Los Angeles,34.0536,-118.245,2023-07-26,0.0,,10.0
271,Los Angeles,34.0536,-118.245,2023-07-27,0.0,,10.0
272,Los Angeles,34.0536,-118.245,2023-07-28,0.0,,10.0
273,Los Angeles,34.0536,-118.245,2023-07-29,0.0,,10.0
274,Los Angeles,34.0536,-118.245,2023-07-30,0.0,,10.0
275,Los Angeles,34.0536,-118.245,2023-07-31,0.0,,10.0
276,Atlanta,33.7483,-84.3911,2023-05-01,0.0,,10.0
277,Atlanta,33.7483,-84.3911,2023-05-02,0.0,,10.0
278,Atlanta,33.7483,-84.3911,2023-05-03,0.0,,10.0
279,Atlanta,33.7483,-84.3911,2023-05-04,0.0,,10.0
280,Atlanta,33.7483,-84.3911,2023-05-05,0.027,['rain'],10.0
281,Atlanta,33.7483,-84.3911,2023-05-06,0.0,,10.0
282,Atlanta,33.7483,-84.3911,2023-05-07,0.003,['rain'],30.0
283,Atlanta,33.7483,-84.3911,2023-05-08,0.122,['rain'],30.0
284,Atlanta,33.7483,-84.3911,2023-05-09,0.023,['rain'],60.0
285,Atlanta,33.7483,-84.3911,2023-05-10,0.0,,10.0
286,Atlanta,33.7483,-84.3911,2023-05-11,0.0,,10.0
287,Atlanta,33.7483,-84.3911,2023-05-12,0.184,['rain'],10.0
288,Atlanta,33.7483,-84.3911,2023-05-13,0.0,,30.0
289,Atlanta,33.7483,-84.3911,2023-05-14,0.077,['rain'],30.0
290,Atlanta,33.7483,-84.3911,2023-05-15,0.299,['rain'],30.0
291,Atlanta,33.7483,-84.3911,2023-05-16,0.403,['rain'],30.0
292,Atlanta,33.7483,-84.3911,2023-05-17,0.077,['rain'],30.0
293,Atlanta,33.7483,-84.3911,2023-05-18,0.105,['rain'],10.0
294,Atlanta,33.7483,-84.3911,2023-05-19,0.0,,10.0
295,Atlanta,33.7483,-84.3911,2023-05-20,0.01,['rain'],10.0
296,Atlanta,33.7483,-84.3911,2023-05-21,0.27,['rain'],10.0
297,Atlanta,33.7483,-84.3911,2023-05-22,0.185,['rain'],10.0
298,Atlanta,33.7483,-84.3911,2023-05-23,0.075,['rain'],10.0
299,Atlanta,33.7483,-84.3911,2023-05-24,0.0,,10.0
300,Atlanta,33.7483,-84.3911,2023-05-25,0.0,,10.0
301,Atlanta,33.7483,-84.3911,2023-05-26,0.0,,10.0
302,Atlanta,33.7483,-84.3911,2023-05-27,0.0,,10.0
303,Atlanta,33.7483,-84.3911,2023-05-28,0.0,,10.0
304,Atlanta,33.7483,-84.3911,2023-05-29,0.0,,10.0
305,Atlanta,33.7483,-84.3911,2023-05-30,0.0,,10.0
306,Atlanta,33.7483,-84.3911,2023-05-31,0.0,,10.0
307,Atlanta,33.7483,-84.3911,2023-06-01,0.0,,10.0
308,Atlanta,33.7483,-84.3911,2023-06-02,0.0,,10.0
309,Atlanta,33.7483,-84.3911,2023-06-03,0.0,,10.0
310,Atlanta,33.7483,-84.3911,2023-06-04,0.287,['rain'],30.0
311,Atlanta,33.7483,-84.3911,2023-06-05,0.086,['rain'],30.0
312,Atlanta,33.7483,-84.3911,2023-06-06,0.101,['rain'],30.0
313,Atlanta,33.7483,-84.3911,2023-06-07,0.0,,10.0
314,Atlanta,33.7483,-84.3911,2023-06-08,0.0,,10.0
315,Atlanta,33.7483,-84.3911,2023-06-09,0.0,,10.0
316,Atlanta,33.7483,-84.3911,2023-06-10,0.0,,10.0
317,Atlanta,33.7483,-84.3911,2023-06-11,0.382,['rain'],60.0
318,Atlanta,33.7483,-84.3911,2023-06-12,0.124,['rain'],10.0
319,Atlanta,33.7483,-84.3911,2023-06-13,0.0,,10.0
320,Atlanta,33.7483,-84.3911,2023-06-14,0.456,['rain'],30.0
321,Atlanta,33.7483,-84.3911,2023-06-15,0.008,['rain'],30.0
322,Atlanta,33.7483,-84.3911,2023-06-16,0.0,,30.0
323,Atlanta,33.7483,-84.3911,2023-06-17,0.0,,30.0
324,Atlanta,33.7483,-84.3911,2023-06-18,0.0,,10.0
325,Atlanta,33.7483,-84.3911,2023-06-19,0.938,['rain'],60.0
326,Atlanta,33.7483,-84.3911,2023-06-20,0.236,['rain'],30.0
327,Atlanta,33.7483,-84.3911,2023-06-21,0.437,['rain'],10.0
328,Atlanta,33.7483,-84.3911,2023-06-22,0.029,['rain'],30.0
329,Atlanta,33.7483,-84.3911,2023-06-23,0.02,['rain'],10.0
330,Atlanta,33.7483,-84.3911,2023-06-24,0.0,,10.0
331,Atlanta,33.7483,-84.3911,2023-06-25,0.452,['rain'],10.0
332,Atlanta,33.7483,-84.3911,2023-06-26,0.0,,30.0
333,Atlanta,33.7483,-84.3911,2023-06-27,0.0,,30.0
334,Atlanta,33.7483,-84.3911,2023-06-28,0.0,,10.0
335,Atlanta,33.7483,-84.3911,2023-06-29,0.0,,30.0
336,Atlanta,33.7483,-84.3911,2023-06-30,0.046,['rain'],30.0
337,Atlanta,33.7483,-84.3911,2023-07-01,0.0,,60.0
338,Atlanta,33.7483,-84.3911,2023-07-02,0.077,['rain'],60.0
339,Atlanta,33.7483,-84.3911,2023-07-03,0.412,['rain'],60.0
340,Atlanta,33.7483,-84.3911,2023-07-04,0.103,['rain'],60.0
341,Atlanta,33.7483,-84.3911,2023-07-05,0.276,['rain'],30.0
342,Atlanta,33.7483,-84.3911,2023-07-06,0.0,,30.0
343,Atlanta,33.7483,-84.3911,2023-07-07,0.0,,30.0
344,Atlanta,33.7483,-84.3911,2023-07-08,0.0,,30.0
345,Atlanta,33.7483,-84.3911,2023-07-09,0.085,['rain'],30.0
346,Atlanta,33.7483,-84.3911,2023-07-10,0.807,['rain'],30.0
347,Atlanta,33.7483,-84.3911,2023-07-11,0.0,,10.0
348,Atlanta,33.7483,-84.3911,2023-07-12,0.0,,30.0
349,Atlanta,33.7483,-84.3911,2023-07-13,0.004,['rain'],30.0
350,Atlanta,33.7483,-84.3911,2023-07-14,0.0,,60.0
351,Atlanta,33.7483,-84.3911,2023-07-15,0.0,,30.0
352,Atlanta,33.7483,-84.3911,2023-07-16,0.0,,10.0
353,Atlanta,33.7483,-84.3911,2023-07-17,0.0,,10.0
354,Atlanta,33.7483,-84.3911,2023-07-18,0.0,,30.0
355,Atlanta,33.7483,-84.3911,2023-07-19,0.0,,30.0
356,Atlanta,33.7483,-84.3911,2023-07-20,0.158,['rain'],60.0
357,Atlanta,33.7483,-84.3911,2023-07-21,0.419,['rain'],60.0
358,Atlanta,33.7483,-84.3911,2023-07-22,0.228,['rain'],30.0
359,Atlanta,33.7483,-84.3911,2023-07-23,0.0,,10.0
360,Atlanta,33.7483,-84.3911,2023-07-24,0.0,,10.0
361,Atlanta,33.7483,-84.3911,2023-07-25,0.0,,30.0
362,Atlanta,33.7483,-84.3911,2023-07-26,0.0,,30.0
363,Atlanta,33.7483,-84.3911,2023-07-27,0.0,,30.0
364,Atlanta,33.7483,-84.3911,2023-07-28,0.056,['rain'],30.0
365,Atlanta,33.7483,-84.3911,2023-07-29,0.0,,60.0
366,Atlanta,33.7483,-84.3911,2023-07-30,0.021,['rain'],30.0
367,Atlanta,33.7483,-84.3911,2023-07-31,0.0,,30.0
368,Miami,25.7748,-80.1977,2023-05-01,0.0,,10.0
369,Miami,25.7748,-80.1977,2023-05-02,0.0,,10.0
370,Miami,25.7748,-80.1977,2023-05-03,0.0,,60.0
371,Miami,25.7748,-80.1977,2023-05-04,0.0,,10.0
372,Miami,25.7748,-80.1977,2023-05-05,0.0,,10.0
373,Miami,25.7748,-80.1977,2023-05-06,0.192,['rain'],30.0
374,Miami,25.7748,-80.1977,2023-05-07,0.133,['rain'],30.0
375,Miami,25.7748,-80.1977,2023-05-08,0.0,,10.0
376,Miami,25.7748,-80.1977,2023-05-09,0.0,,30.0
377,Miami,25.7748,-80.1977,2023-05-10,0.0,,30.0
378,Miami,25.7748,-80.1977,2023-05-11,0.0,,30.0
379,Miami,25.7748,-80.1977,2023-05-12,0.0,,60.0
380,Miami,25.7748,-80.1977,2023-05-13,0.009,['rain'],60.0
381,Miami,25.7748,-80.1977,2023-05-14,0.012,['rain'],60.0
382,Miami,25.7748,-80.1977,2023-05-15,0.354,['rain'],60.0
383,Miami,25.7748,-80.1977,2023-05-16,0.0,,30.0
384,Miami,25.7748,-80.1977,2023-05-17,0.334,['rain'],60.0
385,Miami,25.7748,-80.1977,2023-05-18,0.038,['rain'],60.0
386,Miami,25.7748,-80.1977,2023-05-19,0.453,['rain'],60.0
387,Miami,25.7748,-80.1977,2023-05-20,0.228,['rain'],60.0
388,Miami,25.7748,-80.1977,2023-05-21,0.988,['rain'],30.0
389,Miami,25.7748,-80.1977,2023-05-22,0.163,['rain'],30.0
390,Miami,25.7748,-80.1977,2023-05-23,0.502,['rain'],60.0
391,Miami,25.7748,-80.1977,2023-05-24,0.97,['rain'],75.0
392,Miami,25.7748,-80.1977,2023-05-25,0.523,['rain'],60.0
393,Miami,25.7748,-80.1977,2023-05-26,0.316,['rain'],60.0
394,Miami,25.7748,-80.1977,2023-05-27,0.01,['rain'],60.0
395,Miami,25.7748,-80.1977,2023-05-28,0.0,,60.0
396,Miami,25.7748,-80.1977,2023-05-29,0.0,,60.0
397,Miami,25.7748,-80.1977,2023-05-30,0.698,['rain'],60.0
398,Miami,25.7748,-80.1977,2023-05-31,0.066,['rain'],60.0
399,Miami,25.7748,-80.1977,2023-06-01,0.133,['rain'],60.0
400,Miami,25.7748,-80.1977,2023-06-02,0.427,['rain'],30.0
401,Miami,25.7748,-80.1977,2023-06-03,0.389,['rain'],60.0
402,Miami,25.7748,-80.1977,2023-06-04,0.069,['rain'],60.0
403,Miami,25.7748,-80.1977,2023-06-05,0.233,['rain'],60.0
404,Miami,25.7748,-80.1977,2023-06-06,0.047,['rain'],30.0
405,Miami,25.7748,-80.1977,2023-06-07,0.169,['rain'],60.0
406,Miami,25.7748,-80.1977,2023-06-08,0.789,['rain'],60.0
407,Miami,25.7748,-80.1977,2023-06-09,0.045,['rain'],75.0
408,Miami,25.7748,-80.1977,2023-06-10,0.292,['rain'],75.0
409,Miami,25.7748,-80.1977,2023-06-11,0.222,['rain'],75.0
410,Miami,25.7748,-80.1977,2023-06-12,0.476,['rain'],75.0
411,Miami,25.7748,-80.1977,2023-06-13,0.004,['rain'],100.0
412,Miami,25.7748,-80.1977,2023-06-14,0.006,['rain'],100.0
413,Miami,25.7748,-80.1977,2023-06-15,0.0,,75.0
414,Miami,25.7748,-80.1977,2023-06-16,0.016,['rain'],100.0
415,Miami,25.7748,-80.1977,2023-06-17,0.31,['rain'],100.0
416,Miami,25.7748,-80.1977,2023-06-18,0.143,['rain'],75.0
417,Miami,25.7748,-80.1977,2023-06-19,2.006,['rain'],100.0
418,Miami,25.7748,-80.1977,2023-06-20,0.555,['rain'],75.0
419,Miami,25.7748,-80.1977,2023-06-21,0.022,['rain'],75.0
420,Miami,25.7748,-80.1977,2023-06-22,0.069,['rain'],100.0
421,Miami,25.7748,-80.1977,2023-06-23,0.0,,100.0
422,Miami,25.7748,-80.1977,2023-06-24,0.315,['rain'],75.0
423,Miami,25.7748,-80.1977,2023-06-25,0.82,['rain'],75.0
424,Miami,25.7748,-80.1977,2023-06-26,0.263,['rain'],75.0
425,Miami,25.7748,-80.1977,2023-06-27,0.027,['rain'],60.0
426,Miami,25.7748,-80.1977,2023-06-28,0.008,['rain'],60.0
427,Miami,25.7748,-80.1977,2023-06-29,0.248,['rain'],60.0
428,Miami,25.7748,-80.1977,2023-06-30,0.188,['rain'],60.0
429,Miami,25.7748,-80.1977,2023-07-01,0.397,['rain'],60.0
430,Miami,25.7748,-80.1977,2023-07-02,2.313,['rain'],60.0
431,Miami,25.7748,-80.1977,2023-07-03,0.478,['rain'],75.0
432,Miami,25.7748,-80.1977,2023-07-04,0.044,['rain'],75.0
433,Miami,25.7748,-80.1977,2023-07-05,0.008,['rain'],75.0
434,Miami,25.7748,-80.1977,2023-07-06,0.061,['rain'],75.0
435,Miami,25.7748,-80.1977,2023-07-07,0.251,['rain'],60.0
436,Miami,25.7748,-80.1977,2023-07-08,0.127,['rain'],75.0
437,Miami,25.7748,-80.1977,2023-07-09,0.0,,75.0
438,Miami,25.7748,-80.1977,2023-07-10,0.006,['rain'],75.0
439,Miami,25.7748,-80.1977,2023-07-11,0.0,,75.0
440,Miami,25.7748,-80.1977,2023-07-12,0.003,['rain'],75.0
441,Miami,25.7748,-80.1977,2023-07-13,0.171,['rain'],75.0
442,Miami,25.7748,-80.1977,2023-07-14,0.475,['rain'],60.0
443,Miami,25.7748,-80.1977,2023-07-15,0.125,['rain'],75.0
444,Miami,25.7748,-80.1977,2023-07-16,0.082,['rain'],75.0
445,Miami,25.7748,-80.1977,2023-07-17,0.212,['rain'],75.0
446,Miami,25.7748,-80.1977,2023-07-18,0.112,['rain'],75.0
447,Miami,25.7748,-80.1977,2023-07-19,0.161,['rain'],75.0
448,Miami,25.7748,-80.1977,2023-07-20,0.133,['rain'],75.0
449,Miami,25.7748,-80.1977,2023-07-21,0.011,['rain'],100.0
450,Miami,25.7748,-80.1977,2023-07-22,0.0,,100.0
451,Miami,25.7748,-80.1977,2023-07-23,0.0,,100.0
452,Miami,25.7748,-80.1977,2023-07-24,0.0,,100.0
453,Miami,25.7748,-80.1977,2023-07-25,0.0,,100.0
454,Miami,25.7748,-80.1977,2023-07-26,0.151,['rain'],75.0
455,Miami,25.7748,-80.1977,2023-07-27,0.173,['rain'],60.0
456,Miami,25.7748,-80.1977,2023-07-28,0.457,['rain'],75.0
457,Miami,25.7748,-80.1977,2023-07-29,0.02,['rain'],75.0
458,Miami,25.7748,-80.1977,2023-07-30,0.0,,75.0
459,Miami,25.7748,-80.1977,2023-07-31,0.022,['rain'],75.0
460,Houston,29.7608,-95.3695,2023-05-01,0.0,,10.0
461,Houston,29.7608,-95.3695,2023-05-02,0.0,,5.0
462,Houston,29.7608,-95.3695,2023-05-03,0.0,,10.0
463,Houston,29.7608,-95.3695,2023-05-04,0.0,,60.0
464,Houston,29.7608,-95.3695,2023-05-05,0.0,,100.0
465,Houston,29.7608,-95.3695,2023-05-06,0.025,['rain'],100.0
466,Houston,29.7608,-95.3695,2023-05-07,0.224,['rain'],75.0
467,Houston,29.7608,-95.3695,2023-05-08,0.039,['rain'],75.0
468,Houston,29.7608,-95.3695,2023-05-09,0.239,['rain'],75.0
469,Houston,29.7608,-95.3695,2023-05-10,0.974,['rain'],30.0
470,Houston,29.7608,-95.3695,2023-05-11,0.0,,100.0
471,Houston,29.7608,-95.3695,2023-05-12,0.002,['rain'],100.0
472,Houston,29.7608,-95.3695,2023-05-13,0.149,['rain'],75.0
473,Houston,29.7608,-95.3695,2023-05-14,0.963,['rain'],30.0
474,Houston,29.7608,-95.3695,2023-05-15,0.01,['rain'],60.0
475,Houston,29.7608,-95.3695,2023-05-16,0.031,['rain'],60.0
476,Houston,29.7608,-95.3695,2023-05-17,0.0,,30.0
477,Houston,29.7608,-95.3695,2023-05-18,0.0,,60.0
478,Houston,29.7608,-95.3695,2023-05-19,0.0,,60.0
479,Houston,29.7608,-95.3695,2023-05-20,0.003,['rain'],30.0
480,Houston,29.7608,-95.3695,2023-05-21,0.0,,10.0
481,Houston,29.7608,-95.3695,2023-05-22,0.0,,30.0
482,Houston,29.7608,-95.3695,2023-05-23,0.0,,30.0
483,Houston,29.7608,-95.3695,2023-05-24,0.0,,30.0
484,Houston,29.7608,-95.3695,2023-05-25,0.0,,10.0
485,Houston,29.7608,-95.3695,2023-05-26,0.0,,10.0
486,Houston,29.7608,-95.3695,2023-05-27,0.0,,10.0
487,Houston,29.7608,-95.3695,2023-05-28,0.0,,10.0
488,Houston,29.7608,-95.3695,2023-05-29,0.078,['rain'],30.0
489,Houston,29.7608,-95.3695,2023-05-30,0.002,['rain'],30.0
490,Houston,29.7608,-95.3695,2023-05-31,0.003,['rain'],30.0
491,Houston,29.7608,-95.3695,2023-06-01,0.0,,10.0
492,Houston,29.7608,-95.3695,2023-06-02,0.006,['rain'],10.0
493,Houston,29.7608,-95.3695,2023-06-03,0.0,,30.0
494,Houston,29.7608,-95.3695,2023-06-04,0.244,['rain'],30.0
495,Houston,29.7608,-95.3695,2023-06-05,0.28,['rain'],30.0
496,Houston,29.7608,-95.3695,2023-06-06,0.006,['rain'],30.0
497,Houston,29.7608,-95.3695,2023-06-07,0.093,['rain'],30.0
498,Houston,29.7608,-95.3695,2023-06-08,0.277,['rain'],60.0
499,Houston,29.7608,-95.3695,2023-06-09,0.0,,60.0
500,Houston,29.7608,-95.3695,2023-06-10,0.004,['rain'],75.0
501,Houston,29.7608,-95.3695,2023-06-11,0.004,['rain'],100.0
502,Houston,29.7608,-95.3695,2023-06-12,0.0,,75.0
503,Houston,29.7608,-95.3695,2023-06-13,0.0,,75.0
504,Houston,29.7608,-95.3695,2023-06-14,0.0,,75.0
505,Houston,29.7608,-95.3695,2023-06-15,0.0,,100.0
506,Houston,29.7608,-95.3695,2023-06-16,0.0,,100.0
507,Houston,29.7608,-95.3695,2023-06-17,0.0,,100.0
508,Houston,29.7608,-95.3695,2023-06-18,0.0,,100.0
509,Houston,29.7608,-95.3695,2023-06-19,0.0,,100.0
510,Houston,29.7608,-95.3695,2023-06-20,0.0,,100.0
511,Houston,29.7608,-95.3695,2023-06-21,0.186,['rain'],100.0
512,Houston,29.7608,-95.3695,2023-06-22,0.004,['rain'],100.0
513,Houston,29.7608,-95.3695,2023-06-23,0.257,['rain'],100.0
514,Houston,29.7608,-95.3695,2023-06-24,0.0,,75.0
515,Houston,29.7608,-95.3695,2023-06-25,0.0,,75.0
516,Houston,29.7608,-95.3695,2023-06-26,0.0,,60.0
517,Houston,29.7608,-95.3695,2023-06-27,0.0,,60.0
518,Houston,29.7608,-95.3695,2023-06-28,0.0,,75.0
519,Houston,29.7608,-95.3695,2023-06-29,0.0,,60.0
520,Houston,29.7608,-95.3695,2023-06-30,0.0,,60.0
521,Houston,29.7608,-95.3695,2023-07-01,0.0,,60.0
522,Houston,29.7608,-95.3695,2023-07-02,0.056,['rain'],75.0
523,Houston,29.7608,-95.3695,2023-07-03,0.0,,75.0
524,Houston,29.7608,-95.3695,2023-07-04,0.15,['rain'],75.0
525,Houston,29.7608,-95.3695,2023-07-05,0.026,['rain'],75.0
526,Houston,29.7608,-95.3695,2023-07-06,0.37,['rain'],60.0
527,Houston,29.7608,-95.3695,2023-07-07,0.15,['rain'],30.0
528,Houston,29.7608,-95.3695,2023-07-08,0.135,['rain'],60.0
529,Houston,29.7608,-95.3695,2023-07-09,0.0,,75.0
530,Houston,29.7608,-95.3695,2023-07-10,0.0,,75.0
531,Houston,29.7608,-95.3695,2023-07-11,0.0,,75.0
532,Houston,29.7608,-95.3695,2023-07-12,0.0,,75.0
533,Houston,29.7608,-95.3695,2023-07-13,0.0,,75.0
534,Houston,29.7608,-95.3695,2023-07-14,0.0,,75.0
535,Houston,29.7608,-95.3695,2023-07-15,0.0,,75.0
536,Houston,29.7608,-95.3695,2023-07-16,0.0,,75.0
537,Houston,29.7608,-95.3695,2023-07-17,0.0,,75.0
538,Houston,29.7608,-95.3695,2023-07-18,0.0,,100.0
539,Houston,29.7608,-95.3695,2023-07-19,0.0,,75.0
540,Houston,29.7608,-95.3695,2023-07-20,0.0,,60.0
541,Houston,29.7608,-95.3695,2023-07-21,0.0,,75.0
542,Houston,29.7608,-95.3695,2023-07-22,0.0,,75.0
543,Houston,29.7608,-95.3695,2023-07-23,0.001,['rain'],60.0
544,Houston,29.7608,-95.3695,2023-07-24,0.0,,60.0
545,Houston,29.7608,-95.3695,2023-07-25,0.13,['rain'],75.0
546,Houston,29.7608,-95.3695,2023-07-26,0.0,,75.0
547,Houston,29.7608,-95.3695,2023-07-27,0.0,,60.0
548,Houston,29.7608,-95.3695,2023-07-28,0.026,['rain'],30.0
549,Houston,29.7608,-95.3695,2023-07-29,0.0,,60.0
550,Houston,29.7608,-95.3695,2023-07-30,0.0,,60.0
551,Houston,29.7608,-95.3695,2023-07-31,0.0,,60.0
552,Kansas City,39.1034,-94.5831,2023-05-01,0.0,,10.0
553,Kansas City,39.1034,-94.5831,2023-05-02,0.0,,10.0
554,Kansas City,39.1034,-94.5831,2023-05-03,0.0,,10.0
555,Kansas City,39.1034,-94.5831,2023-05-04,0.0,,10.0
556,Kansas City,39.1034,-94.5831,2023-05-05,0.0,,10.0
557,Kansas City,39.1034,-94.5831,2023-05-06,0.0,,75.0
558,Kansas City,39.1034,-94.5831,2023-05-07,0.0,,100.0
559,Kansas City,39.1034,-94.5831,2023-05-08,0.001,['rain'],75.0
560,Kansas City,39.1034,-94.5831,2023-05-09,0.0,,10.0
561,Kansas City,39.1034,-94.5831,2023-05-10,0.0,,30.0
562,Kansas City,39.1034,-94.5831,2023-05-11,0.269,['rain'],10.0
563,Kansas City,39.1034,-94.5831,2023-05-12,0.0,,75.0
564,Kansas City,39.1034,-94.5831,2023-05-13,0.039,['rain'],60.0
565,Kansas City,39.1034,-94.5831,2023-05-14,0.03,['rain'],30.0
566,Kansas City,39.1034,-94.5831,2023-05-15,0.292,['rain'],10.0
567,Kansas City,39.1034,-94.5831,2023-05-16,0.032,['rain'],10.0
568,Kansas City,39.1034,-94.5831,2023-05-17,0.0,,10.0
569,Kansas City,39.1034,-94.5831,2023-05-18,0.0,,10.0
570,Kansas City,39.1034,-94.5831,2023-05-19,0.314,['rain'],10.0
571,Kansas City,39.1034,-94.5831,2023-05-20,0.0,,10.0
572,Kansas City,39.1034,-94.5831,2023-05-21,0.0,,10.0
573,Kansas City,39.1034,-94.5831,2023-05-22,0.0,,10.0
574,Kansas City,39.1034,-94.5831,2023-05-23,0.0,,10.0
575,Kansas City,39.1034,-94.5831,2023-05-24,0.0,,30.0
576,Kansas City,39.1034,-94.5831,2023-05-25,0.003,['rain'],10.0
577,Kansas City,39.1034,-94.5831,2023-05-26,0.0,,10.0
578,Kansas City,39.1034,-94.5831,2023-05-27,0.0,,10.0
579,Kansas City,39.1034,-94.5831,2023-05-28,0.0,,10.0
580,Kansas City,39.1034,-94.5831,2023-05-29,0.0,,10.0
581,Kansas City,39.1034,-94.5831,2023-05-30,0.133,['rain'],30.0
582,Kansas City,39.1034,-94.5831,2023-05-31,1.16,['rain'],60.0
583,Kansas City,39.1034,-94.5831,2023-06-01,0.0,,30.0
584,Kansas City,39.1034,-94.5831,2023-06-02,0.001,['rain'],30.0
585,Kansas City,39.1034,-94.5831,2023-06-03,0.0,,30.0
586,Kansas City,39.1034,-94.5831,2023-06-04,0.0,,30.0
587,Kansas City,39.1034,-94.5831,2023-06-05,0.0,,30.0
588,Kansas City,39.1034,-94.5831,2023-06-06,0.0,,30.0
589,Kansas City,39.1034,-94.5831,2023-06-07,0.0,,30.0
590,Kansas City,39.1034,-94.5831,2023-06-08,0.0,,10.0
591,Kansas City,39.1034,-94.5831,2023-06-09,0.0,,10.0
592,Kansas City,39.1034,-94.5831,2023-06-10,0.036,['rain'],10.0
593,Kansas City,39.1034,-94.5831,2023-06-11,0.445,['rain'],10.0
594,Kansas City,39.1034,-94.5831,2023-06-12,0.0,,10.0
595,Kansas City,39.1034,-94.5831,2023-06-13,0.0,,10.0
596,Kansas City,39.1034,-94.5831,2023-06-14,0.0,,10.0
597,Kansas City,39.1034,-94.5831,2023-06-15,0.0,,10.0
598,Kansas City,39.1034,-94.5831,2023-06-16,0.0,,10.0
599,Kansas City,39.1034,-94.5831,2023-06-17,0.0,,60.0
600,Kansas City,39.1034,-94.5831,2023-06-18,0.473,['rain'],30.0
601,Kansas City,39.1034,-94.5831,2023-06-19,0.0,,10.0
602,Kansas City,39.1034,-94.5831,2023-06-20,0.0,,10.0
603,Kansas City,39.1034,-94.5831,2023-06-21,0.0,,10.0
604,Kansas City,39.1034,-94.5831,2023-06-22,0.0,,10.0
605,Kansas City,39.1034,-94.5831,2023-06-23,0.0,,10.0
606,Kansas City,39.1034,-94.5831,2023-06-24,0.0,,60.0
607,Kansas City,39.1034,-94.5831,2023-06-25,0.0,,30.0
608,Kansas City,39.1034,-94.5831,2023-06-26,0.0,,10.0
609,Kansas City,39.1034,-94.5831,2023-06-27,0.0,,10.0
610,Kansas City,39.1034,-94.5831,2023-06-28,0.0,,100.0
611,Kansas City,39.1034,-94.5831,2023-06-29,0.0,,75.0
612,Kansas City,39.1034,-94.5831,2023-06-30,0.001,['rain'],75.0
613,Kansas City,39.1034,-94.5831,2023-07-01,0.087,['rain'],30.0
614,Kansas City,39.1034,-94.5831,2023-07-02,0.0,,10.0
615,Kansas City,39.1034,-94.5831,2023-07-03,0.0,,10.0
616,Kansas City,39.1034,-94.5831,2023-07-04,0.0,,30.0
617,Kansas City,39.1034,-94.5831,2023-07-05,0.895,['rain'],30.0
618,Kansas City,39.1034,-94.5831,2023-07-06,0.0,,10.0
619,Kansas City,39.1034,-94.5831,2023-07-07,0.0,,30.0
620,Kansas City,39.1034,-94.5831,2023-07-08,0.005,['rain'],10.0
621,Kansas City,39.1034,-94.5831,2023-07-09,0.0,,10.0
622,Kansas City,39.1034,-94.5831,2023-07-10,0.0,,10.0
623,Kansas City,39.1034,-94.5831,2023-07-11,0.0,,30.0
624,Kansas City,39.1034,-94.5831,2023-07-12,0.0,,75.0
625,Kansas City,39.1034,-94.5831,2023-07-13,0.0,,30.0
626,Kansas City,39.1034,-94.5831,2023-07-14,1.863,['rain'],60.0
627,Kansas City,39.1034,-94.5831,2023-07-15,0.0,,30.0
628,Kansas City,39.1034,-94.5831,2023-07-16,0.701,['rain'],75.0
629,Kansas City,39.1034,-94.5831,2023-07-17,0.0,,75.0
630,Kansas City,39.1034,-94.5831,2023-07-18,0.208,['rain'],30.0
631,Kansas City,39.1034,-94.5831,2023-07-19,0.0,,100.0
632,Kansas City,39.1034,-94.5831,2023-07-20,0.012,['rain'],60.0
633,Kansas City,39.1034,-94.5831,2023-07-21,0.0,,10.0
634,Kansas City,39.1034,-94.5831,2023-07-22,0.0,,30.0
635,Kansas City,39.1034,-94.5831,2023-07-23,0.0,,60.0
636,Kansas City,39.1034,-94.5831,2023-07-24,0.468,['rain'],75.0
637,Kansas City,39.1034,-94.5831,2023-07-25,0.0,,60.0
638,Kansas City,39.1034,-94.5831,2023-07-26,0.02,['rain'],75.0
639,Kansas City,39.1034,-94.5831,2023-07-27,0.0,,75.0
640,Kansas City,39.1034,-94.5831,2023-07-28,0.0,,60.0
641,Kansas City,39.1034,-94.5831,2023-07-29,0.06,['rain'],30.0
642,Kansas City,39.1034,-94.5831,2023-07-30,1.056,['rain'],30.0
643,Kansas City,39.1034,-94.5831,2023-07-31,0.437,['rain'],30.0
644,Minneapolis,44.979,-93.2649,2023-05-01,0.0,,10.0
645,Minneapolis,44.979,-93.2649,2023-05-02,0.0,,10.0
646,Minneapolis,44.979,-93.2649,2023-05-03,0.0,,10.0
647,Minneapolis,44.979,-93.2649,2023-05-04,0.0,,10.0
648,Minneapolis,44.979,-93.2649,2023-05-05,0.164,['rain'],10.0
649,Minneapolis,44.979,-93.2649,2023-05-06,0.298,['rain'],10.0
650,Minneapolis,44.979,-93.2649,2023-05-07,0.0,,10.0
651,Minneapolis,44.979,-93.2649,2023-05-08,0.0,,30.0
652,Minneapolis,44.979,-93.2649,2023-05-09,0.0,,10.0
653,Minneapolis,44.979,-93.2649,2023-05-10,0.005,['rain'],10.0
654,Minneapolis,44.979,-93.2649,2023-05-11,0.022,['rain'],10.0
655,Minneapolis,44.979,-93.2649,2023-05-12,0.025,['rain'],10.0
656,Minneapolis,44.979,-93.2649,2023-05-13,0.254,['rain'],10.0
657,Minneapolis,44.979,-93.2649,2023-05-14,0.448,['rain'],10.0
658,Minneapolis,44.979,-93.2649,2023-05-15,0.0,,10.0
659,Minneapolis,44.979,-93.2649,2023-05-16,0.0,,10.0
660,Minneapolis,44.979,-93.2649,2023-05-17,0.0,,10.0
661,Minneapolis,44.979,-93.2649,2023-05-18,0.128,['rain'],10.0
662,Minneapolis,44.979,-93.2649,2023-05-19,0.0,,10.0
663,Minneapolis,44.979,-93.2649,2023-05-20,0.0,,10.0
664,Minneapolis,44.979,-93.2649,2023-05-21,0.0,,10.0
665,Minneapolis,44.979,-93.2649,2023-05-22,0.0,,10.0
666,Minneapolis,44.979,-93.2649,2023-05-23,0.0,,10.0
667,Minneapolis,44.979,-93.2649,2023-05-24,0.0,,10.0
668,Minneapolis,44.979,-93.2649,2023-05-25,0.0,,10.0
669,Minneapolis,44.979,-93.2649,2023-05-26,0.0,,10.0
670,Minneapolis,44.979,-93.2649,2023-05-27,0.0,,10.0
671,Minneapolis,44.979,-93.2649,2023-05-28,0.0,,10.0
672,Minneapolis,44.979,-93.2649,2023-05-29,0.0,,10.0
673,Minneapolis,44.979,-93.2649,2023-05-30,0.094,['rain'],30.0
674,Minneapolis,44.979,-93.2649,2023-05-31,0.0,,30.0
675,Minneapolis,44.979,-93.2649,2023-06-01,0.058,['rain'],30.0
676,Minneapolis,44.979,-93.2649,2023-06-02,0.013,['rain'],30.0
677,Minneapolis,44.979,-93.2649,2023-06-03,0.0,,30.0
678,Minneapolis,44.979,-93.2649,2023-06-04,0.0,,10.0
679,Minneapolis,44.979,-93.2649,2023-06-05,0.0,,10.0
680,Minneapolis,44.979,-93.2649,2023-06-06,0.0,,10.0
681,Minneapolis,44.979,-93.2649,2023-06-07,0.0,,10.0
682,Minneapolis,44.979,-93.2649,2023-06-08,0.0,,10.0
683,Minneapolis,44.979,-93.2649,2023-06-09,0.0,,10.0
684,Minneapolis,44.979,-93.2649,2023-06-10,0.147,['rain'],10.0
685,Minneapolis,44.979,-93.2649,2023-06-11,0.0,,10.0
686,Minneapolis,44.979,-93.2649,2023-06-12,0.0,,10.0
687,Minneapolis,44.979,-93.2649,2023-06-13,0.0,,10.0
688,Minneapolis,44.979,-93.2649,2023-06-14,0.0,,10.0
689,Minneapolis,44.979,-93.2649,2023-06-15,0.0,,10.0
690,Minneapolis,44.979,-93.2649,2023-06-16,0.0,,10.0
691,Minneapolis,44.979,-93.2649,2023-06-17,0.0,,10.0
692,Minneapolis,44.979,-93.2649,2023-06-18,0.01,['rain'],10.0
693,Minneapolis,44.979,-93.2649,2023-06-19,0.0,,10.0
694,Minneapolis,44.979,-93.2649,2023-06-20,0.0,,10.0
695,Minneapolis,44.979,-93.2649,2023-06-21,0.0,,10.0
696,Minneapolis,44.979,-93.2649,2023-06-22,0.0,,10.0
697,Minneapolis,44.979,-93.2649,2023-06-23,0.061,['rain'],10.0
698,Minneapolis,44.979,-93.2649,2023-06-24,0.014,['rain'],10.0
699,Minneapolis,44.979,-93.2649,2023-06-25,0.82,['rain'],10.0
700,Minneapolis,44.979,-93.2649,2023-06-26,0.039,['rain'],10.0
701,Minneapolis,44.979,-93.2649,2023-06-27,0.0,,10.0
702,Minneapolis,44.979,-93.2649,2023-06-28,0.013,['rain'],75.0
703,Minneapolis,44.979,-93.2649,2023-06-29,0.0,,30.0
704,Minneapolis,44.979,-93.2649,2023-06-30,0.0,,10.0
705,Minneapolis,44.979,-93.2649,2023-07-01,0.0,,10.0
706,Minneapolis,44.979,-93.2649,2023-07-02,0.0,,10.0
707,Minneapolis,44.979,-93.2649,2023-07-03,0.046,['rain'],75.0
708,Minneapolis,44.979,-93.2649,2023-07-04,0.267,['rain'],60.0
709,Minneapolis,44.979,-93.2649,2023-07-05,0.0,,10.0
710,Minneapolis,44.979,-93.2649,2023-07-06,0.0,,10.0
711,Minneapolis,44.979,-93.2649,2023-07-07,0.0,,10.0
712,Minneapolis,44.979,-93.2649,2023-07-08,0.0,,10.0
713,Minneapolis,44.979,-93.2649,2023-07-09,0.0,,10.0
714,Minneapolis,44.979,-93.2649,2023-07-10,0.0,,30.0
715,Minneapolis,44.979,-93.2649,2023-07-11,0.0,,10.0
716,Minneapolis,44.979,-93.2649,2023-07-12,0.0,,10.0
717,Minneapolis,44.979,-93.2649,2023-07-13,0.152,['rain'],10.0
718,Minneapolis,44.979,-93.2649,2023-07-14,0.046,['rain'],30.0
719,Minneapolis,44.979,-93.2649,2023-07-15,0.0,,10.0
720,Minneapolis,44.979,-93.2649,2023-07-16,0.004,['rain'],10.0
721,Minneapolis,44.979,-93.2649,2023-07-17,0.0,,10.0
722,Minneapolis,44.979,-93.2649,2023-07-18,0.0,,10.0
723,Minneapolis,44.979,-93.2649,2023-07-19,0.172,['rain'],30.0
724,Minneapolis,44.979,-93.2649,2023-07-20,0.0,,10.0
725,Minneapolis,44.979,-93.2649,2023-07-21,0.052,['rain'],10.0
726,Minneapolis,44.979,-93.2649,2023-07-22,0.001,['rain'],30.0
727,Minneapolis,44.979,-93.2649,2023-07-23,0.0,,10.0
728,Minneapolis,44.979,-93.2649,2023-07-24,0.271,['rain'],30.0
729,Minneapolis,44.979,-93.2649,2023-07-25,0.0,,30.0
730,Minneapolis,44.979,-93.2649,2023-07-26,1.103,['rain'],60.0
731,Minneapolis,44.979,-93.2649,2023-07-27,0.0,,75.0
732,Minneapolis,44.979,-93.2649,2023-07-28,0.458,['rain'],60.0
733,Minneapolis,44.979,-93.2649,2023-07-29,0.0,,10.0
734,Minneapolis,44.979,-93.2649,2023-07-30,0.0,,10.0
735,Minneapolis,44.979,-93.2649,2023-07-31,0.0,,10.0
736,Denver,39.74,-104.992,2023-05-01,0.0,,10.0
737,Denver,39.74,-104.992,2023-05-02,0.0,,10.0
738,Denver,39.74,-104.992,2023-05-03,0.0,,10.0
739,Denver,39.74,-104.992,2023-05-04,0.012,['rain'],10.0
740,Denver,39.74,-104.992,2023-05-05,0.0,,10.0
741,Denver,39.74,-104.992,2023-05-06,0.0,,10.0
742,Denver,39.74,-104.992,2023-05-07,0.0,,10.0
743,Denver,39.74,-104.992,2023-05-08,0.083,['rain'],10.0
744,Denver,39.74,-104.992,2023-05-09,0.0,,10.0
745,Denver,39.74,-104.992,2023-05-10,0.478,['rain'],30.0
746,Denver,39.74,-104.992,2023-05-11,3.236,['rain'],10.0
747,Denver,39.74,-104.992,2023-05-12,1.075,['rain'],10.0
748,Denver,39.74,-104.992,2023-05-13,0.002,['rain'],10.0
749,Denver,39.74,-104.992,2023-05-14,0.245,['rain'],10.0
750,Denver,39.74,-104.992,2023-05-15,0.061,['rain'],10.0
751,Denver,39.74,-104.992,2023-05-16,0.073,['rain'],10.0
752,Denver,39.74,-104.992,2023-05-17,0.035,['rain'],10.0
753,Denver,39.74,-104.992,2023-05-18,0.459,['rain'],10.0
754,Denver,39.74,-104.992,2023-05-19,0.02,['rain'],10.0
755,Denver,39.74,-104.992,2023-05-20,0.008,['rain'],10.0
756,Denver,39.74,-104.992,2023-05-21,0.0,,10.0
757,Denver,39.74,-104.992,2023-05-22,0.0,,10.0
758,Denver,39.74,-104.992,2023-05-23,0.0,,10.0
759,Denver,39.74,-104.992,2023-05-24,0.098,['rain'],30.0
760,Denver,39.74,-104.992,2023-05-25,0.319,['rain'],30.0
761,Denver,39.74,-104.992,2023-05-26,0.185,['rain'],30.0
762,Denver,39.74,-104.992,2023-05-27,0.066,['rain'],30.0
763,Denver,39.74,-104.992,2023-05-28,0.0,,10.0
764,Denver,39.74,-104.992,2023-05-29,0.0,,10.0
765,Denver,39.74,-104.992,2023-05-30,0.174,['rain'],10.0
766,Denver,39.74,-104.992,2023-05-31,0.029,['rain'],10.0
767,Denver,39.74,-104.992,2023-06-01,0.215,['rain'],10.0
768,Denver,39.74,-104.992,2023-06-02,0.018,['rain'],10.0
769,Denver,39.74,-104.992,2023-06-03,0.412,['rain'],10.0
770,Denver,39.74,-104.992,2023-06-04,0.93,['rain'],10.0
771,Denver,39.74,-104.992,2023-06-05,0.049,['rain'],10.0
772,Denver,39.74,-104.992,2023-06-06,0.296,['rain'],10.0
773,Denver,39.74,-104.992,2023-06-07,0.0,,10.0
774,Denver,39.74,-104.992,2023-06-08,0.371,['rain'],10.0
775,Denver,39.74,-104.992,2023-06-09,0.198,['rain'],10.0
776,Denver,39.74,-104.992,2023-06-10,0.004,['rain'],30.0
777,Denver,39.74,-104.992,2023-06-11,0.436,['rain'],30.0
778,Denver,39.74,-104.992,2023-06-12,0.281,['rain'],30.0
779,Denver,39.74,-104.992,2023-06-13,0.019,['rain'],10.0
780,Denver,39.74,-104.992,2023-06-14,0.006,['rain'],10.0
781,Denver,39.74,-104.992,2023-06-15,0.247,['rain'],10.0
782,Denver,39.74,-104.992,2023-06-16,0.575,['rain'],10.0
783,Denver,39.74,-104.992,2023-06-17,0.0,,10.0
784,Denver,39.74,-104.992,2023-06-18,0.0,,10.0
785,Denver,39.74,-104.992,2023-06-19,0.0,,10.0
786,Denver,39.74,-104.992,2023-06-20,0.0,,10.0
787,Denver,39.74,-104.992,2023-06-21,0.721,['rain'],60.0
788,Denver,39.74,-104.992,2023-06-22,1.323,['rain'],60.0
789,Denver,39.74,-104.992,2023-06-23,0.002,['rain'],60.0
790,Denver,39.74,-104.992,2023-06-24,0.0,,10.0
791,Denver,39.74,-104.992,2023-06-25,0.0,,10.0
792,Denver,39.74,-104.992,2023-06-26,0.0,,30.0
793,Denver,39.74,-104.992,2023-06-27,0.0,,15.0
794,Denver,39.74,-104.992,2023-06-28,0.0,,30.0
795,Denver,39.74,-104.992,2023-06-29,0.206,['rain'],60.0
796,Denver,39.74,-104.992,2023-06-30,0.531,['rain'],30.0
797,Denver,39.74,-104.992,2023-07-01,0.0,,10.0
798,Denver,39.74,-104.992,2023-07-02,0.0,,10.0
799,Denver,39.74,-104.992,2023-07-03,0.131,['rain'],10.0
800,Denver,39.74,-104.992,2023-07-04,0.603,['rain'],10.0
801,Denver,39.74,-104.992,2023-07-05,0.38,['rain'],30.0
802,Denver,39.74,-104.992,2023-07-06,0.008,['rain'],60.0
803,Denver,39.74,-104.992,2023-07-07,0.153,['rain'],30.0
804,Denver,39.74,-104.992,2023-07-08,0.069,['rain'],30.0
805,Denver,39.74,-104.992,2023-07-09,0.0,,10.0
806,Denver,39.74,-104.992,2023-07-10,0.0,,10.0
807,Denver,39.74,-104.992,2023-07-11,0.0,,10.0
808,Denver,39.74,-104.992,2023-07-12,0.0,,10.0
809,Denver,39.74,-104.992,2023-07-13,0.0,,10.0
810,Denver,39.74,-104.992,2023-07-14,0.0,,10.0
811,Denver,39.74,-104.992,2023-07-15,0.0,,30.0
812,Denver,39.74,-104.992,2023-07-16,0.0,,10.0
813,Denver,39.74,-104.992,2023-07-17,0.0,,10.0
814,Denver,39.74,-104.992,2023-07-18,0.038,['rain'],10.0
815,Denver,39.74,-104.992,2023-07-19,0.0,,10.0
816,Denver,39.74,-104.992,2023-07-20,0.421,['rain'],30.0
817,Denver,39.74,-104.992,2023-07-21,0.078,['rain'],10.0
818,Denver,39.74,-104.992,2023-07-22,0.0,,10.0
819,Denver,39.74,-104.992,2023-07-23,0.0,,10.0
820,Denver,39.74,-104.992,2023-07-24,0.05,['rain'],10.0
821,Denver,39.74,-104.992,2023-07-25,0.023,['rain'],10.0
822,Denver,39.74,-104.992,2023-07-26,0.044,['rain'],10.0
823,Denver,39.74,-104.992,2023-07-27,0.077,['rain'],10.0
824,Denver,39.74,-104.992,2023-07-28,0.064,['rain'],10.0
825,Denver,39.74,-104.992,2023-07-29,0.0,,10.0
826,Denver,39.74,-104.992,2023-07-30,0.0,,10.0
827,Denver,39.74,-104.992,2023-07-31,0.324,['rain'],30.0
828,San Francisco,37.7771,-122.42,2023-05-01,0.005,['rain'],10.0
829,San Francisco,37.7771,-122.42,2023-05-02,0.29,['rain'],10.0
830,San Francisco,37.7771,-122.42,2023-05-03,0.395,['rain'],10.0
831,San Francisco,37.7771,-122.42,2023-05-04,0.005,['rain'],10.0
832,San Francisco,37.7771,-122.42,2023-05-05,0.059,['rain'],10.0
833,San Francisco,37.7771,-122.42,2023-05-06,0.073,['rain'],10.0
834,San Francisco,37.7771,-122.42,2023-05-07,0.0,,10.0
835,San Francisco,37.7771,-122.42,2023-05-08,0.012,['rain'],10.0
836,San Francisco,37.7771,-122.42,2023-05-09,0.0,,10.0
837,San Francisco,37.7771,-122.42,2023-05-10,0.0,,10.0
838,San Francisco,37.7771,-122.42,2023-05-11,0.0,,10.0
839,San Francisco,37.7771,-122.42,2023-05-12,0.0,,10.0
840,San Francisco,37.7771,-122.42,2023-05-13,0.0,,10.0
841,San Francisco,37.7771,-122.42,2023-05-14,0.0,,10.0
842,San Francisco,37.7771,-122.42,2023-05-15,0.0,,10.0
843,San Francisco,37.7771,-122.42,2023-05-16,0.0,,10.0
844,San Francisco,37.7771,-122.42,2023-05-17,0.0,,10.0
845,San Francisco,37.7771,-122.42,2023-05-18,0.0,,10.0
846,San Francisco,37.7771,-122.42,2023-05-19,0.0,,10.0
847,San Francisco,37.7771,-122.42,2023-05-20,0.0,,10.0
848,San Francisco,37.7771,-122.42,2023-05-21,0.0,,10.0
849,San Francisco,37.7771,-122.42,2023-05-22,0.0,,10.0
850,San Francisco,37.7771,-122.42,2023-05-23,0.0,,10.0
851,San Francisco,37.7771,-122.42,2023-05-24,0.0,,10.0
852,San Francisco,37.7771,-122.42,2023-05-25,0.0,,10.0
853,San Francisco,37.7771,-122.42,2023-05-26,0.0,,10.0
854,San Francisco,37.7771,-122.42,2023-05-27,0.0,,10.0
855,San Francisco,37.7771,-122.42,2023-05-28,0.0,,10.0
856,San Francisco,37.7771,-122.42,2023-05-29,0.0,,10.0
857,San Francisco,37.7771,-122.42,2023-05-30,0.0,,10.0
858,San Francisco,37.7771,-122.42,2023-05-31,0.0,,10.0
859,San Francisco,37.7771,-122.42,2023-06-01,0.0,,10.0
860,San Francisco,37.7771,-122.42,2023-06-02,0.0,,10.0
861,San Francisco,37.7771,-122.42,2023-06-03,0.0,,10.0
862,San Francisco,37.7771,-122.42,2023-06-04,0.0,,10.0
863,San Francisco,37.7771,-122.42,2023-06-05,0.0,,10.0
864,San Francisco,37.7771,-122.42,2023-06-06,0.006,['rain'],10.0
865,San Francisco,37.7771,-122.42,2023-06-07,0.0,,10.0
866,San Francisco,37.7771,-122.42,2023-06-08,0.0,,10.0
867,San Francisco,37.7771,-122.42,2023-06-09,0.0,,10.0
868,San Francisco,37.7771,-122.42,2023-06-10,0.0,,10.0
869,San Francisco,37.7771,-122.42,2023-06-11,0.0,,10.0
870,San Francisco,37.7771,-122.42,2023-06-12,0.0,,10.0
871,San Francisco,37.7771,-122.42,2023-06-13,0.0,,10.0
872,San Francisco,37.7771,-122.42,2023-06-14,0.0,,10.0
873,San Francisco,37.7771,-122.42,2023-06-15,0.0,,10.0
874,San Francisco,37.7771,-122.42,2023-06-16,0.0,,10.0
875,San Francisco,37.7771,-122.42,2023-06-17,0.0,,10.0
876,San Francisco,37.7771,-122.42,2023-06-18,0.0,,10.0
877,San Francisco,37.7771,-122.42,2023-06-19,0.0,,10.0
878,San Francisco,37.7771,-122.42,2023-06-20,0.0,,10.0
879,San Francisco,37.7771,-122.42,2023-06-21,0.0,,10.0
880,San Francisco,37.7771,-122.42,2023-06-22,0.0,,10.0
881,San Francisco,37.7771,-122.42,2023-06-23,0.0,,10.0
882,San Francisco,37.7771,-122.42,2023-06-24,0.0,,10.0
883,San Francisco,37.7771,-122.42,2023-06-25,0.0,,10.0
884,San Francisco,37.7771,-122.42,2023-06-26,0.0,,10.0
885,San Francisco,37.7771,-122.42,2023-06-27,0.0,,10.0
886,San Francisco,37.7771,-122.42,2023-06-28,0.0,,10.0
887,San Francisco,37.7771,-122.42,2023-06-29,0.0,,10.0
888,San Francisco,37.7771,-122.42,2023-06-30,0.0,,10.0
889,San Francisco,37.7771,-122.42,2023-07-01,0.0,,10.0
890,San Francisco,37.7771,-122.42,2023-07-02,0.0,,10.0
891,San Francisco,37.7771,-122.42,2023-07-03,0.0,,10.0
892,San Francisco,37.7771,-122.42,2023-07-04,0.0,,10.0
893,San Francisco,37.7771,-122.42,2023-07-05,0.0,,10.0
894,San Francisco,37.7771,-122.42,2023-07-06,0.0,,10.0
895,San Francisco,37.7771,-122.42,2023-07-07,0.0,,10.0
896,San Francisco,37.7771,-122.42,2023-07-08,0.0,,10.0
897,San Francisco,37.7771,-122.42,2023-07-09,0.0,,10.0
898,San Francisco,37.7771,-122.42,2023-07-10,0.0,,10.0
899,San Francisco,37.7771,-122.42,2023-07-11,0.0,,10.0
900,San Francisco,37.7771,-122.42,2023-07-12,0.0,,10.0
901,San Francisco,37.7771,-122.42,2023-07-13,0.0,,10.0
902,San Francisco,37.7771,-122.42,2023-07-14,0.0,,10.0
903,San Francisco,37.7771,-122.42,2023-07-15,0.0,,10.0
904,San Francisco,37.7771,-122.42,2023-07-16,0.0,,10.0
905,San Francisco,37.7771,-122.42,2023-07-17,0.0,,10.0
906,San Francisco,37.7771,-122.42,2023-07-18,0.0,,10.0
907,San Francisco,37.7771,-122.42,2023-07-19,0.0,,10.0
908,San Francisco,37.7771,-122.42,2023-07-20,0.0,,10.0
909,San Francisco,37.7771,-122.42,2023-07-21,0.0,,10.0
910,San Francisco,37.7771,-122.42,2023-07-22,0.0,,10.0
911,San Francisco,37.7771,-122.42,2023-07-23,0.0,,10.0
912,San Francisco,37.7771,-122.42,2023-07-24,0.0,,10.0
913,San Francisco,37.7771,-122.42,2023-07-25,0.0,,10.0
914,San Francisco,37.7771,-122.42,2023-07-26,0.0,,10.0
915,San Francisco,37.7771,-122.42,2023-07-27,0.0,,10.0
916,San Francisco,37.7771,-122.42,2023-07-28,0.0,,10.0
917,San Francisco,37.7771,-122.42,2023-07-29,0.0,,10.0
918,San Francisco,37.7771,-122.42,2023-07-30,0.0,,10.0
919,San Francisco,37.7771,-122.42,2023-07-31,0.0,,10.0
920,Seattle,47.6036,-122.329,2023-05-01,0.019,['rain'],10.0
921,Seattle,47.6036,-122.329,2023-05-02,0.002,['rain'],10.0
922,Seattle,47.6036,-122.329,2023-05-03,0.0,,10.0
923,Seattle,47.6036,-122.329,2023-05-04,0.004,['rain'],10.0
924,Seattle,47.6036,-122.329,2023-05-05,0.336,['rain'],10.0
925,Seattle,47.6036,-122.329,2023-05-06,0.008,['rain'],10.0
926,Seattle,47.6036,-122.329,2023-05-07,0.0,,10.0
927,Seattle,47.6036,-122.329,2023-05-08,0.002,['rain'],10.0
928,Seattle,47.6036,-122.329,2023-05-09,0.008,['rain'],10.0
929,Seattle,47.6036,-122.329,2023-05-10,0.0,,10.0
930,Seattle,47.6036,-122.329,2023-05-11,0.0,,10.0
931,Seattle,47.6036,-122.329,2023-05-12,0.0,,10.0
932,Seattle,47.6036,-122.329,2023-05-13,0.0,,10.0
933,Seattle,47.6036,-122.329,2023-05-14,0.0,,10.0
934,Seattle,47.6036,-122.329,2023-05-15,0.009,['rain'],10.0
935,Seattle,47.6036,-122.329,2023-05-16,0.016,['rain'],10.0
936,Seattle,47.6036,-122.329,2023-05-17,0.0,,10.0
937,Seattle,47.6036,-122.329,2023-05-18,0.0,,10.0
938,Seattle,47.6036,-122.329,2023-05-19,0.0,,10.0
939,Seattle,47.6036,-122.329,2023-05-20,0.002,['rain'],10.0
940,Seattle,47.6036,-122.329,2023-05-21,0.0,,10.0
941,Seattle,47.6036,-122.329,2023-05-22,0.032,['rain'],10.0
942,Seattle,47.6036,-122.329,2023-05-23,0.0,,10.0
943,Seattle,47.6036,-122.329,2023-05-24,0.0,,10.0
944,Seattle,47.6036,-122.329,2023-05-25,0.0,,10.0
945,Seattle,47.6036,-122.329,2023-05-26,0.0,,10.0
946,Seattle,47.6036,-122.329,2023-05-27,0.0,,10.0
947,Seattle,47.6036,-122.329,2023-05-28,0.0,,10.0
948,Seattle,47.6036,-122.329,2023-05-29,0.0,,10.0
949,Seattle,47.6036,-122.329,2023-05-30,0.0,,10.0
950,Seattle,47.6036,-122.329,2023-05-31,0.0,,10.0
951,Seattle,47.6036,-122.329,2023-06-01,0.0,,10.0
952,Seattle,47.6036,-122.329,2023-06-02,0.0,,10.0
953,Seattle,47.6036,-122.329,2023-06-03,0.0,,10.0
954,Seattle,47.6036,-122.329,2023-06-04,0.0,,10.0
955,Seattle,47.6036,-122.329,2023-06-05,0.0,,10.0
956,Seattle,47.6036,-122.329,2023-06-06,0.0,,10.0
957,Seattle,47.6036,-122.329,2023-06-07,0.0,,10.0
958,Seattle,47.6036,-122.329,2023-06-08,0.0,,10.0
959,Seattle,47.6036,-122.329,2023-06-09,0.127,['rain'],10.0
960,Seattle,47.6036,-122.329,2023-06-10,0.192,['rain'],10.0
961,Seattle,47.6036,-122.329,2023-06-11,0.0,,10.0
962,Seattle,47.6036,-122.329,2023-06-12,0.0,,10.0
963,Seattle,47.6036,-122.329,2023-06-13,0.0,,10.0
964,Seattle,47.6036,-122.329,2023-06-14,0.0,,10.0
965,Seattle,47.6036,-122.329,2023-06-15,0.0,,10.0
966,Seattle,47.6036,-122.329,2023-06-16,0.106,['rain'],10.0
967,Seattle,47.6036,-122.329,2023-06-17,0.029,['rain'],10.0
968,Seattle,47.6036,-122.329,2023-06-18,0.167,['rain'],10.0
969,Seattle,47.6036,-122.329,2023-06-19,0.042,['rain'],10.0
970,Seattle,47.6036,-122.329,2023-06-20,0.169,['rain'],10.0
971,Seattle,47.6036,-122.329,2023-06-21,0.0,,10.0
972,Seattle,47.6036,-122.329,2023-06-22,0.0,,10.0
973,Seattle,47.6036,-122.329,2023-06-23,0.0,,10.0
974,Seattle,47.6036,-122.329,2023-06-24,0.0,,10.0
975,Seattle,47.6036,-122.329,2023-06-25,0.0,,10.0
976,Seattle,47.6036,-122.329,2023-06-26,0.0,,10.0
977,Seattle,47.6036,-122.329,2023-06-27,0.0,,10.0
978,Seattle,47.6036,-122.329,2023-06-28,0.0,,10.0
979,Seattle,47.6036,-122.329,2023-06-29,0.0,,10.0
980,Seattle,47.6036,-122.329,2023-06-30,0.0,,10.0
981,Seattle,47.6036,-122.329,2023-07-01,0.0,,10.0
982,Seattle,47.6036,-122.329,2023-07-02,0.0,,10.0
983,Seattle,47.6036,-122.329,2023-07-03,0.0,,10.0
984,Seattle,47.6036,-122.329,2023-07-04,0.0,,10.0
985,Seattle,47.6036,-122.329,2023-07-05,0.0,,10.0
986,Seattle,47.6036,-122.329,2023-07-06,0.0,,10.0
987,Seattle,47.6036,-122.329,2023-07-07,0.0,,10.0
988,Seattle,47.6036,-122.329,2023-07-08,0.0,,10.0
989,Seattle,47.6036,-122.329,2023-07-09,0.0,,10.0
990,Seattle,47.6036,-122.329,2023-07-10,0.0,,10.0
991,Seattle,47.6036,-122.329,2023-07-11,0.0,,10.0
992,Seattle,47.6036,-122.329,2023-07-12,0.0,,10.0
993,Seattle,47.6036,-122.329,2023-07-13,0.0,,10.0
994,Seattle,47.6036,-122.329,2023-07-14,0.0,,10.0
995,Seattle,47.6036,-122.329,2023-07-15,0.0,,10.0
996,Seattle,47.6036,-122.329,2023-07-16,0.0,,10.0
997,Seattle,47.6036,-122.329,2023-07-17,0.0,,10.0
998,Seattle,47.6036,-122.329,2023-07-18,0.0,,10.0
999,Seattle,47.6036,-122.329,2023-07-19,0.0,,10.0
1000,Seattle,47.6036,-122.329,2023-07-20,0.0,,10.0
1001,Seattle,47.6036,-122.329,2023-07-21,0.0,,10.0
1002,Seattle,47.6036,-122.329,2023-07-22,0.0,,10.0
1003,Seattle,47.6036,-122.329,2023-07-23,0.0,,10.0
1004,Seattle,47.6036,-122.329,2023-07-24,0.08,['rain'],10.0
1005,Seattle,47.6036,-122.329,2023-07-25,0.0,,10.0
1006,Seattle,47.6036,-122.329,2023-07-26,0.0,,10.0
1007,Seattle,47.6036,-122.329,2023-07-27,0.0,,10.0
1008,Seattle,47.6036,-122.329,2023-07-28,0.0,,10.0
1009,Seattle,47.6036,-122.329,2023-07-29,0.0,,10.0
1010,Seattle,47.6036,-122.329,2023-07-30,0.0,,10.0
1011,Seattle,47.6036,-122.329,2023-07-31,0.0,,10.0
1012,Phoenix,33.4483,-112.076,2023-05-01,0.0,,10.0
1013,Phoenix,33.4483,-112.076,2023-05-02,0.0,,10.0
1014,Phoenix,33.4483,-112.076,2023-05-03,0.0,,10.0
1015,Phoenix,33.4483,-112.076,2023-05-04,0.0,,10.0
1016,Phoenix,33.4483,-112.076,2023-05-05,0.0,,10.0
1017,Phoenix,33.4483,-112.076,2023-05-06,0.0,,10.0
1018,Phoenix,33.4483,-112.076,2023-05-07,0.0,,10.0
1019,Phoenix,33.4483,-112.076,2023-05-08,0.0,,10.0
1020,Phoenix,33.4483,-112.076,2023-05-09,0.0,,10.0
1021,Phoenix,33.4483,-112.076,2023-05-10,0.0,,10.0
1022,Phoenix,33.4483,-112.076,2023-05-11,0.0,,10.0
1023,Phoenix,33.4483,-112.076,2023-05-12,0.0,,10.0
1024,Phoenix,33.4483,-112.076,2023-05-13,0.0,,10.0
1025,Phoenix,33.4483,-112.076,2023-05-14,0.0,,10.0
1026,Phoenix,33.4483,-112.076,2023-05-15,0.0,,10.0
1027,Phoenix,33.4483,-112.076,2023-05-16,0.0,,10.0
1028,Phoenix,33.4483,-112.076,2023-05-17,0.011,['rain'],10.0
1029,Phoenix,33.4483,-112.076,2023-05-18,0.002,['rain'],10.0
1030,Phoenix,33.4483,-112.076,2023-05-19,0.0,,10.0
1031,Phoenix,33.4483,-112.076,2023-05-20,0.0,,10.0
1032,Phoenix,33.4483,-112.076,2023-05-21,0.0,,10.0
1033,Phoenix,33.4483,-112.076,2023-05-22,0.0,,10.0
1034,Phoenix,33.4483,-112.076,2023-05-23,0.0,,10.0
1035,Phoenix,33.4483,-112.076,2023-05-24,0.0,,10.0
1036,Phoenix,33.4483,-112.076,2023-05-25,0.0,,10.0
1037,Phoenix,33.4483,-112.076,2023-05-26,0.0,,10.0
1038,Phoenix,33.4483,-112.076,2023-05-27,0.0,,10.0
1039,Phoenix,33.4483,-112.076,2023-05-28,0.0,,10.0
1040,Phoenix,33.4483,-112.076,2023-05-29,0.0,,10.0
1041,Phoenix,33.4483,-112.076,2023-05-30,0.0,,10.0
1042,Phoenix,33.4483,-112.076,2023-05-31,0.0,,10.0
1043,Phoenix,33.4483,-112.076,2023-06-01,0.0,,10.0
1044,Phoenix,33.4483,-112.076,2023-06-02,0.0,,10.0
1045,Phoenix,33.4483,-112.076,2023-06-03,0.0,,10.0
1046,Phoenix,33.4483,-112.076,2023-06-04,0.0,,10.0
1047,Phoenix,33.4483,-112.076,2023-06-05,0.0,,10.0
1048,Phoenix,33.4483,-112.076,2023-06-06,0.0,,10.0
1049,Phoenix,33.4483,-112.076,2023-06-07,0.0,,10.0
1050,Phoenix,33.4483,-112.076,2023-06-08,0.0,,10.0
1051,Phoenix,33.4483,-112.076,2023-06-09,0.0,,10.0
1052,Phoenix,33.4483,-112.076,2023-06-10,0.0,,10.0
1053,Phoenix,33.4483,-112.076,2023-06-11,0.0,,10.0
1054,Phoenix,33.4483,-112.076,2023-06-12,0.0,,10.0
1055,Phoenix,33.4483,-112.076,2023-06-13,0.0,,10.0
1056,Phoenix,33.4483,-112.076,2023-06-14,0.0,,10.0
1057,Phoenix,33.4483,-112.076,2023-06-15,0.0,,10.0
1058,Phoenix,33.4483,-112.076,2023-06-16,0.0,,10.0
1059,Phoenix,33.4483,-112.076,2023-06-17,0.0,,10.0
1060,Phoenix,33.4483,-112.076,2023-06-18,0.0,,10.0
1061,Phoenix,33.4483,-112.076,2023-06-19,0.0,,10.0
1062,Phoenix,33.4483,-112.076,2023-06-20,0.0,,10.0
1063,Phoenix,33.4483,-112.076,2023-06-21,0.0,,10.0
1064,Phoenix,33.4483,-112.076,2023-06-22,0.0,,10.0
1065,Phoenix,33.4483,-112.076,2023-06-23,0.0,,10.0
1066,Phoenix,33.4483,-112.076,2023-06-24,0.0,,10.0
1067,Phoenix,33.4483,-112.076,2023-06-25,0.0,,10.0
1068,Phoenix,33.4483,-112.076,2023-06-26,0.0,,10.0
1069,Phoenix,33.4483,-112.076,2023-06-27,0.0,,10.0
1070,Phoenix,33.4483,-112.076,2023-06-28,0.0,,10.0
1071,Phoenix,33.4483,-112.076,2023-06-29,0.0,,10.0
1072,Phoenix,33.4483,-112.076,2023-06-30,0.0,,10.0
1073,Phoenix,33.4483,-112.076,2023-07-01,0.0,,10.0
1074,Phoenix,33.4483,-112.076,2023-07-02,0.0,,10.0
1075,Phoenix,33.4483,-112.076,2023-07-03,0.0,,10.0
1076,Phoenix,33.4483,-112.076,2023-07-04,0.0,,10.0
1077,Phoenix,33.4483,-112.076,2023-07-05,0.0,,10.0
1078,Phoenix,33.4483,-112.076,2023-07-06,0.0,,10.0
1079,Phoenix,33.4483,-112.076,2023-07-07,0.0,,10.0
1080,Phoenix,33.4483,-112.076,2023-07-08,0.0,,10.0
1081,Phoenix,33.4483,-112.076,2023-07-09,0.0,,10.0
1082,Phoenix,33.4483,-112.076,2023-07-10,0.0,,10.0
1083,Phoenix,33.4483,-112.076,2023-07-11,0.0,,10.0
1084,Phoenix,33.4483,-112.076,2023-07-12,0.0,,10.0
1085,Phoenix,33.4483,-112.076,2023-07-13,0.0,,10.0
1086,Phoenix,33.4483,-112.076,2023-07-14,0.0,,10.0
1087,Phoenix,33.4483,-112.076,2023-07-15,0.0,,10.0
1088,Phoenix,33.4483,-112.076,2023-07-16,0.0,,15.0
1089,Phoenix,33.4483,-112.076,2023-07-17,0.0,,30.0
1090,Phoenix,33.4483,-112.076,2023-07-18,0.0,,30.0
1091,Phoenix,33.4483,-112.076,2023-07-19,0.0,,10.0
1092,Phoenix,33.4483,-112.076,2023-07-20,0.0,,10.0
1093,Phoenix,33.4483,-112.076,2023-07-21,0.0,,10.0
1094,Phoenix,33.4483,-112.076,2023-07-22,0.0,,10.0
1095,Phoenix,33.4483,-112.076,2023-07-23,0.0,,10.0
1096,Phoenix,33.4483,-112.076,2023-07-24,0.0,,10.0
1097,Phoenix,33.4483,-112.076,2023-07-25,0.0,,10.0
1098,Phoenix,33.4483,-112.076,2023-07-26,0.001,['rain'],30.0
1099,Phoenix,33.4483,-112.076,2023-07-27,0.001,['rain'],30.0
1100,Phoenix,33.4483,-112.076,2023-07-28,0.0,,10.0
1101,Phoenix,33.4483,-112.076,2023-07-29,0.0,,10.0
1102,Phoenix,33.4483,-112.076,2023-07-30,0.0,,30.0
1103,Phoenix,33.4483,-112.076,2023-07-31,0.001,['rain'],30.0
