,city,date,moonphase,sunrise,sunset
0,Chicago,2023-05-01,0.37,05:46:59,19:49:04
1,Chicago,2023-05-02,0.4,05:45:40,19:50:09
2,Chicago,2023-05-03,0.43,05:44:22,19:51:14
3,Chicago,2023-05-04,0.47,05:43:06,19:52:19
4,Chicago,2023-05-05,0.5,05:41:50,19:53:24
5,Chicago,2023-05-06,0.54,05:40:36,19:54:28
6,Chicago,2023-05-07,0.57,05:39:24,19:55:32
7,Chicago,2023-05-08,0.61,05:38:12,19:56:36
8,Chicago,2023-05-09,0.64,05:37:03,19:57:40
9,Chicago,2023-05-10,0.68,05:35:54,19:58:43
10,Chicago,2023-05-11,0.71,05:34:48,19:59:46
11,Chicago,2023-05-12,0.75,05:33:42,20:00:48
12,Chicago,2023-05-13,0.79,05:32:39,20:01:50
13,Chicago,2023-05-14,0.82,05:31:36,20:02:52
14,Chicago,2023-05-15,0.86,05:30:36,20:03:52
15,Chicago,2023-05-16,0.89,05:29:37,20:04:53
16,Chicago,2023-05-17,0.93,05:28:40,20:05:53
17,Chicago,2023-05-18,0.97,05:27:44,20:06:52
18,Chicago,2023-05-19,0.0,05:26:51,20:07:50
19,Chicago,2023-05-20,0.03,05:25:59,20:08:48
20,Chicago,2023-05-21,0.07,05:25:09,20:09:45
21,Chicago,2023-05-22,0.1,05:24:20,20:10:42
22,Chicago,2023-05-23,0.13,05:23:34,20:11:37
23,Chicago,2023-05-24,0.16,05:22:49,20:12:32
24,Chicago,2023-05-25,0.2,05:22:07,20:13:25
25,Chicago,2023-05-26,0.23,05:21:26,20:14:18
26,Chicago,2023-05-27,0.25,05:20:47,20:15:10
27,Chicago,2023-05-28,0.29,05:20:10,20:16:01
28,Chicago,2023-05-29,0.32,05:19:35,20:16:50
29,Chicago,2023-05-30,0.36,05:19:02,20:17:39
30,Chicago,2023-05-31,0.39,05:18:31,20:18:26
31,Chicago,2023-06-01,0.42,05:18:02,20:19:12
32,Chicago,2023-06-02,0.45,05:17:35,20:19:57
33,Chicago,2023-06-03,0.5,05:17:10,20:20:40
34,Chicago,2023-06-04,0.52,05:16:47,20:21:22
35,Chicago,2023-06-05,0.56,05:16:27,20:22:03
36,Chicago,2023-06-06,0.59,05:16:08,20:22:43
37,Chicago,2023-06-07,0.63,05:15:51,20:23:20
38,Chicago,2023-06-08,0.66,05:15:36,20:23:57
39,Chicago,2023-06-09,0.7,05:15:24,20:24:31
40,Chicago,2023-06-10,0.75,05:15:13,20:25:05
41,Chicago,2023-06-11,0.77,05:15:05,20:25:36
42,Chicago,2023-06-12,0.8,05:14:59,20:26:06
43,Chicago,2023-06-13,0.84,05:14:54,20:26:34
44,Chicago,2023-06-14,0.88,05:14:52,20:27:00
45,Chicago,2023-06-15,0.91,05:14:52,20:27:25
46,Chicago,2023-06-16,0.95,05:14:54,20:27:48
47,Chicago,2023-06-17,0.0,05:14:58,20:28:08
48,Chicago,2023-06-18,0.02,05:15:03,20:28:27
49,Chicago,2023-06-19,0.05,05:15:11,20:28:44
50,Chicago,2023-06-20,0.08,05:15:21,20:29:00
51,Chicago,2023-06-21,0.11,05:15:33,20:29:13
52,Chicago,2023-06-22,0.15,05:15:46,20:29:24
53,Chicago,2023-06-23,0.18,05:16:02,20:29:33
54,Chicago,2023-06-24,0.21,05:16:19,20:29:40
55,Chicago,2023-06-25,0.25,05:16:38,20:29:46
56,Chicago,2023-06-26,0.25,05:16:59,20:29:49
57,Chicago,2023-06-27,0.31,05:17:22,20:29:50
58,Chicago,2023-06-28,0.34,05:17:47,20:29:49
59,Chicago,2023-06-29,0.38,05:18:13,20:29:45
60,Chicago,2023-06-30,0.41,05:18:41,20:29:40
61,Chicago,2023-07-01,0.44,05:19:10,20:29:33
62,Chicago,2023-07-02,0.47,05:19:42,20:29:23
63,Chicago,2023-07-03,0.5,05:20:14,20:29:12
64,Chicago,2023-07-04,0.54,05:20:48,20:28:58
65,Chicago,2023-07-05,0.58,05:21:24,20:28:42
66,Chicago,2023-07-06,0.61,05:22:01,20:28:24
67,Chicago,2023-07-07,0.65,05:22:40,20:28:04
68,Chicago,2023-07-08,0.68,05:23:20,20:27:42
69,Chicago,2023-07-09,0.75,05:24:01,20:27:18
70,Chicago,2023-07-10,0.75,05:24:43,20:26:52
71,Chicago,2023-07-11,0.79,05:25:27,20:26:23
72,Chicago,2023-07-12,0.82,05:26:12,20:25:53
73,Chicago,2023-07-13,0.86,05:26:58,20:25:21
74,Chicago,2023-07-14,0.89,05:27:45,20:24:46
75,Chicago,2023-07-15,0.93,05:28:33,20:24:10
76,Chicago,2023-07-16,0.96,05:29:22,20:23:31
77,Chicago,2023-07-17,0.0,05:30:12,20:22:51
78,Chicago,2023-07-18,0.03,05:31:03,20:22:08
79,Chicago,2023-07-19,0.06,05:31:55,20:21:24
80,Chicago,2023-07-20,0.1,05:32:47,20:20:38
81,Chicago,2023-07-21,0.13,05:33:41,20:19:50
82,Chicago,2023-07-22,0.16,05:34:35,20:19:00
83,Chicago,2023-07-23,0.2,05:35:30,20:18:08
84,Chicago,2023-07-24,0.23,05:36:25,20:17:14
85,Chicago,2023-07-25,0.25,05:37:22,20:16:19
86,Chicago,2023-07-26,0.3,05:38:18,20:15:22
87,Chicago,2023-07-27,0.33,05:39:16,20:14:23
88,Chicago,2023-07-28,0.36,05:40:13,20:13:23
89,Chicago,2023-07-29,0.4,05:41:12,20:12:20
90,Chicago,2023-07-30,0.43,05:42:10,20:11:17
91,Chicago,2023-07-31,0.46,05:43:10,20:10:11
92,New York,2023-05-01,0.37,05:54:56,19:52:06
93,New York,2023-05-02,0.4,05:53:40,19:53:08
94,New York,2023-05-03,0.43,05:52:25,19:54:10
95,New York,2023-05-04,0.47,05:51:11,19:55:12
96,New York,2023-05-05,0.5,05:49:59,19:56:13
97,New York,2023-05-06,0.53,05:48:48,19:57:15
98,New York,2023-05-07,0.57,05:47:38,19:58:16
99,New York,2023-05-08,0.61,05:46:30,19:59:17
100,New York,2023-05-09,0.64,05:45:23,20:00:18
101,New York,2023-05-10,0.68,05:44:17,20:01:18
102,New York,2023-05-11,0.71,05:43:13,20:02:18
103,New York,2023-05-12,0.75,05:42:11,20:03:18
104,New York,2023-05-13,0.78,05:41:10,20:04:17
105,New York,2023-05-14,0.82,05:40:10,20:05:15
106,New York,2023-05-15,0.86,05:39:13,20:06:14
107,New York,2023-05-16,0.89,05:38:16,20:07:12
108,New York,2023-05-17,0.93,05:37:22,20:08:09
109,New York,2023-05-18,0.96,05:36:29,20:09:05
110,New York,2023-05-19,0.0,05:35:38,20:10:01
111,New York,2023-05-20,0.03,05:34:48,20:10:57
112,New York,2023-05-21,0.06,05:34:00,20:11:52
113,New York,2023-05-22,0.1,05:33:14,20:12:46
114,New York,2023-05-23,0.13,05:32:30,20:13:39
115,New York,2023-05-24,0.16,05:31:48,20:14:31
116,New York,2023-05-25,0.19,05:31:07,20:15:23
117,New York,2023-05-26,0.23,05:30:28,20:16:13
118,New York,2023-05-27,0.25,05:29:52,20:17:03
119,New York,2023-05-28,0.29,05:29:17,20:17:52
120,New York,2023-05-29,0.32,05:28:44,20:18:39
121,New York,2023-05-30,0.36,05:28:12,20:19:26
122,New York,2023-05-31,0.39,05:27:43,20:20:12
123,New York,2023-06-01,0.42,05:27:16,20:20:56
124,New York,2023-06-02,0.45,05:26:51,20:21:39
125,New York,2023-06-03,0.5,05:26:27,20:22:21
126,New York,2023-06-04,0.52,05:26:06,20:23:02
127,New York,2023-06-05,0.55,05:25:46,20:23:41
128,New York,2023-06-06,0.59,05:25:29,20:24:19
129,New York,2023-06-07,0.63,05:25:14,20:24:56
130,New York,2023-06-08,0.66,05:25:00,20:25:31
131,New York,2023-06-09,0.7,05:24:49,20:26:05
132,New York,2023-06-10,0.75,05:24:39,20:26:37
133,New York,2023-06-11,0.77,05:24:32,20:27:08
134,New York,2023-06-12,0.8,05:24:26,20:27:37
135,New York,2023-06-13,0.84,05:24:23,20:28:04
136,New York,2023-06-14,0.87,05:24:21,20:28:30
137,New York,2023-06-15,0.91,05:24:21,20:28:54
138,New York,2023-06-16,0.95,05:24:24,20:29:16
139,New York,2023-06-17,0.98,05:24:28,20:29:37
140,New York,2023-06-18,0.0,05:24:34,20:29:56
141,New York,2023-06-19,0.05,05:24:42,20:30:13
142,New York,2023-06-20,0.08,05:24:52,20:30:28
143,New York,2023-06-21,0.11,05:25:03,20:30:41
144,New York,2023-06-22,0.15,05:25:17,20:30:52
145,New York,2023-06-23,0.18,05:25:32,20:31:02
146,New York,2023-06-24,0.21,05:25:49,20:31:09
147,New York,2023-06-25,0.24,05:26:08,20:31:15
148,New York,2023-06-26,0.25,05:26:29,20:31:19
149,New York,2023-06-27,0.31,05:26:51,20:31:20
150,New York,2023-06-28,0.34,05:27:15,20:31:20
151,New York,2023-06-29,0.38,05:27:40,20:31:18
152,New York,2023-06-30,0.41,05:28:07,20:31:13
153,New York,2023-07-01,0.44,05:28:36,20:31:07
154,New York,2023-07-02,0.47,05:29:06,20:30:58
155,New York,2023-07-03,0.5,05:29:38,20:30:48
156,New York,2023-07-04,0.54,05:30:11,20:30:36
157,New York,2023-07-05,0.58,05:30:45,20:30:21
158,New York,2023-07-06,0.61,05:31:21,20:30:05
159,New York,2023-07-07,0.65,05:31:58,20:29:46
160,New York,2023-07-08,0.68,05:32:37,20:29:25
161,New York,2023-07-09,0.75,05:33:16,20:29:03
162,New York,2023-07-10,0.75,05:33:57,20:28:38
163,New York,2023-07-11,0.79,05:34:39,20:28:12
164,New York,2023-07-12,0.82,05:35:22,20:27:43
165,New York,2023-07-13,0.86,05:36:06,20:27:13
166,New York,2023-07-14,0.89,05:36:51,20:26:40
167,New York,2023-07-15,0.93,05:37:38,20:26:06
168,New York,2023-07-16,0.96,05:38:25,20:25:29
169,New York,2023-07-17,0.0,05:39:13,20:24:51
170,New York,2023-07-18,0.03,05:40:01,20:24:11
171,New York,2023-07-19,0.06,05:40:51,20:23:29
172,New York,2023-07-20,0.1,05:41:41,20:22:45
173,New York,2023-07-21,0.13,05:42:33,20:21:59
174,New York,2023-07-22,0.16,05:43:24,20:21:12
175,New York,2023-07-23,0.2,05:44:17,20:20:23
176,New York,2023-07-24,0.23,05:45:10,20:19:32
177,New York,2023-07-25,0.25,05:46:04,20:18:39
178,New York,2023-07-26,0.3,05:46:58,20:17:44
179,New York,2023-07-27,0.33,05:47:52,20:16:48
180,New York,2023-07-28,0.36,05:48:48,20:15:50
181,New York,2023-07-29,0.4,05:49:43,20:14:51
182,New York,2023-07-30,0.43,05:50:39,20:13:50
183,New York,2023-07-31,0.46,05:51:35,20:12:47
184,Los Angeles,2023-05-01,0.37,06:03:50,19:36:53
185,Los Angeles,2023-05-02,0.41,06:02:50,19:37:40
186,Los Angeles,2023-05-03,0.44,06:01:51,19:38:27
187,Los Angeles,2023-05-04,0.47,06:00:52,19:39:14
188,Los Angeles,2023-05-05,0.5,05:59:55,19:40:00
189,Los Angeles,2023-05-06,0.54,05:58:59,19:40:47
190,Los Angeles,2023-05-07,0.57,05:58:04,19:41:33
191,Los Angeles,2023-05-08,0.61,05:57:11,19:42:20
192,Los Angeles,2023-05-09,0.65,05:56:19,19:43:06
193,Los Angeles,2023-05-10,0.68,05:55:28,19:43:52
194,Los Angeles,2023-05-11,0.72,05:54:38,19:44:38
195,Los Angeles,2023-05-12,0.75,05:53:50,19:45:23
196,Los Angeles,2023-05-13,0.79,05:53:03,19:46:09
197,Los Angeles,2023-05-14,0.83,05:52:17,19:46:54
198,Los Angeles,2023-05-15,0.86,05:51:33,19:47:39
199,Los Angeles,2023-05-16,0.9,05:50:50,19:48:24
200,Los Angeles,2023-05-17,0.93,05:50:08,19:49:08
201,Los Angeles,2023-05-18,0.97,05:49:28,19:49:52
202,Los Angeles,2023-05-19,0.0,05:48:49,19:50:36
203,Los Angeles,2023-05-20,0.04,05:48:12,19:51:19
204,Los Angeles,2023-05-21,0.07,05:47:37,19:52:02
205,Los Angeles,2023-05-22,0.1,05:47:03,19:52:45
206,Los Angeles,2023-05-23,0.13,05:46:30,19:53:27
207,Los Angeles,2023-05-24,0.17,05:45:59,19:54:08
208,Los Angeles,2023-05-25,0.2,05:45:29,19:54:49
209,Los Angeles,2023-05-26,0.23,05:45:01,19:55:29
210,Los Angeles,2023-05-27,0.25,05:44:35,19:56:09
211,Los Angeles,2023-05-28,0.29,05:44:10,19:56:48
212,Los Angeles,2023-05-29,0.33,05:43:47,19:57:26
213,Los Angeles,2023-05-30,0.36,05:43:25,19:58:03
214,Los Angeles,2023-05-31,0.39,05:43:05,19:58:40
215,Los Angeles,2023-06-01,0.42,05:42:46,19:59:16
216,Los Angeles,2023-06-02,0.46,05:42:29,19:59:51
217,Los Angeles,2023-06-03,0.5,05:42:14,20:00:26
218,Los Angeles,2023-06-04,0.52,05:42:00,20:00:59
219,Los Angeles,2023-06-05,0.56,05:41:48,20:01:31
220,Los Angeles,2023-06-06,0.59,05:41:38,20:02:03
221,Los Angeles,2023-06-07,0.63,05:41:29,20:02:33
222,Los Angeles,2023-06-08,0.67,05:41:22,20:03:03
223,Los Angeles,2023-06-09,0.7,05:41:16,20:03:31
224,Los Angeles,2023-06-10,0.75,05:41:12,20:03:58
225,Los Angeles,2023-06-11,0.77,05:41:09,20:04:24
226,Los Angeles,2023-06-12,0.81,05:41:08,20:04:49
227,Los Angeles,2023-06-13,0.84,05:41:08,20:05:13
228,Los Angeles,2023-06-14,0.88,05:41:10,20:05:36
229,Los Angeles,2023-06-15,0.91,05:41:14,20:05:57
230,Los Angeles,2023-06-16,0.95,05:41:19,20:06:17
231,Los Angeles,2023-06-17,0.0,05:41:25,20:06:35
232,Los Angeles,2023-06-18,0.02,05:41:33,20:06:53
233,Los Angeles,2023-06-19,0.05,05:41:43,20:07:09
234,Los Angeles,2023-06-20,0.08,05:41:54,20:07:23
235,Los Angeles,2023-06-21,0.12,05:42:06,20:07:36
236,Los Angeles,2023-06-22,0.15,05:42:19,20:07:48
237,Los Angeles,2023-06-23,0.18,05:42:34,20:07:58
238,Los Angeles,2023-06-24,0.22,05:42:51,20:08:06
239,Los Angeles,2023-06-25,0.25,05:43:08,20:08:14
240,Los Angeles,2023-06-26,0.25,05:43:27,20:08:19
241,Los Angeles,2023-06-27,0.31,05:43:47,20:08:23
242,Los Angeles,2023-06-28,0.35,05:44:08,20:08:26
243,Los Angeles,2023-06-29,0.38,05:44:31,20:08:27
244,Los Angeles,2023-06-30,0.41,05:44:54,20:08:26
245,Los Angeles,2023-07-01,0.44,05:45:19,20:08:24
246,Los Angeles,2023-07-02,0.48,05:45:45,20:08:20
247,Los Angeles,2023-07-03,0.5,05:46:12,20:08:14
248,Los Angeles,2023-07-04,0.55,05:46:40,20:08:07
249,Los Angeles,2023-07-05,0.58,05:47:09,20:07:59
250,Los Angeles,2023-07-06,0.62,05:47:39,20:07:48
251,Los Angeles,2023-07-07,0.65,05:48:09,20:07:36
252,Los Angeles,2023-07-08,0.69,05:48:41,20:07:23
253,Los Angeles,2023-07-09,0.75,05:49:14,20:07:07
254,Los Angeles,2023-07-10,0.76,05:49:47,20:06:50
255,Los Angeles,2023-07-11,0.79,05:50:21,20:06:32
256,Los Angeles,2023-07-12,0.83,05:50:56,20:06:12
257,Los Angeles,2023-07-13,0.86,05:51:31,20:05:50
258,Los Angeles,2023-07-14,0.9,05:52:08,20:05:26
259,Los Angeles,2023-07-15,0.93,05:52:44,20:05:01
260,Los Angeles,2023-07-16,0.97,05:53:22,20:04:35
261,Los Angeles,2023-07-17,0.0,05:54:00,20:04:06
262,Los Angeles,2023-07-18,0.03,05:54:39,20:03:36
263,Los Angeles,2023-07-19,0.07,05:55:18,20:03:05
264,Los Angeles,2023-07-20,0.1,05:55:57,20:02:32
265,Los Angeles,2023-07-21,0.13,05:56:37,20:01:57
266,Los Angeles,2023-07-22,0.17,05:57:18,20:01:21
267,Los Angeles,2023-07-23,0.2,05:57:58,20:00:44
268,Los Angeles,2023-07-24,0.23,05:58:40,20:00:05
269,Los Angeles,2023-07-25,0.25,05:59:21,19:59:24
270,Los Angeles,2023-07-26,0.3,06:00:03,19:58:42
271,Los Angeles,2023-07-27,0.33,06:00:45,19:57:58
272,Los Angeles,2023-07-28,0.37,06:01:27,19:57:13
273,Los Angeles,2023-07-29,0.4,06:02:10,19:56:27
274,Los Angeles,2023-07-30,0.43,06:02:52,19:55:39
275,Los Angeles,2023-07-31,0.47,06:03:35,19:54:50
276,Atlanta,2023-05-01,0.37,06:49:01,20:20:54
277,Atlanta,2023-05-02,0.4,06:48:01,20:21:40
278,Atlanta,2023-05-03,0.43,06:47:03,20:22:26
279,Atlanta,2023-05-04,0.47,06:46:05,20:23:12
280,Atlanta,2023-05-05,0.5,06:45:08,20:23:58
281,Atlanta,2023-05-06,0.53,06:44:13,20:24:44
282,Atlanta,2023-05-07,0.57,06:43:18,20:25:30
283,Atlanta,2023-05-08,0.61,06:42:25,20:26:15
284,Atlanta,2023-05-09,0.64,06:41:34,20:27:01
285,Atlanta,2023-05-10,0.68,06:40:43,20:27:47
286,Atlanta,2023-05-11,0.71,06:39:54,20:28:32
287,Atlanta,2023-05-12,0.75,06:39:06,20:29:17
288,Atlanta,2023-05-13,0.78,06:38:19,20:30:02
289,Atlanta,2023-05-14,0.82,06:37:34,20:30:47
290,Atlanta,2023-05-15,0.86,06:36:50,20:31:31
291,Atlanta,2023-05-16,0.89,06:36:08,20:32:16
292,Atlanta,2023-05-17,0.93,06:35:27,20:32:59
293,Atlanta,2023-05-18,0.96,06:34:47,20:33:43
294,Atlanta,2023-05-19,0.0,06:34:09,20:34:26
295,Atlanta,2023-05-20,0.03,06:33:32,20:35:09
296,Atlanta,2023-05-21,0.06,06:32:57,20:35:52
297,Atlanta,2023-05-22,0.1,06:32:23,20:36:34
298,Atlanta,2023-05-23,0.13,06:31:50,20:37:15
299,Atlanta,2023-05-24,0.16,06:31:20,20:37:56
300,Atlanta,2023-05-25,0.19,06:30:50,20:38:36
301,Atlanta,2023-05-26,0.23,06:30:23,20:39:16
302,Atlanta,2023-05-27,0.25,06:29:56,20:39:56
303,Atlanta,2023-05-28,0.29,06:29:32,20:40:34
304,Atlanta,2023-05-29,0.32,06:29:09,20:41:12
305,Atlanta,2023-05-30,0.36,06:28:47,20:41:49
306,Atlanta,2023-05-31,0.39,06:28:27,20:42:26
307,Atlanta,2023-06-01,0.42,06:28:09,20:43:02
308,Atlanta,2023-06-02,0.45,06:27:52,20:43:37
309,Atlanta,2023-06-03,0.5,06:27:37,20:44:11
310,Atlanta,2023-06-04,0.52,06:27:24,20:44:44
311,Atlanta,2023-06-05,0.55,06:27:12,20:45:16
312,Atlanta,2023-06-06,0.59,06:27:01,20:45:47
313,Atlanta,2023-06-07,0.63,06:26:52,20:46:18
314,Atlanta,2023-06-08,0.66,06:26:45,20:46:47
315,Atlanta,2023-06-09,0.7,06:26:39,20:47:15
316,Atlanta,2023-06-10,0.75,06:26:35,20:47:42
317,Atlanta,2023-06-11,0.77,06:26:33,20:48:08
318,Atlanta,2023-06-12,0.8,06:26:32,20:48:33
319,Atlanta,2023-06-13,0.84,06:26:32,20:48:57
320,Atlanta,2023-06-14,0.87,06:26:34,20:49:20
321,Atlanta,2023-06-15,0.91,06:26:38,20:49:41
322,Atlanta,2023-06-16,0.95,06:26:43,20:50:01
323,Atlanta,2023-06-17,0.98,06:26:49,20:50:19
324,Atlanta,2023-06-18,0.0,06:26:57,20:50:37
325,Atlanta,2023-06-19,0.05,06:27:06,20:50:53
326,Atlanta,2023-06-20,0.08,06:27:17,20:51:07
327,Atlanta,2023-06-21,0.11,06:27:29,20:51:20
328,Atlanta,2023-06-22,0.15,06:27:43,20:51:32
329,Atlanta,2023-06-23,0.18,06:27:57,20:51:43
330,Atlanta,2023-06-24,0.21,06:28:13,20:51:51
331,Atlanta,2023-06-25,0.24,06:28:31,20:51:59
332,Atlanta,2023-06-26,0.25,06:28:49,20:52:05
333,Atlanta,2023-06-27,0.31,06:29:09,20:52:09
334,Atlanta,2023-06-28,0.34,06:29:30,20:52:12
335,Atlanta,2023-06-29,0.38,06:29:53,20:52:13
336,Atlanta,2023-06-30,0.41,06:30:16,20:52:13
337,Atlanta,2023-07-01,0.44,06:30:41,20:52:11
338,Atlanta,2023-07-02,0.47,06:31:06,20:52:07
339,Atlanta,2023-07-03,0.5,06:31:33,20:52:02
340,Atlanta,2023-07-04,0.54,06:32:00,20:51:55
341,Atlanta,2023-07-05,0.58,06:32:29,20:51:47
342,Atlanta,2023-07-06,0.61,06:32:58,20:51:37
343,Atlanta,2023-07-07,0.65,06:33:29,20:51:25
344,Atlanta,2023-07-08,0.68,06:34:00,20:51:12
345,Atlanta,2023-07-09,0.75,06:34:32,20:50:57
346,Atlanta,2023-07-10,0.75,06:35:05,20:50:41
347,Atlanta,2023-07-11,0.79,06:35:39,20:50:23
348,Atlanta,2023-07-12,0.82,06:36:13,20:50:03
349,Atlanta,2023-07-13,0.86,06:36:48,20:49:42
350,Atlanta,2023-07-14,0.89,06:37:24,20:49:19
351,Atlanta,2023-07-15,0.93,06:38:01,20:48:54
352,Atlanta,2023-07-16,0.96,06:38:38,20:48:28
353,Atlanta,2023-07-17,0.0,06:39:15,20:48:00
354,Atlanta,2023-07-18,0.03,06:39:53,20:47:31
355,Atlanta,2023-07-19,0.06,06:40:32,20:47:00
356,Atlanta,2023-07-20,0.1,06:41:11,20:46:28
357,Atlanta,2023-07-21,0.13,06:41:51,20:45:54
358,Atlanta,2023-07-22,0.16,06:42:31,20:45:18
359,Atlanta,2023-07-23,0.2,06:43:11,20:44:41
360,Atlanta,2023-07-24,0.23,06:43:52,20:44:03
361,Atlanta,2023-07-25,0.25,06:44:32,20:43:23
362,Atlanta,2023-07-26,0.3,06:45:14,20:42:41
363,Atlanta,2023-07-27,0.33,06:45:55,20:41:59
364,Atlanta,2023-07-28,0.36,06:46:37,20:41:14
365,Atlanta,2023-07-29,0.4,06:47:19,20:40:29
366,Atlanta,2023-07-30,0.43,06:48:01,20:39:41
367,Atlanta,2023-07-31,0.46,06:48:43,20:38:53
368,Miami,2023-05-01,0.37,06:44:11,19:52:02
369,Miami,2023-05-02,0.4,06:43:26,19:52:33
370,Miami,2023-05-03,0.43,06:42:42,19:53:05
371,Miami,2023-05-04,0.47,06:41:59,19:53:36
372,Miami,2023-05-05,0.5,06:41:17,19:54:07
373,Miami,2023-05-06,0.53,06:40:36,19:54:39
374,Miami,2023-05-07,0.57,06:39:56,19:55:11
375,Miami,2023-05-08,0.61,06:39:17,19:55:43
376,Miami,2023-05-09,0.64,06:38:39,19:56:14
377,Miami,2023-05-10,0.68,06:38:02,19:56:46
378,Miami,2023-05-11,0.71,06:37:26,19:57:18
379,Miami,2023-05-12,0.75,06:36:52,19:57:50
380,Miami,2023-05-13,0.78,06:36:18,19:58:22
381,Miami,2023-05-14,0.82,06:35:46,19:58:54
382,Miami,2023-05-15,0.86,06:35:15,19:59:26
383,Miami,2023-05-16,0.89,06:34:45,19:59:58
384,Miami,2023-05-17,0.93,06:34:16,20:00:30
385,Miami,2023-05-18,0.96,06:33:48,20:01:01
386,Miami,2023-05-19,0.0,06:33:22,20:01:33
387,Miami,2023-05-20,0.03,06:32:56,20:02:04
388,Miami,2023-05-21,0.06,06:32:32,20:02:36
389,Miami,2023-05-22,0.1,06:32:10,20:03:07
390,Miami,2023-05-23,0.13,06:31:48,20:03:38
391,Miami,2023-05-24,0.16,06:31:28,20:04:09
392,Miami,2023-05-25,0.19,06:31:08,20:04:39
393,Miami,2023-05-26,0.23,06:30:51,20:05:09
394,Miami,2023-05-27,0.25,06:30:34,20:05:39
395,Miami,2023-05-28,0.29,06:30:18,20:06:09
396,Miami,2023-05-29,0.32,06:30:04,20:06:38
397,Miami,2023-05-30,0.36,06:29:51,20:07:07
398,Miami,2023-05-31,0.39,06:29:40,20:07:35
399,Miami,2023-06-01,0.42,06:29:29,20:08:03
400,Miami,2023-06-02,0.45,06:29:20,20:08:31
401,Miami,2023-06-03,0.5,06:29:12,20:08:58
402,Miami,2023-06-04,0.52,06:29:06,20:09:24
403,Miami,2023-06-05,0.55,06:29:00,20:09:50
404,Miami,2023-06-06,0.59,06:28:56,20:10:16
405,Miami,2023-06-07,0.63,06:28:53,20:10:40
406,Miami,2023-06-08,0.66,06:28:51,20:11:05
407,Miami,2023-06-09,0.7,06:28:51,20:11:28
408,Miami,2023-06-10,0.75,06:28:51,20:11:51
409,Miami,2023-06-11,0.77,06:28:53,20:12:13
410,Miami,2023-06-12,0.8,06:28:56,20:12:34
411,Miami,2023-06-13,0.84,06:29:00,20:12:54
412,Miami,2023-06-14,0.87,06:29:05,20:13:14
413,Miami,2023-06-15,0.91,06:29:11,20:13:33
414,Miami,2023-06-16,0.95,06:29:18,20:13:51
415,Miami,2023-06-17,0.98,06:29:27,20:14:08
416,Miami,2023-06-18,0.0,06:29:36,20:14:24
417,Miami,2023-06-19,0.05,06:29:46,20:14:39
418,Miami,2023-06-20,0.08,06:29:58,20:14:53
419,Miami,2023-06-21,0.11,06:30:10,20:15:06
420,Miami,2023-06-22,0.15,06:30:23,20:15:19
421,Miami,2023-06-23,0.18,06:30:38,20:15:30
422,Miami,2023-06-24,0.21,06:30:53,20:15:40
423,Miami,2023-06-25,0.24,06:31:09,20:15:49
424,Miami,2023-06-26,0.25,06:31:26,20:15:56
425,Miami,2023-06-27,0.31,06:31:44,20:16:03
426,Miami,2023-06-28,0.34,06:32:02,20:16:09
427,Miami,2023-06-29,0.38,06:32:21,20:16:13
428,Miami,2023-06-30,0.41,06:32:41,20:16:16
429,Miami,2023-07-01,0.44,06:33:02,20:16:19
430,Miami,2023-07-02,0.47,06:33:24,20:16:19
431,Miami,2023-07-03,0.5,06:33:46,20:16:19
432,Miami,2023-07-04,0.54,06:34:08,20:16:17
433,Miami,2023-07-05,0.58,06:34:32,20:16:15
434,Miami,2023-07-06,0.61,06:34:56,20:16:11
435,Miami,2023-07-07,0.65,06:35:20,20:16:05
436,Miami,2023-07-08,0.68,06:35:45,20:15:59
437,Miami,2023-07-09,0.75,06:36:10,20:15:51
438,Miami,2023-07-10,0.75,06:36:36,20:15:42
439,Miami,2023-07-11,0.79,06:37:03,20:15:31
440,Miami,2023-07-12,0.82,06:37:29,20:15:19
441,Miami,2023-07-13,0.86,06:37:56,20:15:06
442,Miami,2023-07-14,0.89,06:38:24,20:14:52
443,Miami,2023-07-15,0.93,06:38:51,20:14:36
444,Miami,2023-07-16,0.96,06:39:19,20:14:20
445,Miami,2023-07-17,0.0,06:39:48,20:14:01
446,Miami,2023-07-18,0.03,06:40:16,20:13:42
447,Miami,2023-07-19,0.06,06:40:45,20:13:21
448,Miami,2023-07-20,0.1,06:41:14,20:12:59
449,Miami,2023-07-21,0.13,06:41:43,20:12:36
450,Miami,2023-07-22,0.16,06:42:12,20:12:11
451,Miami,2023-07-23,0.2,06:42:41,20:11:45
452,Miami,2023-07-24,0.23,06:43:10,20:11:18
453,Miami,2023-07-25,0.25,06:43:40,20:10:50
454,Miami,2023-07-26,0.3,06:44:09,20:10:21
455,Miami,2023-07-27,0.33,06:44:39,20:09:50
456,Miami,2023-07-28,0.36,06:45:08,20:09:18
457,Miami,2023-07-29,0.4,06:45:38,20:08:45
458,Miami,2023-07-30,0.43,06:46:07,20:08:11
459,Miami,2023-07-31,0.46,06:46:36,20:07:35
460,Houston,2023-05-01,0.37,06:39:08,19:58:31
461,Houston,2023-05-02,0.4,06:38:16,19:59:10
462,Houston,2023-05-03,0.43,06:37:25,19:59:48
463,Houston,2023-05-04,0.47,06:36:35,20:00:26
464,Houston,2023-05-05,0.5,06:35:46,20:01:05
465,Houston,2023-05-06,0.54,06:34:58,20:01:43
466,Houston,2023-05-07,0.57,06:34:11,20:02:22
467,Houston,2023-05-08,0.61,06:33:26,20:03:00
468,Houston,2023-05-09,0.64,06:32:41,20:03:38
469,Houston,2023-05-10,0.68,06:31:58,20:04:17
470,Houston,2023-05-11,0.71,06:31:16,20:04:55
471,Houston,2023-05-12,0.75,06:30:35,20:05:33
472,Houston,2023-05-13,0.79,06:29:55,20:06:11
473,Houston,2023-05-14,0.82,06:29:17,20:06:49
474,Houston,2023-05-15,0.86,06:28:40,20:07:27
475,Houston,2023-05-16,0.89,06:28:04,20:08:05
476,Houston,2023-05-17,0.93,06:27:29,20:08:43
477,Houston,2023-05-18,0.97,06:26:56,20:09:20
478,Houston,2023-05-19,0.0,06:26:24,20:09:57
479,Houston,2023-05-20,0.03,06:25:53,20:10:34
480,Houston,2023-05-21,0.07,06:25:24,20:11:10
481,Houston,2023-05-22,0.1,06:24:56,20:11:47
482,Houston,2023-05-23,0.13,06:24:29,20:12:23
483,Houston,2023-05-24,0.16,06:24:04,20:12:58
484,Houston,2023-05-25,0.2,06:23:40,20:13:33
485,Houston,2023-05-26,0.23,06:23:18,20:14:08
486,Houston,2023-05-27,0.25,06:22:56,20:14:42
487,Houston,2023-05-28,0.29,06:22:37,20:15:16
488,Houston,2023-05-29,0.32,06:22:18,20:15:50
489,Houston,2023-05-30,0.36,06:22:02,20:16:22
490,Houston,2023-05-31,0.39,06:21:46,20:16:55
491,Houston,2023-06-01,0.42,06:21:32,20:17:26
492,Houston,2023-06-02,0.45,06:21:19,20:17:57
493,Houston,2023-06-03,0.5,06:21:08,20:18:28
494,Houston,2023-06-04,0.52,06:20:58,20:18:57
495,Houston,2023-06-05,0.56,06:20:50,20:19:26
496,Houston,2023-06-06,0.59,06:20:43,20:19:54
497,Houston,2023-06-07,0.63,06:20:37,20:20:22
498,Houston,2023-06-08,0.66,06:20:32,20:20:48
499,Houston,2023-06-09,0.7,06:20:30,20:21:14
500,Houston,2023-06-10,0.75,06:20:28,20:21:39
501,Houston,2023-06-11,0.77,06:20:28,20:22:03
502,Houston,2023-06-12,0.8,06:20:29,20:22:25
503,Houston,2023-06-13,0.84,06:20:31,20:22:47
504,Houston,2023-06-14,0.88,06:20:35,20:23:08
505,Houston,2023-06-15,0.91,06:20:40,20:23:28
506,Houston,2023-06-16,0.95,06:20:46,20:23:47
507,Houston,2023-06-17,0.0,06:20:53,20:24:05
508,Houston,2023-06-18,0.02,06:21:02,20:24:21
509,Houston,2023-06-19,0.05,06:21:12,20:24:37
510,Houston,2023-06-20,0.08,06:21:23,20:24:51
511,Houston,2023-06-21,0.11,06:21:36,20:25:04
512,Houston,2023-06-22,0.15,06:21:49,20:25:16
513,Houston,2023-06-23,0.18,06:22:04,20:25:27
514,Houston,2023-06-24,0.21,06:22:19,20:25:37
515,Houston,2023-06-25,0.25,06:22:36,20:25:45
516,Houston,2023-06-26,0.25,06:22:54,20:25:52
517,Houston,2023-06-27,0.31,06:23:12,20:25:57
518,Houston,2023-06-28,0.34,06:23:32,20:26:01
519,Houston,2023-06-29,0.38,06:23:53,20:26:04
520,Houston,2023-06-30,0.41,06:24:15,20:26:06
521,Houston,2023-07-01,0.44,06:24:37,20:26:06
522,Houston,2023-07-02,0.47,06:25:00,20:26:05
523,Houston,2023-07-03,0.5,06:25:25,20:26:02
524,Houston,2023-07-04,0.54,06:25:50,20:25:58
525,Houston,2023-07-05,0.58,06:26:16,20:25:52
526,Houston,2023-07-06,0.61,06:26:42,20:25:45
527,Houston,2023-07-07,0.65,06:27:09,20:25:37
528,Houston,2023-07-08,0.68,06:27:37,20:25:27
529,Houston,2023-07-09,0.75,06:28:06,20:25:16
530,Houston,2023-07-10,0.75,06:28:35,20:25:03
531,Houston,2023-07-11,0.79,06:29:05,20:24:49
532,Houston,2023-07-12,0.82,06:29:35,20:24:34
533,Houston,2023-07-13,0.86,06:30:06,20:24:17
534,Houston,2023-07-14,0.89,06:30:38,20:23:58
535,Houston,2023-07-15,0.93,06:31:10,20:23:38
536,Houston,2023-07-16,0.96,06:31:42,20:23:17
537,Houston,2023-07-17,0.0,06:32:15,20:22:54
538,Houston,2023-07-18,0.03,06:32:48,20:22:30
539,Houston,2023-07-19,0.06,06:33:21,20:22:05
540,Houston,2023-07-20,0.1,06:33:55,20:21:38
541,Houston,2023-07-21,0.13,06:34:29,20:21:09
542,Houston,2023-07-22,0.16,06:35:03,20:20:39
543,Houston,2023-07-23,0.2,06:35:37,20:20:08
544,Houston,2023-07-24,0.23,06:36:12,20:19:36
545,Houston,2023-07-25,0.25,06:36:47,20:19:02
546,Houston,2023-07-26,0.3,06:37:22,20:18:27
547,Houston,2023-07-27,0.33,06:37:57,20:17:50
548,Houston,2023-07-28,0.36,06:38:33,20:17:12
549,Houston,2023-07-29,0.4,06:39:08,20:16:33
550,Houston,2023-07-30,0.43,06:39:43,20:15:53
551,Houston,2023-07-31,0.46,06:40:19,20:15:11
552,Kansas City,2023-05-01,0.37,06:20:19,20:11:16
553,Kansas City,2023-05-02,0.4,06:19:07,20:12:14
554,Kansas City,2023-05-03,0.43,06:17:56,20:13:12
555,Kansas City,2023-05-04,0.47,06:16:46,20:14:10
556,Kansas City,2023-05-05,0.5,06:15:38,20:15:07
557,Kansas City,2023-05-06,0.54,06:14:31,20:16:05
558,Kansas City,2023-05-07,0.57,06:13:25,20:17:02
559,Kansas City,2023-05-08,0.61,06:12:21,20:17:59
560,Kansas City,2023-05-09,0.64,06:11:18,20:18:56
561,Kansas City,2023-05-10,0.68,06:10:16,20:19:53
562,Kansas City,2023-05-11,0.71,06:09:16,20:20:49
563,Kansas City,2023-05-12,0.75,06:08:17,20:21:45
564,Kansas City,2023-05-13,0.79,06:07:20,20:22:40
565,Kansas City,2023-05-14,0.82,06:06:24,20:23:36
566,Kansas City,2023-05-15,0.86,06:05:30,20:24:30
567,Kansas City,2023-05-16,0.89,06:04:37,20:25:25
568,Kansas City,2023-05-17,0.93,06:03:46,20:26:18
569,Kansas City,2023-05-18,0.97,06:02:57,20:27:12
570,Kansas City,2023-05-19,0.0,06:02:09,20:28:05
571,Kansas City,2023-05-20,0.03,06:01:23,20:28:57
572,Kansas City,2023-05-21,0.07,06:00:38,20:29:48
573,Kansas City,2023-05-22,0.1,05:59:56,20:30:39
574,Kansas City,2023-05-23,0.13,05:59:15,20:31:29
575,Kansas City,2023-05-24,0.16,05:58:35,20:32:19
576,Kansas City,2023-05-25,0.2,05:57:58,20:33:07
577,Kansas City,2023-05-26,0.23,05:57:22,20:33:55
578,Kansas City,2023-05-27,0.25,05:56:48,20:34:42
579,Kansas City,2023-05-28,0.29,05:56:16,20:35:28
580,Kansas City,2023-05-29,0.32,05:55:45,20:36:13
581,Kansas City,2023-05-30,0.36,05:55:17,20:36:58
582,Kansas City,2023-05-31,0.39,05:54:50,20:37:41
583,Kansas City,2023-06-01,0.42,05:54:25,20:38:23
584,Kansas City,2023-06-02,0.45,05:54:02,20:39:04
585,Kansas City,2023-06-03,0.5,05:53:41,20:39:44
586,Kansas City,2023-06-04,0.52,05:53:22,20:40:23
587,Kansas City,2023-06-05,0.56,05:53:04,20:41:00
588,Kansas City,2023-06-06,0.59,05:52:49,20:41:36
589,Kansas City,2023-06-07,0.63,05:52:35,20:42:11
590,Kansas City,2023-06-08,0.66,05:52:23,20:42:45
591,Kansas City,2023-06-09,0.7,05:52:13,20:43:17
592,Kansas City,2023-06-10,0.75,05:52:05,20:43:48
593,Kansas City,2023-06-11,0.77,05:51:59,20:44:17
594,Kansas City,2023-06-12,0.8,05:51:55,20:44:45
595,Kansas City,2023-06-13,0.84,05:51:52,20:45:12
596,Kansas City,2023-06-14,0.88,05:51:52,20:45:36
597,Kansas City,2023-06-15,0.91,05:51:53,20:46:00
598,Kansas City,2023-06-16,0.95,05:51:56,20:46:21
599,Kansas City,2023-06-17,0.0,05:52:01,20:46:41
600,Kansas City,2023-06-18,0.02,05:52:08,20:47:00
601,Kansas City,2023-06-19,0.05,05:52:16,20:47:16
602,Kansas City,2023-06-20,0.08,05:52:26,20:47:31
603,Kansas City,2023-06-21,0.11,05:52:38,20:47:44
604,Kansas City,2023-06-22,0.15,05:52:52,20:47:56
605,Kansas City,2023-06-23,0.18,05:53:07,20:48:05
606,Kansas City,2023-06-24,0.21,05:53:24,20:48:13
607,Kansas City,2023-06-25,0.25,05:53:42,20:48:19
608,Kansas City,2023-06-26,0.25,05:54:03,20:48:23
609,Kansas City,2023-06-27,0.31,05:54:24,20:48:25
610,Kansas City,2023-06-28,0.34,05:54:48,20:48:26
611,Kansas City,2023-06-29,0.38,05:55:12,20:48:24
612,Kansas City,2023-06-30,0.41,05:55:39,20:48:21
613,Kansas City,2023-07-01,0.44,05:56:06,20:48:15
614,Kansas City,2023-07-02,0.47,05:56:35,20:48:08
615,Kansas City,2023-07-03,0.5,05:57:06,20:47:59
616,Kansas City,2023-07-04,0.54,05:57:37,20:47:48
617,Kansas City,2023-07-05,0.58,05:58:10,20:47:35
618,Kansas City,2023-07-06,0.61,05:58:45,20:47:20
619,Kansas City,2023-07-07,0.65,05:59:20,20:47:03
620,Kansas City,2023-07-08,0.68,05:59:57,20:46:44
621,Kansas City,2023-07-09,0.75,06:00:34,20:46:24
622,Kansas City,2023-07-10,0.75,06:01:13,20:46:01
623,Kansas City,2023-07-11,0.79,06:01:53,20:45:37
624,Kansas City,2023-07-12,0.82,06:02:34,20:45:10
625,Kansas City,2023-07-13,0.86,06:03:16,20:44:42
626,Kansas City,2023-07-14,0.89,06:03:59,20:44:12
627,Kansas City,2023-07-15,0.93,06:04:42,20:43:40
628,Kansas City,2023-07-16,0.96,06:05:27,20:43:06
629,Kansas City,2023-07-17,0.0,06:06:12,20:42:30
630,Kansas City,2023-07-18,0.03,06:06:58,20:41:53
631,Kansas City,2023-07-19,0.06,06:07:45,20:41:14
632,Kansas City,2023-07-20,0.1,06:08:33,20:40:33
633,Kansas City,2023-07-21,0.13,06:09:21,20:39:50
634,Kansas City,2023-07-22,0.16,06:10:10,20:39:05
635,Kansas City,2023-07-23,0.2,06:10:59,20:38:19
636,Kansas City,2023-07-24,0.23,06:11:49,20:37:31
637,Kansas City,2023-07-25,0.25,06:12:40,20:36:41
638,Kansas City,2023-07-26,0.3,06:13:30,20:35:50
639,Kansas City,2023-07-27,0.33,06:14:22,20:34:57
640,Kansas City,2023-07-28,0.36,06:15:14,20:34:03
641,Kansas City,2023-07-29,0.4,06:16:06,20:33:07
642,Kansas City,2023-07-30,0.43,06:16:58,20:32:09
643,Kansas City,2023-07-31,0.46,06:17:51,20:31:10
644,Minneapolis,2023-05-01,0.37,06:02:40,20:18:32
645,Minneapolis,2023-05-02,0.4,06:01:12,20:19:47
646,Minneapolis,2023-05-03,0.43,05:59:45,20:21:01
647,Minneapolis,2023-05-04,0.47,05:58:20,20:22:14
648,Minneapolis,2023-05-05,0.5,05:56:56,20:23:28
649,Minneapolis,2023-05-06,0.54,05:55:33,20:24:41
650,Minneapolis,2023-05-07,0.57,05:54:12,20:25:54
651,Minneapolis,2023-05-08,0.61,05:52:52,20:27:06
652,Minneapolis,2023-05-09,0.64,05:51:34,20:28:18
653,Minneapolis,2023-05-10,0.68,05:50:17,20:29:30
654,Minneapolis,2023-05-11,0.71,05:49:02,20:30:41
655,Minneapolis,2023-05-12,0.75,05:47:48,20:31:51
656,Minneapolis,2023-05-13,0.79,05:46:37,20:33:01
657,Minneapolis,2023-05-14,0.82,05:45:27,20:34:11
658,Minneapolis,2023-05-15,0.86,05:44:18,20:35:19
659,Minneapolis,2023-05-16,0.89,05:43:12,20:36:28
660,Minneapolis,2023-05-17,0.93,05:42:07,20:37:35
661,Minneapolis,2023-05-18,0.97,05:41:04,20:38:42
662,Minneapolis,2023-05-19,0.0,05:40:03,20:39:47
663,Minneapolis,2023-05-20,0.03,05:39:04,20:40:52
664,Minneapolis,2023-05-21,0.07,05:38:06,20:41:57
665,Minneapolis,2023-05-22,0.1,05:37:11,20:43:00
666,Minneapolis,2023-05-23,0.13,05:36:18,20:44:02
667,Minneapolis,2023-05-24,0.16,05:35:26,20:45:03
668,Minneapolis,2023-05-25,0.2,05:34:37,20:46:03
669,Minneapolis,2023-05-26,0.23,05:33:50,20:47:02
670,Minneapolis,2023-05-27,0.25,05:33:05,20:48:00
671,Minneapolis,2023-05-28,0.29,05:32:22,20:48:57
672,Minneapolis,2023-05-29,0.32,05:31:41,20:49:52
673,Minneapolis,2023-05-30,0.36,05:31:03,20:50:46
674,Minneapolis,2023-05-31,0.39,05:30:26,20:51:38
675,Minneapolis,2023-06-01,0.42,05:29:52,20:52:29
676,Minneapolis,2023-06-02,0.45,05:29:20,20:53:19
677,Minneapolis,2023-06-03,0.5,05:28:51,20:54:07
678,Minneapolis,2023-06-04,0.52,05:28:23,20:54:54
679,Minneapolis,2023-06-05,0.56,05:27:58,20:55:39
680,Minneapolis,2023-06-06,0.59,05:27:35,20:56:22
681,Minneapolis,2023-06-07,0.63,05:27:15,20:57:03
682,Minneapolis,2023-06-08,0.66,05:26:57,20:57:43
683,Minneapolis,2023-06-09,0.7,05:26:41,20:58:21
684,Minneapolis,2023-06-10,0.75,05:26:27,20:58:57
685,Minneapolis,2023-06-11,0.77,05:26:16,20:59:31
686,Minneapolis,2023-06-12,0.8,05:26:07,21:00:03
687,Minneapolis,2023-06-13,0.84,05:26:00,21:00:34
688,Minneapolis,2023-06-14,0.88,05:25:56,21:01:02
689,Minneapolis,2023-06-15,0.91,05:25:54,21:01:28
690,Minneapolis,2023-06-16,0.95,05:25:54,21:01:52
691,Minneapolis,2023-06-17,0.0,05:25:57,21:02:14
692,Minneapolis,2023-06-18,0.02,05:26:02,21:02:34
693,Minneapolis,2023-06-19,0.05,05:26:09,21:02:51
694,Minneapolis,2023-06-20,0.08,05:26:18,21:03:07
695,Minneapolis,2023-06-21,0.11,05:26:30,21:03:20
696,Minneapolis,2023-06-22,0.15,05:26:43,21:03:31
697,Minneapolis,2023-06-23,0.18,05:26:59,21:03:39
698,Minneapolis,2023-06-24,0.21,05:27:17,21:03:46
699,Minneapolis,2023-06-25,0.25,05:27:37,21:03:50
700,Minneapolis,2023-06-26,0.25,05:28:00,21:03:51
701,Minneapolis,2023-06-27,0.31,05:28:24,21:03:51
702,Minneapolis,2023-06-28,0.34,05:28:50,21:03:48
703,Minneapolis,2023-06-29,0.38,05:29:18,21:03:42
704,Minneapolis,2023-06-30,0.41,05:29:48,21:03:35
705,Minneapolis,2023-07-01,0.44,05:30:20,21:03:25
706,Minneapolis,2023-07-02,0.47,05:30:54,21:03:12
707,Minneapolis,2023-07-03,0.5,05:31:30,21:02:57
708,Minneapolis,2023-07-04,0.54,05:32:08,21:02:40
709,Minneapolis,2023-07-05,0.58,05:32:47,21:02:21
710,Minneapolis,2023-07-06,0.61,05:33:28,21:01:59
711,Minneapolis,2023-07-07,0.65,05:34:10,21:01:35
712,Minneapolis,2023-07-08,0.68,05:34:54,21:01:08
713,Minneapolis,2023-07-09,0.75,05:35:40,21:00:39
714,Minneapolis,2023-07-10,0.75,05:36:27,21:00:08
715,Minneapolis,2023-07-11,0.79,05:37:16,20:59:35
716,Minneapolis,2023-07-12,0.82,05:38:06,20:58:59
717,Minneapolis,2023-07-13,0.86,05:38:57,20:58:21
718,Minneapolis,2023-07-14,0.89,05:39:49,20:57:41
719,Minneapolis,2023-07-15,0.93,05:40:43,20:56:59
720,Minneapolis,2023-07-16,0.96,05:41:38,20:56:14
721,Minneapolis,2023-07-17,0.0,05:42:34,20:55:28
722,Minneapolis,2023-07-18,0.03,05:43:31,20:54:39
723,Minneapolis,2023-07-19,0.06,05:44:30,20:53:48
724,Minneapolis,2023-07-20,0.1,05:45:29,20:52:55
725,Minneapolis,2023-07-21,0.13,05:46:29,20:52:00
726,Minneapolis,2023-07-22,0.16,05:47:30,20:51:03
727,Minneapolis,2023-07-23,0.2,05:48:32,20:50:04
728,Minneapolis,2023-07-24,0.23,05:49:35,20:49:03
729,Minneapolis,2023-07-25,0.25,05:50:38,20:48:01
730,Minneapolis,2023-07-26,0.3,05:51:42,20:46:56
731,Minneapolis,2023-07-27,0.33,05:52:47,20:45:50
732,Minneapolis,2023-07-28,0.36,05:53:53,20:44:41
733,Minneapolis,2023-07-29,0.4,05:54:59,20:43:31
734,Minneapolis,2023-07-30,0.43,05:56:05,20:42:19
735,Minneapolis,2023-07-31,0.46,05:57:12,20:41:06
736,Denver,2023-05-01,0.37,06:00:41,19:54:10
737,Denver,2023-05-02,0.4,05:59:28,19:55:10
738,Denver,2023-05-03,0.44,05:58:15,19:56:09
739,Denver,2023-05-04,0.47,05:57:04,19:57:09
740,Denver,2023-05-05,0.5,05:55:54,19:58:08
741,Denver,2023-05-06,0.54,05:54:46,19:59:07
742,Denver,2023-05-07,0.57,05:53:39,20:00:06
743,Denver,2023-05-08,0.61,05:52:33,20:01:04
744,Denver,2023-05-09,0.64,05:51:28,20:02:03
745,Denver,2023-05-10,0.68,05:50:25,20:03:01
746,Denver,2023-05-11,0.72,05:49:24,20:03:58
747,Denver,2023-05-12,0.75,05:48:24,20:04:56
748,Denver,2023-05-13,0.79,05:47:25,20:05:53
749,Denver,2023-05-14,0.82,05:46:28,20:06:49
750,Denver,2023-05-15,0.86,05:45:32,20:07:45
751,Denver,2023-05-16,0.9,05:44:38,20:08:41
752,Denver,2023-05-17,0.93,05:43:46,20:09:36
753,Denver,2023-05-18,0.97,05:42:55,20:10:31
754,Denver,2023-05-19,0.0,05:42:06,20:11:25
755,Denver,2023-05-20,0.04,05:41:19,20:12:18
756,Denver,2023-05-21,0.07,05:40:33,20:13:11
757,Denver,2023-05-22,0.1,05:39:49,20:14:03
758,Denver,2023-05-23,0.13,05:39:07,20:14:54
759,Denver,2023-05-24,0.16,05:38:27,20:15:45
760,Denver,2023-05-25,0.2,05:37:48,20:16:34
761,Denver,2023-05-26,0.23,05:37:11,20:17:23
762,Denver,2023-05-27,0.25,05:36:36,20:18:11
763,Denver,2023-05-28,0.29,05:36:03,20:18:58
764,Denver,2023-05-29,0.33,05:35:32,20:19:44
765,Denver,2023-05-30,0.36,05:35:02,20:20:29
766,Denver,2023-05-31,0.39,05:34:35,20:21:14
767,Denver,2023-06-01,0.42,05:34:09,20:21:56
768,Denver,2023-06-02,0.45,05:33:45,20:22:38
769,Denver,2023-06-03,0.5,05:33:23,20:23:19
770,Denver,2023-06-04,0.52,05:33:03,20:23:58
771,Denver,2023-06-05,0.56,05:32:45,20:24:36
772,Denver,2023-06-06,0.59,05:32:29,20:25:13
773,Denver,2023-06-07,0.63,05:32:15,20:25:49
774,Denver,2023-06-08,0.66,05:32:02,20:26:23
775,Denver,2023-06-09,0.7,05:31:52,20:26:56
776,Denver,2023-06-10,0.75,05:31:43,20:27:27
777,Denver,2023-06-11,0.77,05:31:37,20:27:57
778,Denver,2023-06-12,0.81,05:31:32,20:28:25
779,Denver,2023-06-13,0.84,05:31:29,20:28:52
780,Denver,2023-06-14,0.88,05:31:29,20:29:17
781,Denver,2023-06-15,0.91,05:31:30,20:29:40
782,Denver,2023-06-16,0.95,05:31:32,20:30:02
783,Denver,2023-06-17,0.0,05:31:37,20:30:22
784,Denver,2023-06-18,0.02,05:31:44,20:30:41
785,Denver,2023-06-19,0.05,05:31:52,20:30:57
786,Denver,2023-06-20,0.08,05:32:02,20:31:12
787,Denver,2023-06-21,0.12,05:32:14,20:31:25
788,Denver,2023-06-22,0.15,05:32:28,20:31:37
789,Denver,2023-06-23,0.18,05:32:43,20:31:46
790,Denver,2023-06-24,0.21,05:33:00,20:31:54
791,Denver,2023-06-25,0.25,05:33:19,20:31:59
792,Denver,2023-06-26,0.25,05:33:39,20:32:03
793,Denver,2023-06-27,0.31,05:34:01,20:32:05
794,Denver,2023-06-28,0.35,05:34:25,20:32:05
795,Denver,2023-06-29,0.38,05:34:50,20:32:03
796,Denver,2023-06-30,0.41,05:35:17,20:31:59
797,Denver,2023-07-01,0.44,05:35:45,20:31:53
798,Denver,2023-07-02,0.48,05:36:14,20:31:46
799,Denver,2023-07-03,0.5,05:36:45,20:31:36
800,Denver,2023-07-04,0.54,05:37:17,20:31:24
801,Denver,2023-07-05,0.58,05:37:51,20:31:10
802,Denver,2023-07-06,0.61,05:38:26,20:30:55
803,Denver,2023-07-07,0.65,05:39:02,20:30:37
804,Denver,2023-07-08,0.68,05:39:40,20:30:18
805,Denver,2023-07-09,0.75,05:40:18,20:29:56
806,Denver,2023-07-10,0.75,05:40:58,20:29:33
807,Denver,2023-07-11,0.79,05:41:39,20:29:07
808,Denver,2023-07-12,0.82,05:42:20,20:28:40
809,Denver,2023-07-13,0.86,05:43:03,20:28:11
810,Denver,2023-07-14,0.89,05:43:47,20:27:40
811,Denver,2023-07-15,0.93,05:44:32,20:27:07
812,Denver,2023-07-16,0.96,05:45:17,20:26:32
813,Denver,2023-07-17,0.0,05:46:04,20:25:55
814,Denver,2023-07-18,0.03,05:46:51,20:25:16
815,Denver,2023-07-19,0.07,05:47:39,20:24:36
816,Denver,2023-07-20,0.1,05:48:27,20:23:54
817,Denver,2023-07-21,0.13,05:49:17,20:23:10
818,Denver,2023-07-22,0.17,05:50:07,20:22:24
819,Denver,2023-07-23,0.2,05:50:57,20:21:36
820,Denver,2023-07-24,0.23,05:51:48,20:20:47
821,Denver,2023-07-25,0.25,05:52:40,20:19:56
822,Denver,2023-07-26,0.3,05:53:32,20:19:04
823,Denver,2023-07-27,0.33,05:54:25,20:18:09
824,Denver,2023-07-28,0.37,05:55:18,20:17:14
825,Denver,2023-07-29,0.4,05:56:12,20:16:16
826,Denver,2023-07-30,0.43,05:57:05,20:15:17
827,Denver,2023-07-31,0.47,05:58:00,20:14:17
828,San Francisco,2023-05-01,0.37,06:14:03,20:00:10
829,San Francisco,2023-05-02,0.41,06:12:54,20:01:05
830,San Francisco,2023-05-03,0.44,06:11:47,20:02:00
831,San Francisco,2023-05-04,0.47,06:10:40,20:02:55
832,San Francisco,2023-05-05,0.5,06:09:35,20:03:49
833,San Francisco,2023-05-06,0.54,06:08:31,20:04:44
834,San Francisco,2023-05-07,0.57,06:07:29,20:05:38
835,San Francisco,2023-05-08,0.61,06:06:27,20:06:32
836,San Francisco,2023-05-09,0.65,06:05:27,20:07:26
837,San Francisco,2023-05-10,0.68,06:04:29,20:08:19
838,San Francisco,2023-05-11,0.72,06:03:32,20:09:13
839,San Francisco,2023-05-12,0.75,06:02:36,20:10:06
840,San Francisco,2023-05-13,0.79,06:01:42,20:10:59
841,San Francisco,2023-05-14,0.83,06:00:49,20:11:51
842,San Francisco,2023-05-15,0.86,05:59:57,20:12:43
843,San Francisco,2023-05-16,0.9,05:59:08,20:13:35
844,San Francisco,2023-05-17,0.93,05:58:19,20:14:26
845,San Francisco,2023-05-18,0.97,05:57:33,20:15:16
846,San Francisco,2023-05-19,0.0,05:56:47,20:16:07
847,San Francisco,2023-05-20,0.04,05:56:04,20:16:56
848,San Francisco,2023-05-21,0.07,05:55:22,20:17:45
849,San Francisco,2023-05-22,0.1,05:54:42,20:18:34
850,San Francisco,2023-05-23,0.13,05:54:03,20:19:22
851,San Francisco,2023-05-24,0.17,05:53:26,20:20:09
852,San Francisco,2023-05-25,0.2,05:52:51,20:20:55
853,San Francisco,2023-05-26,0.23,05:52:17,20:21:41
854,San Francisco,2023-05-27,0.25,05:51:46,20:22:26
855,San Francisco,2023-05-28,0.29,05:51:16,20:23:10
856,San Francisco,2023-05-29,0.33,05:50:47,20:23:53
857,San Francisco,2023-05-30,0.36,05:50:21,20:24:35
858,San Francisco,2023-05-31,0.39,05:49:56,20:25:16
859,San Francisco,2023-06-01,0.42,05:49:33,20:25:57
860,San Francisco,2023-06-02,0.46,05:49:12,20:26:36
861,San Francisco,2023-06-03,0.5,05:48:52,20:27:14
862,San Francisco,2023-06-04,0.52,05:48:35,20:27:51
863,San Francisco,2023-06-05,0.56,05:48:19,20:28:27
864,San Francisco,2023-06-06,0.59,05:48:05,20:29:02
865,San Francisco,2023-06-07,0.63,05:47:53,20:29:36
866,San Francisco,2023-06-08,0.67,05:47:42,20:30:08
867,San Francisco,2023-06-09,0.7,05:47:34,20:30:39
868,San Francisco,2023-06-10,0.75,05:47:27,20:31:09
869,San Francisco,2023-06-11,0.77,05:47:22,20:31:37
870,San Francisco,2023-06-12,0.81,05:47:19,20:32:04
871,San Francisco,2023-06-13,0.84,05:47:17,20:32:30
872,San Francisco,2023-06-14,0.88,05:47:17,20:32:54
873,San Francisco,2023-06-15,0.91,05:47:19,20:33:16
874,San Francisco,2023-06-16,0.95,05:47:23,20:33:38
875,San Francisco,2023-06-17,0.0,05:47:29,20:33:57
876,San Francisco,2023-06-18,0.02,05:47:36,20:34:15
877,San Francisco,2023-06-19,0.05,05:47:45,20:34:31
878,San Francisco,2023-06-20,0.08,05:47:55,20:34:46
879,San Francisco,2023-06-21,0.12,05:48:07,20:34:59
880,San Francisco,2023-06-22,0.15,05:48:21,20:35:10
881,San Francisco,2023-06-23,0.18,05:48:36,20:35:20
882,San Francisco,2023-06-24,0.22,05:48:53,20:35:28
883,San Francisco,2023-06-25,0.25,05:49:11,20:35:34
884,San Francisco,2023-06-26,0.25,05:49:31,20:35:38
885,San Francisco,2023-06-27,0.31,05:49:52,20:35:41
886,San Francisco,2023-06-28,0.35,05:50:15,20:35:42
887,San Francisco,2023-06-29,0.38,05:50:39,20:35:41
888,San Francisco,2023-06-30,0.41,05:51:05,20:35:38
889,San Francisco,2023-07-01,0.44,05:51:32,20:35:34
890,San Francisco,2023-07-02,0.48,05:52:00,20:35:27
891,San Francisco,2023-07-03,0.5,05:52:30,20:35:19
892,San Francisco,2023-07-04,0.55,05:53:00,20:35:09
893,San Francisco,2023-07-05,0.58,05:53:32,20:34:57
894,San Francisco,2023-07-06,0.62,05:54:05,20:34:43
895,San Francisco,2023-07-07,0.65,05:54:40,20:34:28
896,San Francisco,2023-07-08,0.69,05:55:15,20:34:10
897,San Francisco,2023-07-09,0.75,05:55:51,20:33:51
898,San Francisco,2023-07-10,0.76,05:56:29,20:33:30
899,San Francisco,2023-07-11,0.79,05:57:07,20:33:07
900,San Francisco,2023-07-12,0.83,05:57:46,20:32:42
901,San Francisco,2023-07-13,0.86,05:58:26,20:32:16
902,San Francisco,2023-07-14,0.9,05:59:07,20:31:47
903,San Francisco,2023-07-15,0.93,05:59:49,20:31:17
904,San Francisco,2023-07-16,0.97,06:00:32,20:30:45
905,San Francisco,2023-07-17,0.0,06:01:15,20:30:12
906,San Francisco,2023-07-18,0.03,06:01:59,20:29:36
907,San Francisco,2023-07-19,0.07,06:02:44,20:28:59
908,San Francisco,2023-07-20,0.1,06:03:29,20:28:20
909,San Francisco,2023-07-21,0.13,06:04:15,20:27:40
910,San Francisco,2023-07-22,0.17,06:05:01,20:26:57
911,San Francisco,2023-07-23,0.2,06:05:48,20:26:13
912,San Francisco,2023-07-24,0.23,06:06:36,20:25:28
913,San Francisco,2023-07-25,0.25,06:07:24,20:24:41
914,San Francisco,2023-07-26,0.3,06:08:12,20:23:52
915,San Francisco,2023-07-27,0.33,06:09:01,20:23:01
916,San Francisco,2023-07-28,0.37,06:09:50,20:22:10
917,San Francisco,2023-07-29,0.4,06:10:40,20:21:16
918,San Francisco,2023-07-30,0.43,06:11:29,20:20:21
919,San Francisco,2023-07-31,0.47,06:12:19,20:19:25
920,Seattle,2023-05-01,0.37,05:52:20,20:21:28
921,Seattle,2023-05-02,0.41,05:50:43,20:22:51
922,Seattle,2023-05-03,0.44,05:49:08,20:24:14
923,Seattle,2023-05-04,0.47,05:47:34,20:25:36
924,Seattle,2023-05-05,0.5,05:46:02,20:26:58
925,Seattle,2023-05-06,0.54,05:44:31,20:28:19
926,Seattle,2023-05-07,0.57,05:43:01,20:29:40
927,Seattle,2023-05-08,0.61,05:41:33,20:31:01
928,Seattle,2023-05-09,0.65,05:40:07,20:32:21
929,Seattle,2023-05-10,0.68,05:38:42,20:33:41
930,Seattle,2023-05-11,0.72,05:37:19,20:35:00
931,Seattle,2023-05-12,0.75,05:35:58,20:36:18
932,Seattle,2023-05-13,0.79,05:34:38,20:37:36
933,Seattle,2023-05-14,0.83,05:33:20,20:38:53
934,Seattle,2023-05-15,0.86,05:32:04,20:40:10
935,Seattle,2023-05-16,0.9,05:30:50,20:41:25
936,Seattle,2023-05-17,0.93,05:29:38,20:42:40
937,Seattle,2023-05-18,0.97,05:28:28,20:43:54
938,Seattle,2023-05-19,0.0,05:27:20,20:45:07
939,Seattle,2023-05-20,0.04,05:26:14,20:46:19
940,Seattle,2023-05-21,0.07,05:25:09,20:47:30
941,Seattle,2023-05-22,0.1,05:24:07,20:48:40
942,Seattle,2023-05-23,0.13,05:23:08,20:49:49
943,Seattle,2023-05-24,0.17,05:22:10,20:50:56
944,Seattle,2023-05-25,0.2,05:21:14,20:52:03
945,Seattle,2023-05-26,0.23,05:20:21,20:53:08
946,Seattle,2023-05-27,0.25,05:19:30,20:54:11
947,Seattle,2023-05-28,0.29,05:18:41,20:55:14
948,Seattle,2023-05-29,0.33,05:17:55,20:56:14
949,Seattle,2023-05-30,0.36,05:17:11,20:57:14
950,Seattle,2023-05-31,0.39,05:16:30,20:58:11
951,Seattle,2023-06-01,0.42,05:15:50,20:59:07
952,Seattle,2023-06-02,0.46,05:15:14,21:00:02
953,Seattle,2023-06-03,0.5,05:14:39,21:00:54
954,Seattle,2023-06-04,0.52,05:14:08,21:01:45
955,Seattle,2023-06-05,0.56,05:13:38,21:02:34
956,Seattle,2023-06-06,0.59,05:13:12,21:03:21
957,Seattle,2023-06-07,0.63,05:12:47,21:04:06
958,Seattle,2023-06-08,0.67,05:12:26,21:04:49
959,Seattle,2023-06-09,0.7,05:12:07,21:05:30
960,Seattle,2023-06-10,0.75,05:11:50,21:06:09
961,Seattle,2023-06-11,0.77,05:11:36,21:06:46
962,Seattle,2023-06-12,0.81,05:11:25,21:07:20
963,Seattle,2023-06-13,0.84,05:11:16,21:07:52
964,Seattle,2023-06-14,0.88,05:11:10,21:08:22
965,Seattle,2023-06-15,0.91,05:11:06,21:08:50
966,Seattle,2023-06-16,0.95,05:11:05,21:09:15
967,Seattle,2023-06-17,0.0,05:11:06,21:09:38
968,Seattle,2023-06-18,0.02,05:11:10,21:09:58
969,Seattle,2023-06-19,0.05,05:11:17,21:10:16
970,Seattle,2023-06-20,0.08,05:11:26,21:10:32
971,Seattle,2023-06-21,0.12,05:11:37,21:10:45
972,Seattle,2023-06-22,0.15,05:11:51,21:10:55
973,Seattle,2023-06-23,0.18,05:12:08,21:11:03
974,Seattle,2023-06-24,0.22,05:12:27,21:11:08
975,Seattle,2023-06-25,0.25,05:12:48,21:11:11
976,Seattle,2023-06-26,0.25,05:13:11,21:11:11
977,Seattle,2023-06-27,0.31,05:13:37,21:11:09
978,Seattle,2023-06-28,0.35,05:14:05,21:11:03
979,Seattle,2023-06-29,0.38,05:14:36,21:10:56
980,Seattle,2023-06-30,0.41,05:15:08,21:10:45
981,Seattle,2023-07-01,0.44,05:15:43,21:10:32
982,Seattle,2023-07-02,0.48,05:16:20,21:10:17
983,Seattle,2023-07-03,0.5,05:16:59,21:09:58
984,Seattle,2023-07-04,0.55,05:17:40,21:09:38
985,Seattle,2023-07-05,0.58,05:18:23,21:09:14
986,Seattle,2023-07-06,0.62,05:19:08,21:08:48
987,Seattle,2023-07-07,0.65,05:19:54,21:08:20
988,Seattle,2023-07-08,0.69,05:20:43,21:07:48
989,Seattle,2023-07-09,0.75,05:21:33,21:07:15
990,Seattle,2023-07-10,0.76,05:22:25,21:06:39
991,Seattle,2023-07-11,0.79,05:23:18,21:06:00
992,Seattle,2023-07-12,0.83,05:24:13,21:05:19
993,Seattle,2023-07-13,0.86,05:25:10,21:04:35
994,Seattle,2023-07-14,0.9,05:26:08,21:03:50
995,Seattle,2023-07-15,0.93,05:27:08,21:03:01
996,Seattle,2023-07-16,0.97,05:28:09,21:02:11
997,Seattle,2023-07-17,0.0,05:29:11,21:01:18
998,Seattle,2023-07-18,0.03,05:30:14,21:00:22
999,Seattle,2023-07-19,0.07,05:31:19,20:59:25
1000,Seattle,2023-07-20,0.1,05:32:25,20:58:25
1001,Seattle,2023-07-21,0.13,05:33:32,20:57:23
1002,Seattle,2023-07-22,0.17,05:34:40,20:56:19
1003,Seattle,2023-07-23,0.2,05:35:49,20:55:13
1004,Seattle,2023-07-24,0.23,05:36:58,20:54:05
1005,Seattle,2023-07-25,0.25,05:38:09,20:52:55
1006,Seattle,2023-07-26,0.3,05:39:21,20:51:43
1007,Seattle,2023-07-27,0.33,05:40:33,20:50:29
1008,Seattle,2023-07-28,0.37,05:41:46,20:49:13
1009,Seattle,2023-07-29,0.4,05:43:00,20:47:55
1010,Seattle,2023-07-30,0.43,05:44:14,20:46:35
1011,Seattle,2023-07-31,0.47,05:45:29,20:45:14
1012,Phoenix,2023-05-01,0.37,05:40:11,19:11:12
1013,Phoenix,2023-05-02,0.41,05:39:11,19:11:57
1014,Phoenix,2023-05-03,0.44,05:38:13,19:12:43
1015,Phoenix,2023-05-04,0.47,05:37:16,19:13:28
1016,Phoenix,2023-05-05,0.5,05:36:20,19:14:14
1017,Phoenix,2023-05-06,0.54,05:35:25,19:14:59
1018,Phoenix,2023-05-07,0.57,05:34:32,19:15:44
1019,Phoenix,2023-05-08,0.61,05:33:39,19:16:29
1020,Phoenix,2023-05-09,0.65,05:32:48,19:17:14
1021,Phoenix,2023-05-10,0.68,05:31:58,19:17:59
1022,Phoenix,2023-05-11,0.72,05:31:10,19:18:44
1023,Phoenix,2023-05-12,0.75,05:30:23,19:19:29
1024,Phoenix,2023-05-13,0.79,05:29:37,19:20:13
1025,Phoenix,2023-05-14,0.83,05:28:52,19:20:57
1026,Phoenix,2023-05-15,0.86,05:28:09,19:21:41
1027,Phoenix,2023-05-16,0.9,05:27:27,19:22:25
1028,Phoenix,2023-05-17,0.93,05:26:46,19:23:08
1029,Phoenix,2023-05-18,0.97,05:26:07,19:23:51
1030,Phoenix,2023-05-19,0.0,05:25:30,19:24:34
1031,Phoenix,2023-05-20,0.04,05:24:53,19:25:16
1032,Phoenix,2023-05-21,0.07,05:24:19,19:25:58
1033,Phoenix,2023-05-22,0.1,05:23:45,19:26:40
1034,Phoenix,2023-05-23,0.13,05:23:14,19:27:21
1035,Phoenix,2023-05-24,0.17,05:22:44,19:28:01
1036,Phoenix,2023-05-25,0.2,05:22:15,19:28:41
1037,Phoenix,2023-05-26,0.23,05:21:48,19:29:21
1038,Phoenix,2023-05-27,0.25,05:21:22,19:30:00
1039,Phoenix,2023-05-28,0.29,05:20:58,19:30:38
1040,Phoenix,2023-05-29,0.33,05:20:35,19:31:15
1041,Phoenix,2023-05-30,0.36,05:20:14,19:31:52
1042,Phoenix,2023-05-31,0.39,05:19:55,19:32:28
1043,Phoenix,2023-06-01,0.42,05:19:37,19:33:04
1044,Phoenix,2023-06-02,0.46,05:19:21,19:33:38
1045,Phoenix,2023-06-03,0.5,05:19:06,19:34:12
1046,Phoenix,2023-06-04,0.52,05:18:53,19:34:45
1047,Phoenix,2023-06-05,0.56,05:18:41,19:35:17
1048,Phoenix,2023-06-06,0.59,05:18:31,19:35:48
1049,Phoenix,2023-06-07,0.63,05:18:23,19:36:18
1050,Phoenix,2023-06-08,0.67,05:18:16,19:36:47
1051,Phoenix,2023-06-09,0.7,05:18:10,19:37:15
1052,Phoenix,2023-06-10,0.75,05:18:07,19:37:42
1053,Phoenix,2023-06-11,0.77,05:18:04,19:38:07
1054,Phoenix,2023-06-12,0.81,05:18:04,19:38:32
1055,Phoenix,2023-06-13,0.84,05:18:04,19:38:55
1056,Phoenix,2023-06-14,0.88,05:18:07,19:39:18
1057,Phoenix,2023-06-15,0.91,05:18:10,19:39:39
1058,Phoenix,2023-06-16,0.95,05:18:15,19:39:59
1059,Phoenix,2023-06-17,0.0,05:18:22,19:40:17
1060,Phoenix,2023-06-18,0.02,05:18:30,19:40:34
1061,Phoenix,2023-06-19,0.05,05:18:40,19:40:50
1062,Phoenix,2023-06-20,0.08,05:18:50,19:41:05
1063,Phoenix,2023-06-21,0.12,05:19:03,19:41:18
1064,Phoenix,2023-06-22,0.15,05:19:16,19:41:29
1065,Phoenix,2023-06-23,0.18,05:19:31,19:41:39
1066,Phoenix,2023-06-24,0.22,05:19:47,19:41:48
1067,Phoenix,2023-06-25,0.25,05:20:05,19:41:56
1068,Phoenix,2023-06-26,0.25,05:20:23,19:42:01
1069,Phoenix,2023-06-27,0.31,05:20:43,19:42:06
1070,Phoenix,2023-06-28,0.35,05:21:04,19:42:08
1071,Phoenix,2023-06-29,0.38,05:21:27,19:42:10
1072,Phoenix,2023-06-30,0.41,05:21:50,19:42:09
1073,Phoenix,2023-07-01,0.44,05:22:14,19:42:07
1074,Phoenix,2023-07-02,0.48,05:22:40,19:42:04
1075,Phoenix,2023-07-03,0.5,05:23:06,19:41:59
1076,Phoenix,2023-07-04,0.55,05:23:34,19:41:52
1077,Phoenix,2023-07-05,0.58,05:24:02,19:41:44
1078,Phoenix,2023-07-06,0.62,05:24:31,19:41:34
1079,Phoenix,2023-07-07,0.65,05:25:02,19:41:23
1080,Phoenix,2023-07-08,0.69,05:25:33,19:41:10
1081,Phoenix,2023-07-09,0.75,05:26:05,19:40:55
1082,Phoenix,2023-07-10,0.76,05:26:37,19:40:39
1083,Phoenix,2023-07-11,0.79,05:27:11,19:40:21
1084,Phoenix,2023-07-12,0.83,05:27:45,19:40:01
1085,Phoenix,2023-07-13,0.86,05:28:20,19:39:40
1086,Phoenix,2023-07-14,0.9,05:28:55,19:39:18
1087,Phoenix,2023-07-15,0.93,05:29:31,19:38:53
1088,Phoenix,2023-07-16,0.97,05:30:08,19:38:27
1089,Phoenix,2023-07-17,0.0,05:30:45,19:38:00
1090,Phoenix,2023-07-18,0.03,05:31:23,19:37:31
1091,Phoenix,2023-07-19,0.07,05:32:01,19:37:00
1092,Phoenix,2023-07-20,0.1,05:32:40,19:36:28
1093,Phoenix,2023-07-21,0.13,05:33:19,19:35:55
1094,Phoenix,2023-07-22,0.17,05:33:59,19:35:20
1095,Phoenix,2023-07-23,0.2,05:34:39,19:34:43
1096,Phoenix,2023-07-24,0.23,05:35:19,19:34:05
1097,Phoenix,2023-07-25,0.25,05:35:59,19:33:25
1098,Phoenix,2023-07-26,0.3,05:36:40,19:32:44
1099,Phoenix,2023-07-27,0.33,05:37:21,19:32:02
1100,Phoenix,2023-07-28,0.37,05:38:02,19:31:18
1101,Phoenix,2023-07-29,0.4,05:38:44,19:30:32
1102,Phoenix,2023-07-30,0.43,05:39:25,19:29:46
1103,Phoenix,2023-07-31,0.47,05:40:07,19:28:58
