,city,latitude,longitude,date,humidity,feelslike,feelslikemin,feelslikemax,temp,tempmin,tempmax
0,Chicago,41.8843,-87.6324,2023-05-01,72.9,36.7,32.0,44.3,44.0,40.6,49.9
1,Chicago,41.8843,-87.6324,2023-05-02,53.9,43.4,35.7,54.6,48.1,42.9,54.6
2,Chicago,41.8843,-87.6324,2023-05-03,60.4,44.3,34.5,55.4,47.6,40.8,55.4
3,Chicago,41.8843,-87.6324,2023-05-04,48.4,56.9,40.6,71.6,57.3,41.8,71.6
4,Chicago,41.8843,-87.6324,2023-05-05,36.0,67.5,55.8,77.5,67.5,55.8,77.5
5,Chicago,41.8843,-87.6324,2023-05-06,54.3,67.9,59.6,77.4,67.9,59.6,77.4
6,Chicago,41.8843,-87.6324,2023-05-07,67.6,70.7,59.6,83.8,70.6,59.6,83.9
7,Chicago,41.8843,-87.6324,2023-05-08,84.0,54.7,51.8,64.5,54.7,51.8,64.5
8,Chicago,41.8843,-87.6324,2023-05-09,60.5,58.5,46.0,68.8,58.8,48.6,68.8
9,Chicago,41.8843,-87.6324,2023-05-10,47.1,64.4,50.6,78.4,64.4,50.6,78.4
10,Chicago,41.8843,-87.6324,2023-05-11,39.9,69.3,56.3,80.3,69.7,56.3,82.6
11,Chicago,41.8843,-87.6324,2023-05-12,65.8,68.4,60.8,75.3,68.4,60.8,75.3
12,Chicago,41.8843,-87.6324,2023-05-13,74.5,61.1,57.0,66.6,61.1,57.0,66.6
13,Chicago,41.8843,-87.6324,2023-05-14,59.2,58.8,54.3,63.0,58.8,54.3,63.0
14,Chicago,41.8843,-87.6324,2023-05-15,41.5,59.2,52.3,66.5,59.2,52.3,66.5
15,Chicago,41.8843,-87.6324,2023-05-16,45.8,62.9,51.3,79.5,63.0,51.3,80.9
16,Chicago,41.8843,-87.6324,2023-05-17,58.2,51.6,40.4,61.0,53.2,46.6,61.0
17,Chicago,41.8843,-87.6324,2023-05-18,41.1,59.6,44.4,73.9,60.2,46.3,73.9
18,Chicago,41.8843,-87.6324,2023-05-19,55.3,66.3,58.1,74.6,66.3,58.1,74.6
19,Chicago,41.8843,-87.6324,2023-05-20,51.8,59.5,45.7,70.7,59.8,49.2,70.7
20,Chicago,41.8843,-87.6324,2023-05-21,40.6,66.9,54.0,79.8,66.9,54.0,79.8
21,Chicago,41.8843,-87.6324,2023-05-22,39.4,69.3,55.5,79.7,69.4,55.5,81.2
22,Chicago,41.8843,-87.6324,2023-05-23,38.3,71.5,60.2,81.3,72.1,60.2,83.7
23,Chicago,41.8843,-87.6324,2023-05-24,54.8,62.0,54.2,67.9,62.0,54.2,67.9
24,Chicago,41.8843,-87.6324,2023-05-25,44.9,54.1,44.6,60.7,54.3,49.5,60.7
25,Chicago,41.8843,-87.6324,2023-05-26,42.6,58.9,46.7,69.1,59.2,48.8,69.1
26,Chicago,41.8843,-87.6324,2023-05-27,39.6,61.9,46.9,71.5,62.0,48.0,71.5
27,Chicago,41.8843,-87.6324,2023-05-28,37.8,67.1,55.7,78.2,67.1,55.7,78.2
28,Chicago,41.8843,-87.6324,2023-05-29,38.5,70.0,55.0,80.3,70.6,55.0,82.5
29,Chicago,41.8843,-87.6324,2023-05-30,39.3,74.0,62.0,85.5,74.8,62.0,88.2
30,Chicago,41.8843,-87.6324,2023-05-31,50.9,79.0,69.4,89.5,78.9,69.4,89.7
31,Chicago,41.8843,-87.6324,2023-06-01,57.5,78.6,69.2,89.7,78.3,69.2,89.5
32,Chicago,41.8843,-87.6324,2023-06-02,44.5,78.0,67.9,86.5,79.2,67.9,89.6
33,Chicago,41.8843,-87.6324,2023-06-03,48.5,76.1,66.4,84.8,76.7,66.4,87.4
34,Chicago,41.8843,-87.6324,2023-06-04,43.8,70.9,63.0,75.9,70.9,63.0,75.9
35,Chicago,41.8843,-87.6324,2023-06-05,42.4,70.5,57.5,81.2,70.9,57.5,83.7
36,Chicago,41.8843,-87.6324,2023-06-06,53.7,68.6,61.8,76.8,68.6,61.8,76.8
37,Chicago,41.8843,-87.6324,2023-06-07,48.1,65.5,58.7,73.6,65.5,58.7,73.6
38,Chicago,41.8843,-87.6324,2023-06-08,45.5,64.6,54.8,73.8,64.6,54.8,73.8
39,Chicago,41.8843,-87.6324,2023-06-09,38.7,68.1,54.5,78.4,68.1,54.5,78.4
40,Chicago,41.8843,-87.6324,2023-06-10,31.7,73.9,61.3,82.5,74.8,61.3,85.6
41,Chicago,41.8843,-87.6324,2023-06-11,78.5,57.8,53.1,71.9,57.8,53.1,71.9
42,Chicago,41.8843,-87.6324,2023-06-12,52.1,59.9,50.8,68.4,59.9,50.8,68.4
43,Chicago,41.8843,-87.6324,2023-06-13,76.9,61.0,56.6,65.4,61.0,56.6,65.4
44,Chicago,41.8843,-87.6324,2023-06-14,74.6,65.3,59.0,72.6,65.3,59.0,72.6
45,Chicago,41.8843,-87.6324,2023-06-15,70.1,64.4,54.6,80.6,64.4,54.6,80.3
46,Chicago,41.8843,-87.6324,2023-06-16,73.8,59.2,53.4,66.4,59.2,53.4,66.4
47,Chicago,41.8843,-87.6324,2023-06-17,60.2,66.6,53.6,78.3,66.6,53.6,78.3
48,Chicago,41.8843,-87.6324,2023-06-18,51.8,72.5,61.6,82.5,73.0,61.6,84.6
49,Chicago,41.8843,-87.6324,2023-06-19,49.8,74.3,64.1,82.7,74.8,64.1,84.3
50,Chicago,41.8843,-87.6324,2023-06-20,51.8,73.2,61.5,81.8,73.4,61.5,82.5
51,Chicago,41.8843,-87.6324,2023-06-21,58.4,75.9,65.8,85.9,75.8,65.8,85.9
52,Chicago,41.8843,-87.6324,2023-06-22,52.1,75.5,68.3,83.0,75.7,68.3,83.9
53,Chicago,41.8843,-87.6324,2023-06-23,47.8,75.6,67.9,82.7,75.9,67.9,84.0
54,Chicago,41.8843,-87.6324,2023-06-24,49.2,78.6,65.7,88.7,78.9,65.7,90.8
55,Chicago,41.8843,-87.6324,2023-06-25,68.8,75.8,68.8,88.4,75.3,68.8,86.3
56,Chicago,41.8843,-87.6324,2023-06-26,72.3,71.5,68.8,74.5,71.5,68.8,74.5
57,Chicago,41.8843,-87.6324,2023-06-27,61.0,69.2,65.5,75.0,69.2,65.5,75.0
58,Chicago,41.8843,-87.6324,2023-06-28,57.0,71.7,59.3,82.7,71.9,59.3,83.8
59,Chicago,41.8843,-87.6324,2023-06-29,67.7,80.0,72.7,90.9,78.3,72.7,86.4
60,Chicago,41.8843,-87.6324,2023-06-30,69.3,81.5,71.4,92.0,80.1,71.4,89.1
61,Chicago,41.8843,-87.6324,2023-07-01,74.3,77.9,72.8,87.3,77.1,72.8,84.2
62,Chicago,41.8843,-87.6324,2023-07-02,88.8,69.8,65.9,74.8,69.8,65.9,74.8
63,Chicago,41.8843,-87.6324,2023-07-03,58.4,75.3,63.9,85.9,75.1,63.9,85.4
64,Chicago,41.8843,-87.6324,2023-07-04,56.3,82.4,69.8,91.6,81.5,69.8,91.5
65,Chicago,41.8843,-87.6324,2023-07-05,71.5,81.7,71.4,95.7,79.6,71.4,90.6
66,Chicago,41.8843,-87.6324,2023-07-06,72.9,73.3,69.4,79.5,73.3,69.4,79.5
67,Chicago,41.8843,-87.6324,2023-07-07,62.3,72.2,65.5,79.6,72.2,65.5,79.6
68,Chicago,41.8843,-87.6324,2023-07-08,71.5,68.9,64.7,74.5,68.9,64.7,74.5
69,Chicago,41.8843,-87.6324,2023-07-09,55.1,73.1,61.1,82.3,73.3,61.1,83.6
70,Chicago,41.8843,-87.6324,2023-07-10,54.2,76.3,65.1,84.6,76.4,65.1,85.1
71,Chicago,41.8843,-87.6324,2023-07-11,66.0,74.0,68.9,87.2,73.8,68.9,85.4
72,Chicago,41.8843,-87.6324,2023-07-12,81.9,68.9,64.2,77.3,68.9,64.2,77.3
73,Chicago,41.8843,-87.6324,2023-07-13,75.1,69.7,64.6,76.4,69.7,64.6,76.4
74,Chicago,41.8843,-87.6324,2023-07-14,69.2,79.7,69.4,92.6,78.2,69.4,90.0
75,Chicago,41.8843,-87.6324,2023-07-15,71.2,77.5,70.3,86.4,76.7,70.3,83.7
76,Chicago,41.8843,-87.6324,2023-07-16,59.4,74.6,67.1,80.8,74.6,67.1,80.6
77,Chicago,41.8843,-87.6324,2023-07-17,55.1,73.4,65.8,79.1,73.4,65.8,79.1
78,Chicago,41.8843,-87.6324,2023-07-18,56.9,71.3,63.4,77.4,71.3,63.4,77.4
79,Chicago,41.8843,-87.6324,2023-07-19,54.8,74.7,62.9,83.8,74.7,62.9,84.4
80,Chicago,41.8843,-87.6324,2023-07-20,57.4,78.9,71.5,89.4,78.5,71.5,86.8
81,Chicago,41.8843,-87.6324,2023-07-21,58.7,73.4,67.8,80.4,73.4,67.8,80.4
82,Chicago,41.8843,-87.6324,2023-07-22,57.3,73.3,64.5,83.1,73.5,64.5,84.4
83,Chicago,41.8843,-87.6324,2023-07-23,65.2,74.3,64.7,83.7,74.2,64.7,83.7
84,Chicago,41.8843,-87.6324,2023-07-24,59.5,77.8,69.3,85.7,77.6,69.3,85.5
85,Chicago,41.8843,-87.6324,2023-07-25,57.1,80.8,69.6,90.3,80.1,69.6,89.9
86,Chicago,41.8843,-87.6324,2023-07-26,71.2,85.6,75.1,98.8,81.6,75.1,89.1
87,Chicago,41.8843,-87.6324,2023-07-27,66.2,86.6,73.7,97.1,83.3,73.7,90.9
88,Chicago,41.8843,-87.6324,2023-07-28,72.2,87.4,73.0,103.9,82.6,73.0,91.8
89,Chicago,41.8843,-87.6324,2023-07-29,67.8,75.5,69.8,82.8,75.3,69.8,82.0
90,Chicago,41.8843,-87.6324,2023-07-30,59.5,73.7,68.7,78.5,73.7,68.7,78.5
91,Chicago,41.8843,-87.6324,2023-07-31,55.2,73.6,64.1,81.3,73.6,64.1,81.5
92,New York,40.7146,-74.0071,2023-05-01,60.6,56.0,44.5,61.0,56.3,50.0,61.0
93,New York,40.7146,-74.0071,2023-05-02,63.8,51.4,43.1,56.9,52.1,47.9,56.9
94,New York,40.7146,-74.0071,2023-05-03,60.8,50.8,43.8,57.7,51.8,47.9,57.7
95,New York,40.7146,-74.0071,2023-05-04,75.9,50.5,45.9,55.1,51.3,48.8,55.1
96,New York,40.7146,-74.0071,2023-05-05,69.0,55.4,51.0,63.0,55.4,51.0,63.0
97,New York,40.7146,-74.0071,2023-05-06,58.2,60.5,51.0,73.1,60.5,51.0,73.1
98,New York,40.7146,-74.0071,2023-05-07,47.3,65.6,55.2,76.9,65.6,55.2,76.9
99,New York,40.7146,-74.0071,2023-05-08,49.9,68.4,59.0,78.9,68.4,59.0,78.9
100,New York,40.7146,-74.0071,2023-05-09,39.2,61.7,56.0,66.9,61.7,56.0,66.9
101,New York,40.7146,-74.0071,2023-05-10,52.5,61.2,53.0,71.9,61.2,53.0,71.9
102,New York,40.7146,-74.0071,2023-05-11,40.5,68.0,56.2,79.2,68.0,56.2,79.2
103,New York,40.7146,-74.0071,2023-05-12,43.0,73.0,60.5,81.8,73.6,60.5,83.9
104,New York,40.7146,-74.0071,2023-05-13,44.5,73.5,68.2,79.1,73.5,68.2,79.1
105,New York,40.7146,-74.0071,2023-05-14,32.4,67.4,61.0,75.6,67.4,61.0,75.6
106,New York,40.7146,-74.0071,2023-05-15,35.6,64.6,55.9,73.2,64.6,55.9,73.2
107,New York,40.7146,-74.0071,2023-05-16,42.5,68.4,57.1,78.1,68.4,57.1,78.1
108,New York,40.7146,-74.0071,2023-05-17,39.5,62.3,55.0,69.3,62.3,55.0,69.3
109,New York,40.7146,-74.0071,2023-05-18,46.9,53.5,43.8,60.1,54.5,48.6,60.1
110,New York,40.7146,-74.0071,2023-05-19,63.8,59.9,53.9,67.0,59.9,53.9,67.0
111,New York,40.7146,-74.0071,2023-05-20,91.0,61.1,57.6,65.0,61.1,57.6,65.0
112,New York,40.7146,-74.0071,2023-05-21,60.9,64.7,56.0,71.0,64.7,56.0,71.0
113,New York,40.7146,-74.0071,2023-05-22,59.8,65.0,59.0,74.0,65.0,59.0,74.0
114,New York,40.7146,-74.0071,2023-05-23,63.1,60.5,56.9,67.7,60.5,56.9,67.7
115,New York,40.7146,-74.0071,2023-05-24,50.3,63.1,55.9,75.8,63.1,55.9,75.8
116,New York,40.7146,-74.0071,2023-05-25,47.9,60.8,52.0,69.9,60.8,52.0,69.9
117,New York,40.7146,-74.0071,2023-05-26,41.4,64.8,56.7,74.7,64.8,56.7,74.7
118,New York,40.7146,-74.0071,2023-05-27,41.6,66.9,60.0,77.0,66.9,60.0,77.0
119,New York,40.7146,-74.0071,2023-05-28,44.4,67.1,59.1,76.0,67.1,59.1,76.0
120,New York,40.7146,-74.0071,2023-05-29,53.6,67.8,61.1,76.9,67.8,61.1,76.9
121,New York,40.7146,-74.0071,2023-05-30,59.0,62.2,56.0,69.2,62.2,56.0,69.2
122,New York,40.7146,-74.0071,2023-05-31,66.3,63.6,55.0,73.2,63.6,55.0,73.2
123,New York,40.7146,-74.0071,2023-06-01,64.4,69.6,61.0,82.1,69.6,61.0,82.3
124,New York,40.7146,-74.0071,2023-06-02,60.0,73.0,63.2,85.6,73.3,63.2,86.1
125,New York,40.7146,-74.0071,2023-06-03,68.7,65.8,57.8,70.0,65.8,57.8,70.0
126,New York,40.7146,-74.0071,2023-06-04,58.2,60.8,53.0,69.9,60.8,53.0,69.9
127,New York,40.7146,-74.0071,2023-06-05,50.3,66.5,57.7,75.8,66.5,57.7,75.8
128,New York,40.7146,-74.0071,2023-06-06,43.1,69.2,62.8,79.5,69.3,62.8,80.7
129,New York,40.7146,-74.0071,2023-06-07,46.2,65.1,59.0,71.7,65.1,59.0,71.7
130,New York,40.7146,-74.0071,2023-06-08,51.5,64.9,57.7,71.9,64.9,57.7,71.9
131,New York,40.7146,-74.0071,2023-06-09,57.4,65.1,59.0,71.8,65.1,59.0,71.8
132,New York,40.7146,-74.0071,2023-06-10,55.4,68.4,59.0,78.9,68.4,59.0,78.9
133,New York,40.7146,-74.0071,2023-06-11,62.7,71.8,65.9,80.3,71.8,65.9,80.1
134,New York,40.7146,-74.0071,2023-06-12,77.3,70.3,66.3,75.1,70.3,66.3,75.1
135,New York,40.7146,-74.0071,2023-06-13,60.6,71.2,65.0,78.2,71.2,65.0,78.2
136,New York,40.7146,-74.0071,2023-06-14,65.7,68.5,65.0,76.9,68.5,65.0,76.9
137,New York,40.7146,-74.0071,2023-06-15,57.9,70.3,62.0,78.9,70.3,62.0,78.9
138,New York,40.7146,-74.0071,2023-06-16,65.6,68.8,65.0,80.0,68.8,65.0,80.0
139,New York,40.7146,-74.0071,2023-06-17,60.2,69.7,62.9,78.9,69.7,62.9,78.9
140,New York,40.7146,-74.0071,2023-06-18,51.5,72.3,64.1,80.6,72.3,64.1,80.9
141,New York,40.7146,-74.0071,2023-06-19,64.5,71.3,66.8,78.3,71.3,66.8,78.3
142,New York,40.7146,-74.0071,2023-06-20,67.1,69.2,64.1,77.0,69.2,64.1,77.0
143,New York,40.7146,-74.0071,2023-06-21,67.0,66.6,62.1,71.9,66.6,62.1,71.9
144,New York,40.7146,-74.0071,2023-06-22,71.9,65.5,60.2,71.0,65.5,60.2,71.0
145,New York,40.7146,-74.0071,2023-06-23,87.9,67.2,65.0,70.2,67.2,65.0,70.2
146,New York,40.7146,-74.0071,2023-06-24,86.1,72.5,68.1,79.0,72.5,68.1,79.0
147,New York,40.7146,-74.0071,2023-06-25,78.3,75.5,69.9,87.1,75.1,69.9,84.5
148,New York,40.7146,-74.0071,2023-06-26,84.4,72.8,69.8,79.0,72.8,69.8,79.0
149,New York,40.7146,-74.0071,2023-06-27,83.8,72.0,66.9,83.1,71.9,66.9,80.7
150,New York,40.7146,-74.0071,2023-06-28,71.1,74.5,68.0,83.8,74.1,68.0,82.1
151,New York,40.7146,-74.0071,2023-06-29,61.8,74.4,66.7,82.6,74.4,66.7,82.9
152,New York,40.7146,-74.0071,2023-06-30,64.8,75.9,69.2,84.2,75.8,69.2,83.9
153,New York,40.7146,-74.0071,2023-07-01,64.2,74.6,69.2,81.6,74.5,69.2,81.0
154,New York,40.7146,-74.0071,2023-07-02,78.1,78.0,71.0,92.9,76.9,71.0,87.8
155,New York,40.7146,-74.0071,2023-07-03,71.3,82.5,74.0,93.6,80.3,74.0,88.1
156,New York,40.7146,-74.0071,2023-07-04,84.5,75.8,73.2,86.3,75.7,73.2,82.0
157,New York,40.7146,-74.0071,2023-07-05,69.7,82.7,73.0,94.6,81.1,73.0,91.9
158,New York,40.7146,-74.0071,2023-07-06,70.8,82.2,75.0,93.3,80.8,75.0,88.1
159,New York,40.7146,-74.0071,2023-07-07,78.9,80.0,74.1,90.8,78.5,74.1,86.0
160,New York,40.7146,-74.0071,2023-07-08,81.1,79.6,75.0,92.2,78.3,75.0,87.2
161,New York,40.7146,-74.0071,2023-07-09,83.3,78.1,75.0,84.5,77.4,75.0,81.0
162,New York,40.7146,-74.0071,2023-07-10,71.1,79.1,72.0,89.6,78.5,72.0,87.8
163,New York,40.7146,-74.0071,2023-07-11,51.9,80.5,71.0,89.3,80.0,71.0,88.0
164,New York,40.7146,-74.0071,2023-07-12,53.8,83.2,74.2,91.7,82.6,74.2,91.0
165,New York,40.7146,-74.0071,2023-07-13,64.9,86.1,76.0,95.5,82.5,76.0,88.0
166,New York,40.7146,-74.0071,2023-07-14,74.6,80.6,73.9,90.5,78.7,73.9,84.7
167,New York,40.7146,-74.0071,2023-07-15,82.3,81.1,72.0,97.0,78.8,72.0,88.9
168,New York,40.7146,-74.0071,2023-07-16,94.6,76.8,75.2,78.8,76.8,75.2,78.8
169,New York,40.7146,-74.0071,2023-07-17,74.0,82.9,74.3,94.1,80.9,74.3,89.0
170,New York,40.7146,-74.0071,2023-07-18,77.6,79.0,73.3,90.3,78.0,73.3,83.9
171,New York,40.7146,-74.0071,2023-07-19,73.9,76.7,74.0,85.4,76.4,74.0,82.0
172,New York,40.7146,-74.0071,2023-07-20,66.1,79.1,73.1,87.1,78.9,73.1,85.9
173,New York,40.7146,-74.0071,2023-07-21,68.7,79.8,73.1,90.6,78.9,73.1,87.8
174,New York,40.7146,-74.0071,2023-07-22,53.2,77.9,71.0,84.3,78.1,71.0,85.8
175,New York,40.7146,-74.0071,2023-07-23,54.4,80.0,73.0,90.0,79.8,73.0,90.7
176,New York,40.7146,-74.0071,2023-07-24,63.6,79.2,74.1,86.6,78.6,74.1,84.8
177,New York,40.7146,-74.0071,2023-07-25,74.7,76.6,71.0,90.0,75.7,71.0,85.9
178,New York,40.7146,-74.0071,2023-07-26,68.8,78.5,69.1,89.3,77.4,69.1,86.0
179,New York,40.7146,-74.0071,2023-07-27,69.8,87.1,74.9,99.4,82.8,74.9,90.0
180,New York,40.7146,-74.0071,2023-07-28,65.4,86.9,77.0,97.7,84.0,77.0,91.9
181,New York,40.7146,-74.0071,2023-07-29,69.6,83.4,75.8,94.0,81.1,75.8,88.1
182,New York,40.7146,-74.0071,2023-07-30,54.0,74.6,66.8,81.9,74.7,66.8,82.8
183,New York,40.7146,-74.0071,2023-07-31,50.9,75.6,69.1,81.4,75.6,69.1,82.1
184,Los Angeles,34.0536,-118.245,2023-05-01,74.9,60.1,57.0,65.4,60.1,57.0,65.4
185,Los Angeles,34.0536,-118.245,2023-05-02,62.7,58.4,53.5,64.5,58.4,53.5,64.5
186,Los Angeles,34.0536,-118.245,2023-05-03,60.4,58.1,50.5,64.7,58.1,50.5,64.7
187,Los Angeles,34.0536,-118.245,2023-05-04,72.3,58.3,52.9,64.6,58.3,52.9,64.6
188,Los Angeles,34.0536,-118.245,2023-05-05,62.6,60.5,56.9,66.7,60.5,56.9,66.7
189,Los Angeles,34.0536,-118.245,2023-05-06,61.4,60.9,53.8,67.4,60.9,53.8,67.4
190,Los Angeles,34.0536,-118.245,2023-05-07,64.8,61.7,55.7,69.1,61.7,55.7,69.1
191,Los Angeles,34.0536,-118.245,2023-05-08,68.6,63.5,57.6,70.4,63.5,57.6,70.4
192,Los Angeles,34.0536,-118.245,2023-05-09,72.6,60.9,57.8,65.8,60.9,57.8,65.8
193,Los Angeles,34.0536,-118.245,2023-05-10,65.2,61.7,56.3,67.9,61.7,56.3,67.9
194,Los Angeles,34.0536,-118.245,2023-05-11,68.8,62.0,57.5,68.8,62.0,57.5,68.8
195,Los Angeles,34.0536,-118.245,2023-05-12,72.6,62.8,56.2,72.1,62.8,56.2,72.1
196,Los Angeles,34.0536,-118.245,2023-05-13,75.6,64.0,58.1,72.5,64.0,58.1,72.5
197,Los Angeles,34.0536,-118.245,2023-05-14,75.8,65.0,60.8,75.0,65.0,60.8,75.0
198,Los Angeles,34.0536,-118.245,2023-05-15,75.6,64.9,62.1,70.3,64.9,62.1,70.3
199,Los Angeles,34.0536,-118.245,2023-05-16,77.9,63.4,60.1,70.8,63.4,60.1,70.8
200,Los Angeles,34.0536,-118.245,2023-05-17,79.3,62.4,57.9,69.8,62.4,57.9,69.8
201,Los Angeles,34.0536,-118.245,2023-05-18,74.4,64.4,60.4,72.7,64.4,60.4,72.7
202,Los Angeles,34.0536,-118.245,2023-05-19,78.4,63.7,61.2,67.8,63.7,61.2,67.8
203,Los Angeles,34.0536,-118.245,2023-05-20,75.6,65.6,62.0,72.2,65.6,62.0,72.2
204,Los Angeles,34.0536,-118.245,2023-05-21,77.5,64.9,61.0,71.4,64.9,61.0,71.4
205,Los Angeles,34.0536,-118.245,2023-05-22,80.6,64.0,61.8,68.8,64.0,61.8,68.8
206,Los Angeles,34.0536,-118.245,2023-05-23,82.0,62.7,60.8,64.6,62.7,60.8,64.6
207,Los Angeles,34.0536,-118.245,2023-05-24,74.6,62.7,59.0,66.7,62.7,59.0,66.7
208,Los Angeles,34.0536,-118.245,2023-05-25,63.5,63.2,61.3,65.9,63.2,61.3,65.9
209,Los Angeles,34.0536,-118.245,2023-05-26,64.2,63.3,59.4,68.1,63.3,59.4,68.1
210,Los Angeles,34.0536,-118.245,2023-05-27,68.2,63.6,60.3,69.1,63.6,60.3,69.1
211,Los Angeles,34.0536,-118.245,2023-05-28,73.3,63.4,60.6,67.3,63.4,60.6,67.3
212,Los Angeles,34.0536,-118.245,2023-05-29,72.3,64.7,62.1,69.7,64.7,62.1,69.7
213,Los Angeles,34.0536,-118.245,2023-05-30,66.1,64.0,61.3,68.5,64.0,61.3,68.5
214,Los Angeles,34.0536,-118.245,2023-05-31,67.1,63.3,61.0,67.7,63.3,61.0,67.7
215,Los Angeles,34.0536,-118.245,2023-06-01,70.3,63.7,62.0,66.7,63.7,62.0,66.7
216,Los Angeles,34.0536,-118.245,2023-06-02,66.1,65.4,61.2,71.0,65.4,61.2,71.0
217,Los Angeles,34.0536,-118.245,2023-06-03,70.1,64.8,59.0,71.6,64.8,59.0,71.6
218,Los Angeles,34.0536,-118.245,2023-06-04,74.5,64.0,61.7,70.7,64.0,61.7,70.7
219,Los Angeles,34.0536,-118.245,2023-06-05,71.7,62.6,60.2,67.4,62.6,60.2,67.4
220,Los Angeles,34.0536,-118.245,2023-06-06,62.1,63.2,60.8,66.4,63.2,60.8,66.4
221,Los Angeles,34.0536,-118.245,2023-06-07,68.4,64.0,61.1,69.8,64.0,61.1,69.8
222,Los Angeles,34.0536,-118.245,2023-06-08,71.9,64.5,59.0,71.3,64.5,59.0,71.3
223,Los Angeles,34.0536,-118.245,2023-06-09,75.0,64.2,60.5,69.0,64.2,60.5,69.0
224,Los Angeles,34.0536,-118.245,2023-06-10,75.6,64.2,61.5,67.9,64.2,61.5,67.9
225,Los Angeles,34.0536,-118.245,2023-06-11,73.4,64.3,62.0,67.9,64.3,62.0,67.9
226,Los Angeles,34.0536,-118.245,2023-06-12,68.2,65.6,62.2,70.6,65.6,62.2,70.6
227,Los Angeles,34.0536,-118.245,2023-06-13,71.1,65.4,62.0,70.2,65.4,62.0,70.2
228,Los Angeles,34.0536,-118.245,2023-06-14,77.8,63.5,60.3,66.7,63.5,60.3,66.7
229,Los Angeles,34.0536,-118.245,2023-06-15,73.8,65.5,62.7,69.8,65.5,62.7,69.8
230,Los Angeles,34.0536,-118.245,2023-06-16,74.3,66.7,63.2,73.1,66.7,63.2,73.1
231,Los Angeles,34.0536,-118.245,2023-06-17,74.9,68.0,62.9,76.4,68.0,62.9,76.4
232,Los Angeles,34.0536,-118.245,2023-06-18,74.8,66.4,63.2,71.6,66.4,63.2,71.6
233,Los Angeles,34.0536,-118.245,2023-06-19,70.7,66.4,63.2,72.5,66.4,63.2,72.5
234,Los Angeles,34.0536,-118.245,2023-06-20,65.9,67.8,60.8,74.5,67.8,60.8,74.5
235,Los Angeles,34.0536,-118.245,2023-06-21,63.7,68.4,60.5,76.2,68.4,60.5,76.2
236,Los Angeles,34.0536,-118.245,2023-06-22,67.7,65.2,61.0,73.0,65.2,61.0,73.0
237,Los Angeles,34.0536,-118.245,2023-06-23,62.3,65.3,59.4,72.5,65.3,59.4,72.5
238,Los Angeles,34.0536,-118.245,2023-06-24,66.8,66.4,58.4,76.3,66.4,58.4,76.3
239,Los Angeles,34.0536,-118.245,2023-06-25,67.9,66.1,60.5,74.8,66.1,60.5,74.8
240,Los Angeles,34.0536,-118.245,2023-06-26,69.4,66.3,59.5,73.0,66.3,59.5,73.0
241,Los Angeles,34.0536,-118.245,2023-06-27,68.2,67.1,60.6,74.8,67.1,60.6,74.8
242,Los Angeles,34.0536,-118.245,2023-06-28,70.1,66.3,61.9,73.6,66.3,61.9,73.6
243,Los Angeles,34.0536,-118.245,2023-06-29,70.3,67.2,61.4,75.3,67.2,61.4,75.3
244,Los Angeles,34.0536,-118.245,2023-06-30,76.4,66.4,59.3,75.5,66.4,59.3,75.5
245,Los Angeles,34.0536,-118.245,2023-07-01,74.0,68.8,62.9,77.4,68.8,62.9,77.4
246,Los Angeles,34.0536,-118.245,2023-07-02,76.1,68.1,62.4,78.2,68.1,62.4,78.2
247,Los Angeles,34.0536,-118.245,2023-07-03,78.4,66.6,60.3,77.7,66.6,60.3,77.7
248,Los Angeles,34.0536,-118.245,2023-07-04,72.4,66.6,60.9,75.9,66.6,60.9,75.9
249,Los Angeles,34.0536,-118.245,2023-07-05,69.7,66.9,60.6,76.9,66.9,60.6,76.9
250,Los Angeles,34.0536,-118.245,2023-07-06,71.6,66.5,60.7,74.9,66.5,60.7,74.9
251,Los Angeles,34.0536,-118.245,2023-07-07,68.0,67.5,61.6,75.2,67.5,61.6,75.2
252,Los Angeles,34.0536,-118.245,2023-07-08,69.3,68.0,62.3,76.9,68.0,62.3,76.9
253,Los Angeles,34.0536,-118.245,2023-07-09,69.0,68.4,63.1,76.2,68.4,63.1,76.2
254,Los Angeles,34.0536,-118.245,2023-07-10,65.5,70.2,61.6,81.9,70.2,61.6,81.5
255,Los Angeles,34.0536,-118.245,2023-07-11,64.5,71.5,62.6,81.0,71.5,62.6,81.2
256,Los Angeles,34.0536,-118.245,2023-07-12,51.5,74.1,64.3,83.8,74.9,64.3,86.1
257,Los Angeles,34.0536,-118.245,2023-07-13,53.6,74.5,67.6,86.0,75.0,67.6,88.1
258,Los Angeles,34.0536,-118.245,2023-07-14,56.9,74.6,64.8,85.7,75.0,64.8,87.1
259,Los Angeles,34.0536,-118.245,2023-07-15,67.7,73.0,65.5,83.2,72.9,65.5,82.2
260,Los Angeles,34.0536,-118.245,2023-07-16,69.6,74.3,67.0,84.4,74.0,67.0,83.0
261,Los Angeles,34.0536,-118.245,2023-07-17,70.0,75.5,68.7,88.6,75.1,68.7,87.3
262,Los Angeles,34.0536,-118.245,2023-07-18,67.4,75.3,67.4,84.9,75.0,67.4,84.2
263,Los Angeles,34.0536,-118.245,2023-07-19,62.0,75.6,67.3,86.0,75.6,67.3,85.5
264,Los Angeles,34.0536,-118.245,2023-07-20,61.9,76.3,67.5,87.1,76.2,67.5,86.5
265,Los Angeles,34.0536,-118.245,2023-07-21,68.6,73.7,66.7,83.0,73.6,66.7,81.9
266,Los Angeles,34.0536,-118.245,2023-07-22,71.5,72.9,64.9,82.7,72.7,64.9,81.5
267,Los Angeles,34.0536,-118.245,2023-07-23,73.2,73.2,67.3,87.6,73.0,67.3,86.7
268,Los Angeles,34.0536,-118.245,2023-07-24,69.8,75.8,69.2,85.2,75.3,69.2,83.2
269,Los Angeles,34.0536,-118.245,2023-07-25,66.1,77.3,68.4,89.2,76.9,68.4,88.4
270,Los Angeles,34.0536,-118.245,2023-07-26,59.2,79.2,70.2,91.0,79.1,70.2,90.1
271,Los Angeles,34.0536,-118.245,2023-07-27,60.1,78.7,70.3,90.5,78.3,70.3,88.4
272,Los Angeles,34.0536,-118.245,2023-07-28,70.7,76.5,70.2,86.5,75.8,70.2,84.1
273,Los Angeles,34.0536,-118.245,2023-07-29,68.7,77.4,70.3,90.2,76.6,70.3,88.1
274,Los Angeles,34.0536,-118.245,2023-07-30,69.7,77.3,70.3,89.3,76.7,70.3,86.1
275,Los Angeles,34.0536,-118.245,2023-07-31,66.7,79.2,72.0,90.1,78.7,72.0,89.1
276,Atlanta,33.7483,-84.3911,2023-05-01,44.7,58.0,45.8,67.3,58.4,48.7,67.3
277,Atlanta,33.7483,-84.3911,2023-05-02,39.9,59.8,45.2,71.6,60.2,47.7,71.6
278,Atlanta,33.7483,-84.3911,2023-05-03,39.0,59.3,44.4,70.7,59.7,47.0,70.7
279,Atlanta,33.7483,-84.3911,2023-05-04,52.2,60.2,45.3,73.5,60.2,45.3,73.5
280,Atlanta,33.7483,-84.3911,2023-05-05,72.5,59.3,53.8,64.1,59.3,53.8,64.1
281,Atlanta,33.7483,-84.3911,2023-05-06,73.3,65.7,58.3,74.3,65.7,58.3,74.3
282,Atlanta,33.7483,-84.3911,2023-05-07,74.2,70.5,57.9,83.0,70.2,57.9,81.6
283,Atlanta,33.7483,-84.3911,2023-05-08,75.7,73.3,65.5,83.6,73.0,65.5,82.1
284,Atlanta,33.7483,-84.3911,2023-05-09,78.9,75.0,67.3,86.3,74.5,67.3,83.0
285,Atlanta,33.7483,-84.3911,2023-05-10,66.4,74.1,65.2,82.8,74.1,65.2,82.9
286,Atlanta,33.7483,-84.3911,2023-05-11,68.5,73.2,67.5,79.7,73.2,67.5,79.7
287,Atlanta,33.7483,-84.3911,2023-05-12,83.0,70.1,66.4,75.4,70.1,66.4,75.4
288,Atlanta,33.7483,-84.3911,2023-05-13,77.7,74.0,65.0,87.0,73.6,65.0,85.7
289,Atlanta,33.7483,-84.3911,2023-05-14,68.2,78.7,66.7,90.6,77.9,66.7,88.5
290,Atlanta,33.7483,-84.3911,2023-05-15,74.4,76.4,68.8,85.5,75.8,68.8,83.7
291,Atlanta,33.7483,-84.3911,2023-05-16,82.2,74.5,67.5,89.2,73.8,67.5,86.7
292,Atlanta,33.7483,-84.3911,2023-05-17,83.7,70.9,65.9,78.0,70.9,65.9,78.0
293,Atlanta,33.7483,-84.3911,2023-05-18,86.7,67.4,64.6,70.4,67.4,64.6,70.4
294,Atlanta,33.7483,-84.3911,2023-05-19,75.3,66.7,61.7,73.2,66.7,61.7,73.2
295,Atlanta,33.7483,-84.3911,2023-05-20,80.9,69.9,64.8,76.1,69.9,64.8,76.1
296,Atlanta,33.7483,-84.3911,2023-05-21,79.1,71.8,64.2,81.8,71.8,64.2,80.1
297,Atlanta,33.7483,-84.3911,2023-05-22,81.3,67.6,63.4,71.2,67.6,63.4,71.2
298,Atlanta,33.7483,-84.3911,2023-05-23,72.3,66.4,63.2,72.0,66.4,63.2,72.0
299,Atlanta,33.7483,-84.3911,2023-05-24,53.2,70.5,64.3,78.9,70.5,64.3,78.9
300,Atlanta,33.7483,-84.3911,2023-05-25,52.2,70.1,57.6,79.8,70.1,57.6,80.8
301,Atlanta,33.7483,-84.3911,2023-05-26,54.5,69.9,61.9,77.2,69.9,61.9,77.2
302,Atlanta,33.7483,-84.3911,2023-05-27,45.3,66.5,60.3,75.9,66.5,60.3,75.9
303,Atlanta,33.7483,-84.3911,2023-05-28,60.0,67.1,56.5,77.9,67.1,56.5,77.9
304,Atlanta,33.7483,-84.3911,2023-05-29,64.7,66.9,60.7,74.6,66.9,60.7,74.6
305,Atlanta,33.7483,-84.3911,2023-05-30,68.0,70.3,58.4,81.0,70.3,58.4,80.6
306,Atlanta,33.7483,-84.3911,2023-05-31,72.9,71.2,66.6,77.3,71.2,66.6,77.3
307,Atlanta,33.7483,-84.3911,2023-06-01,69.8,72.7,63.4,83.0,72.5,63.4,82.8
308,Atlanta,33.7483,-84.3911,2023-06-02,60.6,75.3,64.9,85.0,75.4,64.9,86.0
309,Atlanta,33.7483,-84.3911,2023-06-03,51.9,75.4,63.6,85.0,76.2,63.6,87.9
310,Atlanta,33.7483,-84.3911,2023-06-04,71.4,71.6,66.8,82.8,71.5,66.8,81.2
311,Atlanta,33.7483,-84.3911,2023-06-05,78.2,71.6,62.1,84.5,71.3,62.1,82.8
312,Atlanta,33.7483,-84.3911,2023-06-06,68.5,76.6,66.5,89.5,76.2,66.5,88.5
313,Atlanta,33.7483,-84.3911,2023-06-07,61.8,77.3,65.9,86.8,77.3,65.9,87.3
314,Atlanta,33.7483,-84.3911,2023-06-08,54.7,74.9,67.5,81.9,75.1,67.5,83.2
315,Atlanta,33.7483,-84.3911,2023-06-09,44.6,72.0,62.1,80.7,72.4,62.1,82.5
316,Atlanta,33.7483,-84.3911,2023-06-10,52.2,72.4,58.2,82.8,72.9,58.2,84.7
317,Atlanta,33.7483,-84.3911,2023-06-11,70.8,74.3,67.4,88.2,73.8,67.4,84.8
318,Atlanta,33.7483,-84.3911,2023-06-12,77.7,72.4,65.9,79.5,72.4,65.9,79.5
319,Atlanta,33.7483,-84.3911,2023-06-13,66.2,70.2,62.0,77.9,70.2,62.0,77.9
320,Atlanta,33.7483,-84.3911,2023-06-14,88.4,70.2,67.1,74.4,70.2,67.1,74.4
321,Atlanta,33.7483,-84.3911,2023-06-15,79.7,73.5,67.5,83.0,73.2,67.5,80.6
322,Atlanta,33.7483,-84.3911,2023-06-16,69.3,78.4,70.5,87.5,78.0,70.5,87.3
323,Atlanta,33.7483,-84.3911,2023-06-17,61.9,79.0,67.1,89.2,78.7,67.1,89.1
324,Atlanta,33.7483,-84.3911,2023-06-18,67.1,77.0,66.0,87.0,76.3,66.0,84.7
325,Atlanta,33.7483,-84.3911,2023-06-19,85.3,74.0,67.5,78.7,74.0,67.5,78.7
326,Atlanta,33.7483,-84.3911,2023-06-20,82.6,74.0,70.3,83.1,73.8,70.3,81.1
327,Atlanta,33.7483,-84.3911,2023-06-21,89.4,69.9,66.4,72.9,69.9,66.4,72.9
328,Atlanta,33.7483,-84.3911,2023-06-22,85.4,70.1,64.9,78.5,70.1,64.9,78.5
329,Atlanta,33.7483,-84.3911,2023-06-23,77.4,74.3,67.4,83.1,73.9,67.4,80.9
330,Atlanta,33.7483,-84.3911,2023-06-24,66.4,76.7,64.9,87.2,76.5,64.9,87.3
331,Atlanta,33.7483,-84.3911,2023-06-25,70.1,77.9,68.6,91.9,77.2,68.6,90.4
332,Atlanta,33.7483,-84.3911,2023-06-26,76.1,79.6,66.8,95.5,77.3,66.8,89.4
333,Atlanta,33.7483,-84.3911,2023-06-27,59.6,80.0,70.6,88.2,79.9,70.6,88.3
334,Atlanta,33.7483,-84.3911,2023-06-28,61.3,79.4,67.2,89.7,78.8,67.2,88.9
335,Atlanta,33.7483,-84.3911,2023-06-29,64.6,81.6,68.9,93.7,80.1,68.9,90.9
336,Atlanta,33.7483,-84.3911,2023-06-30,78.3,77.5,70.4,92.5,76.5,70.4,87.2
337,Atlanta,33.7483,-84.3911,2023-07-01,72.7,82.9,71.7,101.6,80.4,71.7,94.1
338,Atlanta,33.7483,-84.3911,2023-07-02,73.1,82.1,71.1,101.4,79.5,71.1,91.7
339,Atlanta,33.7483,-84.3911,2023-07-03,79.7,80.5,71.0,95.8,77.9,71.0,88.3
340,Atlanta,33.7483,-84.3911,2023-07-04,77.9,80.7,72.1,96.0,78.7,72.1,89.7
341,Atlanta,33.7483,-84.3911,2023-07-05,77.7,80.8,74.4,91.7,79.3,74.4,86.7
342,Atlanta,33.7483,-84.3911,2023-07-06,74.6,83.3,72.9,96.6,80.6,72.9,90.6
343,Atlanta,33.7483,-84.3911,2023-07-07,74.7,82.2,73.5,95.4,80.0,73.5,89.7
344,Atlanta,33.7483,-84.3911,2023-07-08,70.6,83.6,72.6,94.4,81.2,72.6,90.4
345,Atlanta,33.7483,-84.3911,2023-07-09,70.5,81.8,73.1,91.7,80.3,73.1,88.6
346,Atlanta,33.7483,-84.3911,2023-07-10,76.7,77.7,69.5,89.0,76.6,69.5,85.5
347,Atlanta,33.7483,-84.3911,2023-07-11,66.7,79.6,69.2,90.3,78.9,69.2,88.3
348,Atlanta,33.7483,-84.3911,2023-07-12,67.0,83.0,69.8,95.1,80.6,69.8,90.9
349,Atlanta,33.7483,-84.3911,2023-07-13,72.3,85.0,74.0,97.4,81.7,74.0,90.7
350,Atlanta,33.7483,-84.3911,2023-07-14,75.1,85.8,74.4,98.7,82.1,74.4,91.5
351,Atlanta,33.7483,-84.3911,2023-07-15,70.6,87.0,75.0,99.2,82.9,75.0,91.5
352,Atlanta,33.7483,-84.3911,2023-07-16,67.6,83.7,74.2,93.5,82.1,74.2,91.2
353,Atlanta,33.7483,-84.3911,2023-07-17,64.6,80.0,68.5,89.7,79.6,68.5,89.8
354,Atlanta,33.7483,-84.3911,2023-07-18,66.6,83.4,69.1,95.1,81.0,69.1,91.5
355,Atlanta,33.7483,-84.3911,2023-07-19,63.1,84.2,74.4,95.2,81.8,74.4,90.0
356,Atlanta,33.7483,-84.3911,2023-07-20,74.5,84.9,73.2,101.9,81.6,73.2,94.7
357,Atlanta,33.7483,-84.3911,2023-07-21,77.4,81.8,72.2,99.2,79.2,72.2,91.2
358,Atlanta,33.7483,-84.3911,2023-07-22,80.2,76.9,70.5,88.6,76.1,70.5,84.9
359,Atlanta,33.7483,-84.3911,2023-07-23,66.1,81.1,71.2,91.1,80.2,71.2,89.7
360,Atlanta,33.7483,-84.3911,2023-07-24,61.0,80.7,69.6,92.6,80.2,69.6,91.5
361,Atlanta,33.7483,-84.3911,2023-07-25,59.3,82.6,69.2,94.5,81.5,69.2,92.6
362,Atlanta,33.7483,-84.3911,2023-07-26,63.1,85.9,72.9,97.0,83.5,72.9,93.3
363,Atlanta,33.7483,-84.3911,2023-07-27,61.4,86.8,73.6,97.6,84.8,73.6,95.3
364,Atlanta,33.7483,-84.3911,2023-07-28,68.4,85.6,73.9,98.3,82.8,73.9,92.8
365,Atlanta,33.7483,-84.3911,2023-07-29,69.8,87.1,75.5,101.5,83.6,75.5,94.2
366,Atlanta,33.7483,-84.3911,2023-07-30,66.2,84.3,74.3,96.1,82.0,74.3,89.8
367,Atlanta,33.7483,-84.3911,2023-07-31,62.0,83.6,72.2,95.0,82.6,72.2,93.3
368,Miami,25.7748,-80.1977,2023-05-01,60.7,76.6,69.4,84.8,76.6,69.4,84.7
369,Miami,25.7748,-80.1977,2023-05-02,62.5,78.9,70.0,89.0,78.6,70.0,88.8
370,Miami,25.7748,-80.1977,2023-05-03,63.1,79.7,71.3,90.1,79.1,71.3,89.0
371,Miami,25.7748,-80.1977,2023-05-04,53.4,77.1,68.7,85.3,77.5,68.7,87.0
372,Miami,25.7748,-80.1977,2023-05-05,60.3,79.7,70.6,88.4,79.2,70.6,87.2
373,Miami,25.7748,-80.1977,2023-05-06,65.0,81.3,74.1,89.5,80.0,74.1,86.2
374,Miami,25.7748,-80.1977,2023-05-07,69.7,79.0,75.2,86.1,78.4,75.2,83.0
375,Miami,25.7748,-80.1977,2023-05-08,61.8,78.8,71.8,85.1,78.1,71.8,83.5
376,Miami,25.7748,-80.1977,2023-05-09,66.0,81.3,71.9,88.8,80.0,71.9,86.1
377,Miami,25.7748,-80.1977,2023-05-10,63.0,82.9,74.5,91.0,81.8,74.5,90.1
378,Miami,25.7748,-80.1977,2023-05-11,63.8,82.9,75.4,89.5,81.3,75.4,86.6
379,Miami,25.7748,-80.1977,2023-05-12,63.9,84.0,78.4,89.8,81.9,78.4,86.4
380,Miami,25.7748,-80.1977,2023-05-13,61.4,81.8,77.4,87.4,81.1,77.4,86.3
381,Miami,25.7748,-80.1977,2023-05-14,65.5,82.3,76.6,91.3,80.7,76.6,86.2
382,Miami,25.7748,-80.1977,2023-05-15,72.3,82.9,75.6,93.5,80.7,75.6,88.4
383,Miami,25.7748,-80.1977,2023-05-16,65.0,82.7,74.6,91.5,81.0,74.6,89.2
384,Miami,25.7748,-80.1977,2023-05-17,71.8,83.3,76.3,92.1,81.1,76.3,89.0
385,Miami,25.7748,-80.1977,2023-05-18,70.8,82.7,72.4,92.3,80.3,72.4,87.8
386,Miami,25.7748,-80.1977,2023-05-19,75.9,84.8,77.6,91.5,81.3,77.6,86.2
387,Miami,25.7748,-80.1977,2023-05-20,73.0,86.1,77.3,96.3,82.1,77.3,88.1
388,Miami,25.7748,-80.1977,2023-05-21,72.2,85.4,77.3,93.2,81.7,77.3,86.7
389,Miami,25.7748,-80.1977,2023-05-22,72.5,85.5,77.2,94.8,82.0,77.2,87.8
390,Miami,25.7748,-80.1977,2023-05-23,78.0,84.0,75.2,92.0,80.5,75.2,85.2
391,Miami,25.7748,-80.1977,2023-05-24,80.1,79.2,72.6,93.8,77.6,72.6,86.2
392,Miami,25.7748,-80.1977,2023-05-25,79.5,77.9,72.6,89.4,76.9,72.6,85.1
393,Miami,25.7748,-80.1977,2023-05-26,80.7,77.8,74.1,87.2,77.1,74.1,82.2
394,Miami,25.7748,-80.1977,2023-05-27,75.5,81.7,72.0,89.6,79.0,72.0,85.2
395,Miami,25.7748,-80.1977,2023-05-28,65.0,85.3,74.5,94.7,83.0,74.5,90.5
396,Miami,25.7748,-80.1977,2023-05-29,67.3,83.3,73.2,92.0,81.0,73.2,89.3
397,Miami,25.7748,-80.1977,2023-05-30,73.5,83.4,73.2,94.6,81.0,73.2,88.3
398,Miami,25.7748,-80.1977,2023-05-31,79.7,82.6,75.9,94.6,80.0,75.9,86.6
399,Miami,25.7748,-80.1977,2023-06-01,79.1,81.4,73.9,95.7,79.5,73.9,89.0
400,Miami,25.7748,-80.1977,2023-06-02,76.1,82.1,73.7,91.8,79.7,73.7,85.6
401,Miami,25.7748,-80.1977,2023-06-03,80.8,81.6,73.4,92.3,79.5,73.4,86.2
402,Miami,25.7748,-80.1977,2023-06-04,76.3,83.6,74.4,96.0,80.6,74.4,89.2
403,Miami,25.7748,-80.1977,2023-06-05,76.0,83.6,73.1,94.6,80.6,73.1,89.5
404,Miami,25.7748,-80.1977,2023-06-06,78.7,80.3,72.0,89.4,78.8,72.0,83.7
405,Miami,25.7748,-80.1977,2023-06-07,77.5,82.9,74.9,94.4,80.7,74.9,87.5
406,Miami,25.7748,-80.1977,2023-06-08,79.8,82.6,76.0,97.2,80.4,76.0,88.7
407,Miami,25.7748,-80.1977,2023-06-09,71.6,86.2,76.5,97.1,82.5,76.5,89.9
408,Miami,25.7748,-80.1977,2023-06-10,71.8,87.1,77.2,97.2,82.9,77.2,89.9
409,Miami,25.7748,-80.1977,2023-06-11,75.0,88.9,77.8,99.3,83.1,77.8,89.1
410,Miami,25.7748,-80.1977,2023-06-12,79.2,86.9,77.6,98.7,82.1,77.6,88.0
411,Miami,25.7748,-80.1977,2023-06-13,75.1,90.1,77.6,104.7,83.9,77.6,91.4
412,Miami,25.7748,-80.1977,2023-06-14,74.1,92.5,77.6,104.4,85.0,77.6,91.4
413,Miami,25.7748,-80.1977,2023-06-15,71.1,95.3,85.7,102.5,86.3,80.2,91.9
414,Miami,25.7748,-80.1977,2023-06-16,67.2,95.8,88.6,102.5,87.3,81.4,94.3
415,Miami,25.7748,-80.1977,2023-06-17,71.5,91.1,77.2,101.6,84.4,77.2,91.6
416,Miami,25.7748,-80.1977,2023-06-18,76.3,86.8,77.2,102.4,82.2,77.2,90.1
417,Miami,25.7748,-80.1977,2023-06-19,80.0,84.1,74.6,103.3,80.3,74.6,91.4
418,Miami,25.7748,-80.1977,2023-06-20,76.9,86.2,73.1,101.7,81.7,73.1,90.7
419,Miami,25.7748,-80.1977,2023-06-21,74.4,87.4,73.0,99.8,82.2,73.0,90.6
420,Miami,25.7748,-80.1977,2023-06-22,78.3,90.5,77.9,101.3,83.1,77.9,87.5
421,Miami,25.7748,-80.1977,2023-06-23,78.1,96.4,86.8,107.1,85.4,80.3,91.1
422,Miami,25.7748,-80.1977,2023-06-24,80.7,92.6,75.8,107.8,83.6,75.8,91.9
423,Miami,25.7748,-80.1977,2023-06-25,87.9,81.6,76.3,101.6,79.5,76.3,89.6
424,Miami,25.7748,-80.1977,2023-06-26,82.6,87.3,76.3,98.9,81.8,76.3,88.1
425,Miami,25.7748,-80.1977,2023-06-27,78.0,90.0,77.7,103.1,83.8,77.7,94.0
426,Miami,25.7748,-80.1977,2023-06-28,72.2,93.4,78.1,103.7,85.5,78.1,94.3
427,Miami,25.7748,-80.1977,2023-06-29,72.8,91.5,85.8,105.3,84.2,80.6,93.4
428,Miami,25.7748,-80.1977,2023-06-30,75.7,89.3,78.8,99.0,83.2,78.8,88.5
429,Miami,25.7748,-80.1977,2023-07-01,78.6,89.6,78.9,99.1,83.1,78.9,88.9
430,Miami,25.7748,-80.1977,2023-07-02,82.3,87.6,77.9,104.3,82.5,77.9,90.7
431,Miami,25.7748,-80.1977,2023-07-03,80.4,91.4,78.7,105.5,84.0,78.7,91.7
432,Miami,25.7748,-80.1977,2023-07-04,76.1,94.8,79.8,104.1,85.2,79.8,90.6
433,Miami,25.7748,-80.1977,2023-07-05,74.6,95.6,79.8,105.5,85.9,79.8,91.5
434,Miami,25.7748,-80.1977,2023-07-06,73.5,95.2,86.1,105.9,85.7,81.0,94.2
435,Miami,25.7748,-80.1977,2023-07-07,72.4,92.3,79.6,106.3,85.0,79.6,94.0
436,Miami,25.7748,-80.1977,2023-07-08,74.1,92.3,76.7,104.7,85.0,76.7,95.4
437,Miami,25.7748,-80.1977,2023-07-09,73.9,90.7,76.4,109.4,84.6,76.4,93.1
438,Miami,25.7748,-80.1977,2023-07-10,71.6,94.4,78.9,107.6,86.3,78.9,93.8
439,Miami,25.7748,-80.1977,2023-07-11,69.2,95.0,78.1,106.2,86.7,78.1,94.3
440,Miami,25.7748,-80.1977,2023-07-12,68.9,98.0,88.9,104.7,87.9,81.2,94.1
441,Miami,25.7748,-80.1977,2023-07-13,70.6,98.2,88.4,106.5,87.2,82.9,92.7
442,Miami,25.7748,-80.1977,2023-07-14,72.1,92.7,79.5,104.3,84.9,79.5,92.8
443,Miami,25.7748,-80.1977,2023-07-15,74.3,90.3,79.0,103.4,84.0,79.0,90.9
444,Miami,25.7748,-80.1977,2023-07-16,78.2,89.0,75.3,108.1,83.3,75.3,94.3
445,Miami,25.7748,-80.1977,2023-07-17,81.6,86.6,77.7,103.9,81.7,77.7,90.4
446,Miami,25.7748,-80.1977,2023-07-18,76.8,92.8,79.5,102.6,84.3,79.5,90.0
447,Miami,25.7748,-80.1977,2023-07-19,72.9,94.8,88.2,102.2,85.6,81.5,91.4
448,Miami,25.7748,-80.1977,2023-07-20,70.3,98.0,91.9,105.4,87.3,83.6,92.8
449,Miami,25.7748,-80.1977,2023-07-21,70.7,95.5,86.7,106.0,86.1,82.3,93.2
450,Miami,25.7748,-80.1977,2023-07-22,66.9,96.9,86.4,109.5,87.7,80.5,95.9
451,Miami,25.7748,-80.1977,2023-07-23,63.3,98.6,90.4,106.5,89.4,81.7,96.8
452,Miami,25.7748,-80.1977,2023-07-24,63.0,97.0,89.5,106.4,88.3,82.6,95.4
453,Miami,25.7748,-80.1977,2023-07-25,64.0,96.4,89.2,102.4,87.9,83.4,93.2
454,Miami,25.7748,-80.1977,2023-07-26,76.3,90.3,76.9,100.1,83.2,76.9,87.8
455,Miami,25.7748,-80.1977,2023-07-27,80.2,85.0,77.0,97.3,81.0,77.0,87.2
456,Miami,25.7748,-80.1977,2023-07-28,81.0,90.0,76.6,98.5,82.5,76.6,87.3
457,Miami,25.7748,-80.1977,2023-07-29,72.9,95.5,87.0,103.2,86.1,80.5,91.9
458,Miami,25.7748,-80.1977,2023-07-30,71.6,96.3,89.2,105.1,86.6,81.8,92.9
459,Miami,25.7748,-80.1977,2023-07-31,70.7,96.2,87.0,106.6,86.6,81.1,93.7
460,Houston,29.7608,-95.3695,2023-05-01,60.3,73.4,63.8,83.1,73.5,63.8,84.0
461,Houston,29.7608,-95.3695,2023-05-02,77.3,73.2,67.7,82.0,73.2,67.7,80.7
462,Houston,29.7608,-95.3695,2023-05-03,65.7,74.3,67.7,82.2,74.5,67.7,83.2
463,Houston,29.7608,-95.3695,2023-05-04,82.0,74.7,67.8,84.6,74.3,67.8,81.6
464,Houston,29.7608,-95.3695,2023-05-05,80.1,83.4,74.7,96.3,80.4,74.7,89.9
465,Houston,29.7608,-95.3695,2023-05-06,78.9,81.3,69.7,96.4,78.7,69.7,88.0
466,Houston,29.7608,-95.3695,2023-05-07,90.3,75.9,73.7,77.2,75.9,73.7,77.2
467,Houston,29.7608,-95.3695,2023-05-08,82.3,78.2,70.9,88.7,77.1,70.9,84.2
468,Houston,29.7608,-95.3695,2023-05-09,86.8,73.6,67.2,78.3,73.6,67.2,78.3
469,Houston,29.7608,-95.3695,2023-05-10,90.4,71.1,66.3,74.4,71.1,66.3,74.4
470,Houston,29.7608,-95.3695,2023-05-11,81.5,81.2,72.7,92.1,79.3,72.7,86.1
471,Houston,29.7608,-95.3695,2023-05-12,80.7,83.1,77.1,93.7,80.6,77.1,86.3
472,Houston,29.7608,-95.3695,2023-05-13,86.4,76.5,71.7,84.0,76.3,71.7,80.2
473,Houston,29.7608,-95.3695,2023-05-14,86.4,76.5,68.5,87.6,75.4,68.5,83.3
474,Houston,29.7608,-95.3695,2023-05-15,78.8,80.1,73.3,90.9,78.6,73.3,86.6
475,Houston,29.7608,-95.3695,2023-05-16,74.6,77.2,71.6,88.1,76.7,71.6,86.5
476,Houston,29.7608,-95.3695,2023-05-17,66.9,77.3,69.5,86.3,77.1,69.5,86.1
477,Houston,29.7608,-95.3695,2023-05-18,62.2,80.1,71.4,88.8,79.4,71.4,88.4
478,Houston,29.7608,-95.3695,2023-05-19,66.1,82.4,73.9,92.7,81.2,73.9,91.3
479,Houston,29.7608,-95.3695,2023-05-20,66.7,81.5,75.1,90.7,80.4,75.1,88.6
480,Houston,29.7608,-95.3695,2023-05-21,73.6,74.1,69.9,79.1,74.1,69.9,79.1
481,Houston,29.7608,-95.3695,2023-05-22,64.3,76.8,70.0,84.8,76.6,70.0,84.5
482,Houston,29.7608,-95.3695,2023-05-23,65.6,80.0,73.1,89.4,79.3,73.1,87.8
483,Houston,29.7608,-95.3695,2023-05-24,60.5,79.5,72.0,87.0,79.0,72.0,86.1
484,Houston,29.7608,-95.3695,2023-05-25,63.6,77.9,69.9,85.3,77.7,69.9,85.6
485,Houston,29.7608,-95.3695,2023-05-26,52.9,79.8,73.1,85.7,80.4,73.1,88.0
486,Houston,29.7608,-95.3695,2023-05-27,59.3,80.1,74.3,86.5,80.2,74.3,88.0
487,Houston,29.7608,-95.3695,2023-05-28,59.4,79.7,73.2,86.3,79.4,73.2,86.3
488,Houston,29.7608,-95.3695,2023-05-29,67.5,79.7,74.5,86.2,79.0,74.5,84.6
489,Houston,29.7608,-95.3695,2023-05-30,63.8,79.8,71.4,87.7,79.3,71.4,87.4
490,Houston,29.7608,-95.3695,2023-05-31,66.6,80.2,73.4,87.0,79.3,73.4,84.7
491,Houston,29.7608,-95.3695,2023-06-01,64.2,81.0,73.1,88.4,80.3,73.1,87.9
492,Houston,29.7608,-95.3695,2023-06-02,64.1,82.0,74.7,90.6,80.9,74.7,88.5
493,Houston,29.7608,-95.3695,2023-06-03,60.2,83.0,73.5,91.9,82.3,73.5,91.6
494,Houston,29.7608,-95.3695,2023-06-04,69.2,76.2,67.0,85.8,75.8,67.0,84.3
495,Houston,29.7608,-95.3695,2023-06-05,74.0,76.0,70.2,88.7,75.6,70.2,87.8
496,Houston,29.7608,-95.3695,2023-06-06,80.0,75.1,69.9,88.7,74.9,69.9,87.0
497,Houston,29.7608,-95.3695,2023-06-07,66.7,80.8,72.9,90.4,79.9,72.9,89.6
498,Houston,29.7608,-95.3695,2023-06-08,71.3,79.5,70.1,91.4,78.5,70.1,89.2
499,Houston,29.7608,-95.3695,2023-06-09,64.9,84.5,74.1,94.5,82.4,74.1,92.2
500,Houston,29.7608,-95.3695,2023-06-10,70.7,86.0,70.9,97.3,82.7,70.9,91.0
501,Houston,29.7608,-95.3695,2023-06-11,68.0,86.3,71.7,97.6,82.7,71.7,91.7
502,Houston,29.7608,-95.3695,2023-06-12,74.0,88.6,76.9,101.0,83.9,76.9,93.9
503,Houston,29.7608,-95.3695,2023-06-13,73.5,87.4,77.2,98.0,83.4,77.2,91.6
504,Houston,29.7608,-95.3695,2023-06-14,74.3,90.3,78.9,101.0,84.5,78.9,91.7
505,Houston,29.7608,-95.3695,2023-06-15,74.3,95.5,88.2,104.8,86.3,80.7,95.4
506,Houston,29.7608,-95.3695,2023-06-16,74.5,96.8,88.4,106.9,86.4,80.7,93.5
507,Houston,29.7608,-95.3695,2023-06-17,74.4,96.7,87.6,108.4,86.5,80.8,95.3
508,Houston,29.7608,-95.3695,2023-06-18,73.6,95.6,88.2,103.3,86.5,80.7,95.6
509,Houston,29.7608,-95.3695,2023-06-19,73.0,97.2,88.3,105.9,87.1,80.7,95.5
510,Houston,29.7608,-95.3695,2023-06-20,70.8,97.5,91.3,105.5,87.6,82.6,95.6
511,Houston,29.7608,-95.3695,2023-06-21,72.6,95.6,76.6,108.4,86.6,76.6,98.3
512,Houston,29.7608,-95.3695,2023-06-22,68.4,91.0,77.0,104.2,85.4,77.0,95.7
513,Houston,29.7608,-95.3695,2023-06-23,73.4,96.5,88.5,106.6,86.8,80.7,96.2
514,Houston,29.7608,-95.3695,2023-06-24,72.9,95.7,88.1,103.5,86.6,80.8,95.2
515,Houston,29.7608,-95.3695,2023-06-25,73.8,96.3,88.2,105.7,86.6,80.7,95.3
516,Houston,29.7608,-95.3695,2023-06-26,71.4,94.5,87.7,104.4,86.5,80.7,95.2
517,Houston,29.7608,-95.3695,2023-06-27,70.8,95.2,87.3,105.9,87.0,80.7,97.0
518,Houston,29.7608,-95.3695,2023-06-28,69.1,94.4,87.0,104.0,86.9,80.6,97.0
519,Houston,29.7608,-95.3695,2023-06-29,68.7,93.6,86.9,102.2,86.5,80.5,95.5
520,Houston,29.7608,-95.3695,2023-06-30,69.5,93.7,86.9,102.6,86.4,80.5,95.9
521,Houston,29.7608,-95.3695,2023-07-01,65.5,94.9,86.1,105.2,87.6,80.5,98.0
522,Houston,29.7608,-95.3695,2023-07-02,72.7,92.0,84.7,101.1,84.8,80.6,95.3
523,Houston,29.7608,-95.3695,2023-07-03,67.3,92.6,85.4,102.8,86.2,80.4,95.9
524,Houston,29.7608,-95.3695,2023-07-04,72.9,92.4,86.6,99.4,84.8,80.6,90.3
525,Houston,29.7608,-95.3695,2023-07-05,74.8,90.5,79.1,98.6,83.8,79.1,91.7
526,Houston,29.7608,-95.3695,2023-07-06,85.4,80.4,73.7,93.0,78.8,73.7,84.5
527,Houston,29.7608,-95.3695,2023-07-07,80.7,84.2,75.7,97.1,81.0,75.7,88.7
528,Houston,29.7608,-95.3695,2023-07-08,78.4,90.0,77.0,102.0,83.5,77.0,89.9
529,Houston,29.7608,-95.3695,2023-07-09,74.7,95.4,87.9,106.6,86.1,80.5,94.3
530,Houston,29.7608,-95.3695,2023-07-10,72.6,95.7,86.7,108.5,86.6,80.4,96.2
531,Houston,29.7608,-95.3695,2023-07-11,73.4,96.4,87.7,106.6,86.7,80.7,95.3
532,Houston,29.7608,-95.3695,2023-07-12,73.7,96.6,88.3,105.9,86.8,80.7,95.9
533,Houston,29.7608,-95.3695,2023-07-13,71.0,96.6,88.7,104.9,87.4,80.8,97.1
534,Houston,29.7608,-95.3695,2023-07-14,71.8,95.7,88.4,104.0,86.9,80.7,95.3
535,Houston,29.7608,-95.3695,2023-07-15,69.5,95.7,87.7,102.4,87.6,80.7,97.1
536,Houston,29.7608,-95.3695,2023-07-16,69.4,95.5,87.2,106.7,87.5,80.4,98.7
537,Houston,29.7608,-95.3695,2023-07-17,66.5,95.2,85.7,105.1,87.6,80.4,98.5
538,Houston,29.7608,-95.3695,2023-07-18,70.0,95.2,87.3,108.7,87.1,80.6,98.6
539,Houston,29.7608,-95.3695,2023-07-19,69.2,94.9,87.3,104.6,87.2,80.6,98.1
540,Houston,29.7608,-95.3695,2023-07-20,67.3,93.2,86.7,101.8,86.7,80.4,97.6
541,Houston,29.7608,-95.3695,2023-07-21,67.8,94.3,85.9,105.7,86.8,80.4,98.5
542,Houston,29.7608,-95.3695,2023-07-22,64.5,95.8,87.3,104.7,88.5,80.7,99.3
543,Houston,29.7608,-95.3695,2023-07-23,65.2,88.9,77.3,103.2,84.6,77.3,96.2
544,Houston,29.7608,-95.3695,2023-07-24,66.1,93.6,84.2,101.4,86.6,80.2,94.3
545,Houston,29.7608,-95.3695,2023-07-25,68.5,93.4,85.7,99.5,86.2,80.2,93.4
546,Houston,29.7608,-95.3695,2023-07-26,65.6,92.7,85.6,101.2,86.6,80.3,96.7
547,Houston,29.7608,-95.3695,2023-07-27,64.9,91.7,85.5,97.3,86.0,80.3,93.2
548,Houston,29.7608,-95.3695,2023-07-28,63.3,90.4,84.6,99.0,85.6,80.2,95.0
549,Houston,29.7608,-95.3695,2023-07-29,64.7,91.9,85.3,100.1,86.2,80.3,95.8
550,Houston,29.7608,-95.3695,2023-07-30,64.4,94.0,85.7,102.9,87.5,80.4,98.4
551,Houston,29.7608,-95.3695,2023-07-31,60.2,95.5,86.1,105.7,89.1,80.5,100.0
552,Kansas City,39.1034,-94.5831,2023-05-01,36.7,52.7,38.6,64.1,54.5,44.1,64.1
553,Kansas City,39.1034,-94.5831,2023-05-02,35.5,54.1,40.6,66.8,55.2,45.0,66.8
554,Kansas City,39.1034,-94.5831,2023-05-03,40.9,57.7,41.0,72.0,57.9,41.0,72.0
555,Kansas City,39.1034,-94.5831,2023-05-04,54.5,60.5,47.9,74.0,60.5,47.9,74.0
556,Kansas City,39.1034,-94.5831,2023-05-05,73.9,65.6,56.9,76.9,65.6,56.9,76.9
557,Kansas City,39.1034,-94.5831,2023-05-06,65.1,76.7,63.0,93.1,76.3,63.0,92.9
558,Kansas City,39.1034,-94.5831,2023-05-07,59.1,81.1,71.1,91.5,80.6,71.1,90.0
559,Kansas City,39.1034,-94.5831,2023-05-08,62.9,74.6,65.0,83.7,74.6,65.0,83.9
560,Kansas City,39.1034,-94.5831,2023-05-09,62.3,71.8,63.0,81.5,71.9,63.0,82.1
561,Kansas City,39.1034,-94.5831,2023-05-10,65.8,74.2,62.1,85.2,73.7,62.1,83.0
562,Kansas City,39.1034,-94.5831,2023-05-11,82.5,68.7,64.1,73.1,68.7,64.1,73.1
563,Kansas City,39.1034,-94.5831,2023-05-12,79.5,75.3,68.0,86.6,74.6,68.0,83.0
564,Kansas City,39.1034,-94.5831,2023-05-13,62.5,77.5,69.1,86.1,77.4,69.1,85.9
565,Kansas City,39.1034,-94.5831,2023-05-14,72.2,76.3,65.9,89.4,75.4,65.9,87.1
566,Kansas City,39.1034,-94.5831,2023-05-15,91.0,62.8,59.0,70.0,62.8,59.0,70.0
567,Kansas City,39.1034,-94.5831,2023-05-16,85.0,61.7,57.8,69.1,61.7,57.8,69.1
568,Kansas City,39.1034,-94.5831,2023-05-17,62.4,68.7,54.0,81.1,69.1,54.0,83.0
569,Kansas City,39.1034,-94.5831,2023-05-18,61.5,72.4,61.0,82.5,72.5,61.0,83.0
570,Kansas City,39.1034,-94.5831,2023-05-19,77.3,62.4,54.0,70.0,62.4,54.0,70.0
571,Kansas City,39.1034,-94.5831,2023-05-20,60.9,59.3,44.7,71.1,59.7,47.9,71.1
572,Kansas City,39.1034,-94.5831,2023-05-21,62.2,64.9,51.2,75.8,64.9,51.2,75.8
573,Kansas City,39.1034,-94.5831,2023-05-22,59.7,68.1,56.0,78.1,68.1,56.0,78.1
574,Kansas City,39.1034,-94.5831,2023-05-23,52.7,71.5,57.8,81.3,71.9,57.8,83.0
575,Kansas City,39.1034,-94.5831,2023-05-24,64.2,70.9,57.8,84.4,71.0,57.8,84.8
576,Kansas City,39.1034,-94.5831,2023-05-25,62.3,73.5,62.1,84.0,73.9,62.1,85.9
577,Kansas City,39.1034,-94.5831,2023-05-26,37.0,70.6,61.0,79.0,70.6,61.0,79.0
578,Kansas City,39.1034,-94.5831,2023-05-27,38.7,69.1,54.0,79.1,69.3,54.0,80.1
579,Kansas City,39.1034,-94.5831,2023-05-28,45.9,72.1,57.8,81.9,72.6,57.8,83.9
580,Kansas City,39.1034,-94.5831,2023-05-29,49.8,75.4,65.0,83.9,75.7,65.0,84.8
581,Kansas City,39.1034,-94.5831,2023-05-30,69.1,74.6,65.9,88.0,74.3,65.9,87.1
582,Kansas City,39.1034,-94.5831,2023-05-31,82.1,70.8,64.1,84.6,70.6,64.1,82.1
583,Kansas City,39.1034,-94.5831,2023-06-01,66.8,78.5,69.1,88.5,77.9,69.1,87.1
584,Kansas City,39.1034,-94.5831,2023-06-02,65.2,79.1,70.0,89.9,78.4,70.0,88.0
585,Kansas City,39.1034,-94.5831,2023-06-03,58.9,78.7,67.9,89.9,79.2,67.9,91.1
586,Kansas City,39.1034,-94.5831,2023-06-04,57.5,77.4,65.0,88.9,78.0,65.0,91.1
587,Kansas City,39.1034,-94.5831,2023-06-05,58.6,78.0,69.2,88.8,77.8,69.2,89.1
588,Kansas City,39.1034,-94.5831,2023-06-06,60.6,77.4,64.1,87.2,77.4,64.1,87.2
589,Kansas City,39.1034,-94.5831,2023-06-07,60.4,79.6,66.8,88.1,79.4,66.8,90.0
590,Kansas City,39.1034,-94.5831,2023-06-08,63.8,74.8,70.0,79.0,74.8,70.0,79.0
591,Kansas City,39.1034,-94.5831,2023-06-09,44.0,74.9,65.9,82.5,75.5,65.9,84.8
592,Kansas City,39.1034,-94.5831,2023-06-10,73.7,70.9,68.0,74.9,70.9,68.0,74.9
593,Kansas City,39.1034,-94.5831,2023-06-11,83.8,67.5,64.1,73.1,67.5,64.1,73.1
594,Kansas City,39.1034,-94.5831,2023-06-12,62.9,66.3,56.9,74.0,66.3,56.9,74.0
595,Kansas City,39.1034,-94.5831,2023-06-13,59.4,68.7,56.0,79.7,68.7,56.0,80.0
596,Kansas City,39.1034,-94.5831,2023-06-14,58.3,72.7,59.0,83.4,73.3,59.0,85.9
597,Kansas City,39.1034,-94.5831,2023-06-15,58.0,76.4,65.0,86.0,76.8,65.0,88.0
598,Kansas City,39.1034,-94.5831,2023-06-16,56.3,78.6,66.8,87.4,78.8,66.8,88.1
599,Kansas City,39.1034,-94.5831,2023-06-17,60.0,80.6,70.0,91.0,79.8,70.0,89.0
600,Kansas City,39.1034,-94.5831,2023-06-18,73.0,74.0,64.1,81.7,73.8,64.1,80.1
601,Kansas City,39.1034,-94.5831,2023-06-19,63.7,79.6,65.9,90.5,79.2,65.9,90.0
602,Kansas City,39.1034,-94.5831,2023-06-20,52.9,82.2,73.1,90.5,82.1,73.1,90.0
603,Kansas City,39.1034,-94.5831,2023-06-21,54.8,81.6,71.1,90.0,81.0,71.1,90.0
604,Kansas City,39.1034,-94.5831,2023-06-22,54.5,80.6,72.0,88.5,80.9,72.0,89.1
605,Kansas City,39.1034,-94.5831,2023-06-23,56.9,81.0,66.8,91.2,80.8,66.8,91.1
606,Kansas City,39.1034,-94.5831,2023-06-24,60.2,89.4,75.8,101.0,85.2,75.8,93.8
607,Kansas City,39.1034,-94.5831,2023-06-25,47.8,78.9,71.1,86.0,79.4,71.1,87.2
608,Kansas City,39.1034,-94.5831,2023-06-26,47.8,75.9,65.9,83.8,76.5,65.9,86.0
609,Kansas City,39.1034,-94.5831,2023-06-27,56.1,76.9,65.0,86.2,77.1,65.0,87.1
610,Kansas City,39.1034,-94.5831,2023-06-28,52.4,89.9,76.9,106.2,85.8,76.9,97.0
611,Kansas City,39.1034,-94.5831,2023-06-29,61.5,92.0,75.8,105.0,86.3,75.8,96.1
612,Kansas City,39.1034,-94.5831,2023-06-30,61.9,88.9,75.9,107.7,84.9,75.9,99.0
613,Kansas City,39.1034,-94.5831,2023-07-01,76.5,76.4,71.1,89.4,75.8,71.1,84.8
614,Kansas City,39.1034,-94.5831,2023-07-02,68.3,77.2,66.8,88.0,76.8,66.8,87.2
615,Kansas City,39.1034,-94.5831,2023-07-03,58.7,80.1,67.9,90.4,80.2,67.9,91.1
616,Kansas City,39.1034,-94.5831,2023-07-04,50.6,86.4,71.0,98.4,85.3,71.0,96.1
617,Kansas City,39.1034,-94.5831,2023-07-05,76.5,75.7,68.0,91.0,75.0,68.0,88.0
618,Kansas City,39.1034,-94.5831,2023-07-06,65.5,73.0,66.8,79.1,73.0,66.8,79.1
619,Kansas City,39.1034,-94.5831,2023-07-07,64.5,74.8,67.9,83.1,74.5,67.9,81.0
620,Kansas City,39.1034,-94.5831,2023-07-08,74.7,71.0,66.8,75.8,71.0,66.8,75.8
621,Kansas City,39.1034,-94.5831,2023-07-09,62.8,73.5,64.1,82.0,73.5,64.1,82.1
622,Kansas City,39.1034,-94.5831,2023-07-10,59.7,76.8,64.1,87.4,77.0,64.1,88.1
623,Kansas City,39.1034,-94.5831,2023-07-11,59.4,87.4,74.0,99.1,84.0,74.0,92.9
624,Kansas City,39.1034,-94.5831,2023-07-12,63.5,88.9,75.8,100.9,84.5,75.8,92.9
625,Kansas City,39.1034,-94.5831,2023-07-13,66.3,88.0,74.9,99.9,84.0,74.9,91.1
626,Kansas City,39.1034,-94.5831,2023-07-14,73.0,83.4,70.1,105.4,80.4,70.1,94.9
627,Kansas City,39.1034,-94.5831,2023-07-15,74.2,79.4,68.0,90.0,77.8,68.0,87.2
628,Kansas City,39.1034,-94.5831,2023-07-16,79.0,77.1,66.8,90.0,76.3,66.8,87.1
629,Kansas City,39.1034,-94.5831,2023-07-17,77.4,83.7,72.0,96.9,80.1,72.0,89.1
630,Kansas City,39.1034,-94.5831,2023-07-18,81.9,74.1,69.1,79.1,74.1,69.1,79.1
631,Kansas City,39.1034,-94.5831,2023-07-19,82.4,82.5,73.1,95.8,78.8,73.1,86.0
632,Kansas City,39.1034,-94.5831,2023-07-20,70.5,82.5,74.9,90.7,81.1,74.9,88.1
633,Kansas City,39.1034,-94.5831,2023-07-21,64.7,74.7,70.1,81.1,74.6,70.1,80.1
634,Kansas City,39.1034,-94.5831,2023-07-22,67.7,76.9,65.0,87.8,76.2,65.0,86.0
635,Kansas City,39.1034,-94.5831,2023-07-23,67.1,83.1,69.1,96.9,80.5,69.1,91.1
636,Kansas City,39.1034,-94.5831,2023-07-24,70.5,82.8,70.1,96.9,80.9,70.1,91.1
637,Kansas City,39.1034,-94.5831,2023-07-25,64.5,89.6,78.1,99.4,84.9,78.1,92.0
638,Kansas City,39.1034,-94.5831,2023-07-26,54.8,97.3,85.6,109.8,90.0,83.0,99.0
639,Kansas City,39.1034,-94.5831,2023-07-27,58.5,92.4,83.2,104.1,87.0,80.0,96.1
640,Kansas City,39.1034,-94.5831,2023-07-28,51.8,95.4,82.7,109.2,90.3,80.1,101.0
641,Kansas City,39.1034,-94.5831,2023-07-29,64.9,82.8,74.9,94.1,81.1,74.9,88.1
642,Kansas City,39.1034,-94.5831,2023-07-30,71.1,82.5,71.1,96.9,80.3,71.1,91.1
643,Kansas City,39.1034,-94.5831,2023-07-31,83.6,76.1,70.1,87.1,75.1,70.1,83.0
644,Minneapolis,44.979,-93.2649,2023-05-01,41.3,44.7,33.8,56.4,48.9,41.7,56.4
645,Minneapolis,44.979,-93.2649,2023-05-02,31.4,48.1,34.4,61.5,51.4,41.7,61.5
646,Minneapolis,44.979,-93.2649,2023-05-03,37.1,54.7,36.9,68.9,54.8,36.9,68.9
647,Minneapolis,44.979,-93.2649,2023-05-04,30.1,64.9,51.7,76.8,64.9,51.7,76.8
648,Minneapolis,44.979,-93.2649,2023-05-05,64.5,57.9,46.3,64.9,58.2,50.0,64.9
649,Minneapolis,44.979,-93.2649,2023-05-06,85.9,59.0,56.0,62.1,59.0,56.0,62.1
650,Minneapolis,44.979,-93.2649,2023-05-07,71.5,64.2,55.9,74.0,64.2,55.9,74.0
651,Minneapolis,44.979,-93.2649,2023-05-08,68.2,63.8,51.4,75.3,63.8,51.4,75.3
652,Minneapolis,44.979,-93.2649,2023-05-09,78.7,61.6,54.9,67.3,61.6,54.9,67.3
653,Minneapolis,44.979,-93.2649,2023-05-10,63.3,68.3,58.0,77.9,68.3,58.0,77.9
654,Minneapolis,44.979,-93.2649,2023-05-11,65.9,69.2,61.4,76.3,69.2,61.4,76.3
655,Minneapolis,44.979,-93.2649,2023-05-12,67.3,68.8,64.1,73.8,68.8,64.1,73.8
656,Minneapolis,44.979,-93.2649,2023-05-13,69.3,63.4,56.2,67.6,63.4,56.2,67.6
657,Minneapolis,44.979,-93.2649,2023-05-14,69.4,57.2,50.9,66.8,57.2,50.9,66.8
658,Minneapolis,44.979,-93.2649,2023-05-15,58.4,61.7,44.8,74.6,61.7,44.8,74.6
659,Minneapolis,44.979,-93.2649,2023-05-16,50.8,68.1,54.7,80.1,68.1,54.7,80.8
660,Minneapolis,44.979,-93.2649,2023-05-17,56.5,59.7,51.2,66.1,59.7,51.2,66.1
661,Minneapolis,44.979,-93.2649,2023-05-18,67.4,61.0,56.6,65.7,61.0,56.6,65.7
662,Minneapolis,44.979,-93.2649,2023-05-19,58.8,51.0,39.3,59.9,52.6,45.0,59.9
663,Minneapolis,44.979,-93.2649,2023-05-20,54.9,59.4,43.7,72.4,59.5,43.7,72.4
664,Minneapolis,44.979,-93.2649,2023-05-21,50.8,65.4,50.5,78.5,65.4,50.5,78.5
665,Minneapolis,44.979,-93.2649,2023-05-22,47.8,69.1,55.6,80.3,69.4,55.6,81.9
666,Minneapolis,44.979,-93.2649,2023-05-23,47.6,71.2,58.9,81.0,71.6,58.9,82.9
667,Minneapolis,44.979,-93.2649,2023-05-24,56.4,65.7,54.5,74.8,65.7,54.5,74.8
668,Minneapolis,44.979,-93.2649,2023-05-25,34.6,66.2,57.7,76.6,66.2,57.7,76.6
669,Minneapolis,44.979,-93.2649,2023-05-26,31.5,67.6,54.4,79.4,67.6,54.4,79.4
670,Minneapolis,44.979,-93.2649,2023-05-27,32.5,69.1,51.4,80.2,69.6,51.4,82.6
671,Minneapolis,44.979,-93.2649,2023-05-28,37.6,69.8,54.5,80.2,70.1,54.5,82.5
672,Minneapolis,44.979,-93.2649,2023-05-29,35.3,74.4,65.4,83.5,75.4,65.4,86.7
673,Minneapolis,44.979,-93.2649,2023-05-30,53.9,75.9,64.4,86.7,76.0,64.4,87.9
674,Minneapolis,44.979,-93.2649,2023-05-31,54.6,78.1,65.8,88.4,78.2,65.8,88.2
675,Minneapolis,44.979,-93.2649,2023-06-01,57.4,78.9,71.8,89.1,78.6,71.8,88.5
676,Minneapolis,44.979,-93.2649,2023-06-02,63.2,77.6,70.3,86.2,77.2,70.3,85.5
677,Minneapolis,44.979,-93.2649,2023-06-03,57.9,78.1,68.0,88.2,78.3,68.0,89.1
678,Minneapolis,44.979,-93.2649,2023-06-04,50.4,79.5,67.6,89.9,79.8,67.6,90.7
679,Minneapolis,44.979,-93.2649,2023-06-05,59.3,77.4,67.6,84.5,77.2,67.6,84.5
680,Minneapolis,44.979,-93.2649,2023-06-06,64.1,75.6,67.3,85.8,75.3,67.3,84.7
681,Minneapolis,44.979,-93.2649,2023-06-07,48.4,72.7,65.6,79.5,72.7,65.6,79.5
682,Minneapolis,44.979,-93.2649,2023-06-08,35.7,72.1,62.2,79.7,72.3,62.2,81.1
683,Minneapolis,44.979,-93.2649,2023-06-09,42.9,72.6,58.8,82.0,73.3,58.8,84.7
684,Minneapolis,44.979,-93.2649,2023-06-10,59.2,71.4,58.4,81.5,71.5,58.4,81.9
685,Minneapolis,44.979,-93.2649,2023-06-11,50.6,60.1,44.8,70.5,60.3,49.6,70.5
686,Minneapolis,44.979,-93.2649,2023-06-12,43.6,68.0,53.9,80.0,68.1,53.9,81.3
687,Minneapolis,44.979,-93.2649,2023-06-13,41.9,72.7,60.0,83.5,73.6,60.0,86.5
688,Minneapolis,44.979,-93.2649,2023-06-14,51.7,72.2,60.1,81.7,72.5,60.1,83.3
689,Minneapolis,44.979,-93.2649,2023-06-15,57.2,65.4,58.3,72.8,65.4,58.3,72.8
690,Minneapolis,44.979,-93.2649,2023-06-16,57.0,63.9,48.2,77.4,64.1,49.6,77.4
691,Minneapolis,44.979,-93.2649,2023-06-17,51.1,72.6,59.5,82.2,73.1,59.5,84.1
692,Minneapolis,44.979,-93.2649,2023-06-18,65.3,72.0,68.6,77.3,72.0,68.6,77.3
693,Minneapolis,44.979,-93.2649,2023-06-19,66.0,77.5,64.1,89.5,77.1,64.1,89.2
694,Minneapolis,44.979,-93.2649,2023-06-20,47.0,80.3,71.2,88.6,81.2,71.2,90.9
695,Minneapolis,44.979,-93.2649,2023-06-21,45.2,80.1,68.9,89.2,80.7,68.9,90.9
696,Minneapolis,44.979,-93.2649,2023-06-22,48.2,81.2,68.5,89.0,81.8,68.5,91.0
697,Minneapolis,44.979,-93.2649,2023-06-23,53.3,79.1,71.1,90.2,79.2,71.1,91.5
698,Minneapolis,44.979,-93.2649,2023-06-24,65.0,75.1,70.0,84.2,74.9,70.0,83.7
699,Minneapolis,44.979,-93.2649,2023-06-25,81.8,68.2,64.2,75.7,68.2,64.2,75.7
700,Minneapolis,44.979,-93.2649,2023-06-26,65.1,71.9,64.1,81.5,72.1,64.1,82.6
701,Minneapolis,44.979,-93.2649,2023-06-27,57.3,74.7,62.7,84.4,74.9,62.7,85.6
702,Minneapolis,44.979,-93.2649,2023-06-28,60.7,77.7,70.3,87.0,77.0,70.3,84.8
703,Minneapolis,44.979,-93.2649,2023-06-29,60.9,77.7,63.7,89.6,77.6,63.7,89.4
704,Minneapolis,44.979,-93.2649,2023-06-30,53.3,77.4,65.8,85.0,77.7,65.8,86.0
705,Minneapolis,44.979,-93.2649,2023-07-01,54.5,77.9,66.5,85.1,78.3,66.5,86.0
706,Minneapolis,44.979,-93.2649,2023-07-02,54.7,79.0,67.4,87.7,79.3,67.4,88.5
707,Minneapolis,44.979,-93.2649,2023-07-03,57.9,83.3,71.2,98.1,81.8,71.2,93.9
708,Minneapolis,44.979,-93.2649,2023-07-04,74.4,74.4,68.0,83.1,74.1,68.0,81.0
709,Minneapolis,44.979,-93.2649,2023-07-05,58.9,70.6,64.4,75.7,70.6,64.4,75.7
710,Minneapolis,44.979,-93.2649,2023-07-06,51.3,66.0,54.9,74.7,66.0,54.9,74.7
711,Minneapolis,44.979,-93.2649,2023-07-07,54.9,67.6,56.6,74.4,67.6,56.6,74.4
712,Minneapolis,44.979,-93.2649,2023-07-08,54.7,69.1,57.4,79.3,69.1,57.4,79.3
713,Minneapolis,44.979,-93.2649,2023-07-09,48.3,72.3,57.5,83.8,72.8,57.5,86.0
714,Minneapolis,44.979,-93.2649,2023-07-10,49.9,79.3,71.2,93.2,79.2,71.2,92.9
715,Minneapolis,44.979,-93.2649,2023-07-11,47.2,68.0,55.8,75.8,68.0,55.8,75.8
716,Minneapolis,44.979,-93.2649,2023-07-12,58.1,69.1,62.1,79.5,69.1,62.1,79.5
717,Minneapolis,44.979,-93.2649,2023-07-13,65.3,73.8,63.2,84.9,74.1,63.2,86.5
718,Minneapolis,44.979,-93.2649,2023-07-14,64.9,75.2,65.0,87.5,75.3,65.0,88.1
719,Minneapolis,44.979,-93.2649,2023-07-15,57.8,71.9,63.1,81.3,72.0,63.1,82.1
720,Minneapolis,44.979,-93.2649,2023-07-16,55.5,68.1,59.6,78.9,68.1,59.6,78.9
721,Minneapolis,44.979,-93.2649,2023-07-17,56.9,66.3,57.3,73.5,66.3,57.3,73.5
722,Minneapolis,44.979,-93.2649,2023-07-18,53.6,71.4,57.8,80.9,71.6,57.8,82.2
723,Minneapolis,44.979,-93.2649,2023-07-19,64.4,74.5,65.8,88.6,74.4,65.8,89.4
724,Minneapolis,44.979,-93.2649,2023-07-20,64.0,70.9,63.9,78.3,70.9,63.9,78.3
725,Minneapolis,44.979,-93.2649,2023-07-21,60.6,73.1,61.9,81.6,73.1,61.9,81.9
726,Minneapolis,44.979,-93.2649,2023-07-22,67.2,71.7,61.7,84.6,71.8,61.7,85.7
727,Minneapolis,44.979,-93.2649,2023-07-23,62.9,74.3,61.9,85.0,74.6,61.9,86.6
728,Minneapolis,44.979,-93.2649,2023-07-24,66.1,76.3,65.5,86.7,75.9,65.5,86.7
729,Minneapolis,44.979,-93.2649,2023-07-25,62.8,83.3,69.1,95.6,81.8,69.1,93.1
730,Minneapolis,44.979,-93.2649,2023-07-26,69.1,83.3,69.6,98.0,80.7,69.6,91.9
731,Minneapolis,44.979,-93.2649,2023-07-27,67.8,88.5,74.3,104.8,84.3,74.3,95.2
732,Minneapolis,44.979,-93.2649,2023-07-28,70.3,78.2,71.4,94.4,77.1,71.4,88.9
733,Minneapolis,44.979,-93.2649,2023-07-29,63.2,72.5,63.1,80.5,72.5,63.1,80.4
734,Minneapolis,44.979,-93.2649,2023-07-30,58.5,71.4,61.8,79.8,71.4,61.8,80.1
735,Minneapolis,44.979,-93.2649,2023-07-31,57.4,72.9,60.3,82.1,73.2,60.3,83.4
736,Denver,39.74,-104.992,2023-05-01,42.9,53.6,35.7,70.4,55.1,39.4,70.4
737,Denver,39.74,-104.992,2023-05-02,45.6,56.0,40.7,70.7,56.5,43.4,70.7
738,Denver,39.74,-104.992,2023-05-03,38.4,61.7,45.8,75.6,62.2,47.9,75.6
739,Denver,39.74,-104.992,2023-05-04,45.6,58.9,51.3,72.9,58.9,51.3,72.9
740,Denver,39.74,-104.992,2023-05-05,48.9,56.2,39.0,71.8,57.1,42.7,71.8
741,Denver,39.74,-104.992,2023-05-06,36.3,54.4,37.1,69.5,55.9,41.9,69.5
742,Denver,39.74,-104.992,2023-05-07,35.9,55.3,38.5,68.0,55.9,42.1,68.0
743,Denver,39.74,-104.992,2023-05-08,51.9,55.0,35.0,70.0,56.4,40.2,70.0
744,Denver,39.74,-104.992,2023-05-09,60.9,58.0,39.0,76.2,59.3,43.6,76.2
745,Denver,39.74,-104.992,2023-05-10,88.9,52.8,45.2,60.2,53.0,48.4,60.2
746,Denver,39.74,-104.992,2023-05-11,97.6,42.4,40.0,45.0,46.5,44.8,47.9
747,Denver,39.74,-104.992,2023-05-12,80.4,47.5,39.5,58.4,50.6,45.4,58.4
748,Denver,39.74,-104.992,2023-05-13,74.9,50.9,41.5,58.2,51.6,44.2,58.2
749,Denver,39.74,-104.992,2023-05-14,92.3,48.7,43.2,57.4,50.9,48.0,57.4
750,Denver,39.74,-104.992,2023-05-15,84.7,50.3,42.5,59.0,51.4,46.7,59.0
751,Denver,39.74,-104.992,2023-05-16,56.3,60.4,45.4,73.8,60.8,48.8,73.8
752,Denver,39.74,-104.992,2023-05-17,53.4,62.7,45.5,75.2,62.9,49.5,75.2
753,Denver,39.74,-104.992,2023-05-18,82.3,54.5,46.2,64.3,54.8,48.7,64.3
754,Denver,39.74,-104.992,2023-05-19,90.6,50.2,46.0,53.2,50.9,49.3,53.2
755,Denver,39.74,-104.992,2023-05-20,73.1,54.9,41.1,67.2,55.9,44.3,67.2
756,Denver,39.74,-104.992,2023-05-21,53.7,59.9,45.2,72.0,60.3,48.2,72.0
757,Denver,39.74,-104.992,2023-05-22,53.8,60.5,45.9,71.5,60.8,48.8,71.5
758,Denver,39.74,-104.992,2023-05-23,54.6,63.1,51.0,74.6,63.1,51.0,74.6
759,Denver,39.74,-104.992,2023-05-24,67.8,59.1,51.4,70.1,59.1,51.4,70.1
760,Denver,39.74,-104.992,2023-05-25,63.7,59.2,45.3,73.5,59.4,49.2,73.5
761,Denver,39.74,-104.992,2023-05-26,69.7,58.7,46.3,76.0,58.9,48.6,76.0
762,Denver,39.74,-104.992,2023-05-27,61.0,61.6,46.1,75.7,61.8,49.5,75.7
763,Denver,39.74,-104.992,2023-05-28,57.9,60.9,43.0,75.2,61.3,46.9,75.2
764,Denver,39.74,-104.992,2023-05-29,46.9,66.4,54.5,79.9,66.4,54.5,79.9
765,Denver,39.74,-104.992,2023-05-30,51.3,62.1,51.3,79.8,62.1,51.3,79.8
766,Denver,39.74,-104.992,2023-05-31,53.3,62.4,45.9,77.0,62.7,48.8,77.0
767,Denver,39.74,-104.992,2023-06-01,70.2,57.8,48.6,67.3,57.9,49.6,67.3
768,Denver,39.74,-104.992,2023-06-02,64.3,59.4,45.8,67.6,59.5,48.0,67.6
769,Denver,39.74,-104.992,2023-06-03,87.2,54.3,51.8,58.1,54.3,51.8,58.1
770,Denver,39.74,-104.992,2023-06-04,94.5,53.7,52.2,55.9,53.7,52.2,55.9
771,Denver,39.74,-104.992,2023-06-05,80.0,58.3,51.6,68.2,58.3,51.6,68.2
772,Denver,39.74,-104.992,2023-06-06,68.3,60.7,51.7,75.2,60.7,51.7,75.2
773,Denver,39.74,-104.992,2023-06-07,63.8,61.0,46.8,72.9,61.1,49.5,72.9
774,Denver,39.74,-104.992,2023-06-08,61.9,62.9,52.7,75.0,62.9,52.7,75.0
775,Denver,39.74,-104.992,2023-06-09,53.8,63.0,54.8,75.9,63.0,54.8,75.9
776,Denver,39.74,-104.992,2023-06-10,62.3,59.8,46.1,72.0,60.1,48.8,72.0
777,Denver,39.74,-104.992,2023-06-11,78.3,56.5,46.7,64.0,56.5,48.7,64.0
778,Denver,39.74,-104.992,2023-06-12,82.9,54.1,49.0,62.9,54.1,49.9,62.9
779,Denver,39.74,-104.992,2023-06-13,82.1,52.7,45.6,61.9,53.1,47.4,61.9
780,Denver,39.74,-104.992,2023-06-14,58.7,60.6,42.3,74.6,61.3,45.8,74.6
781,Denver,39.74,-104.992,2023-06-15,59.9,62.2,54.7,70.3,62.2,54.7,70.3
782,Denver,39.74,-104.992,2023-06-16,94.1,54.0,50.3,57.4,54.0,50.3,57.4
783,Denver,39.74,-104.992,2023-06-17,71.6,57.8,47.1,67.7,57.8,47.1,67.7
784,Denver,39.74,-104.992,2023-06-18,45.3,66.9,52.0,79.9,66.9,52.0,80.5
785,Denver,39.74,-104.992,2023-06-19,32.4,73.2,60.8,83.3,74.0,60.8,86.4
786,Denver,39.74,-104.992,2023-06-20,36.2,69.7,60.4,80.5,70.0,60.4,82.7
787,Denver,39.74,-104.992,2023-06-21,62.0,66.3,54.2,77.7,66.3,54.2,77.7
788,Denver,39.74,-104.992,2023-06-22,78.2,62.6,55.7,74.6,62.6,55.7,74.6
789,Denver,39.74,-104.992,2023-06-23,72.8,67.3,55.2,81.3,67.4,55.2,82.9
790,Denver,39.74,-104.992,2023-06-24,42.6,66.7,45.4,79.5,67.0,49.5,80.3
791,Denver,39.74,-104.992,2023-06-25,58.4,66.1,51.3,79.7,66.1,51.3,79.7
792,Denver,39.74,-104.992,2023-06-26,55.7,70.4,55.3,83.1,70.9,55.3,85.1
793,Denver,39.74,-104.992,2023-06-27,39.4,74.7,62.7,85.9,75.9,62.7,89.8
794,Denver,39.74,-104.992,2023-06-28,62.7,70.9,61.5,82.0,70.8,61.5,81.7
795,Denver,39.74,-104.992,2023-06-29,68.0,66.5,58.4,80.6,66.5,58.4,80.7
796,Denver,39.74,-104.992,2023-06-30,74.8,60.7,53.5,68.0,60.7,53.5,68.0
797,Denver,39.74,-104.992,2023-07-01,57.3,65.7,51.8,78.1,65.7,51.8,78.1
798,Denver,39.74,-104.992,2023-07-02,47.8,70.1,56.5,81.1,70.6,56.5,83.1
799,Denver,39.74,-104.992,2023-07-03,43.1,71.4,57.5,82.6,72.3,57.5,85.6
800,Denver,39.74,-104.992,2023-07-04,58.6,67.0,56.1,75.3,67.0,56.1,75.3
801,Denver,39.74,-104.992,2023-07-05,90.6,58.6,53.1,66.3,58.6,53.1,66.3
802,Denver,39.74,-104.992,2023-07-06,82.3,63.9,56.7,73.9,63.9,56.7,73.9
803,Denver,39.74,-104.992,2023-07-07,76.1,63.6,56.1,72.0,63.6,56.1,72.0
804,Denver,39.74,-104.992,2023-07-08,74.7,66.0,57.2,78.5,66.0,57.2,78.5
805,Denver,39.74,-104.992,2023-07-09,67.8,68.3,56.7,80.0,68.3,56.7,80.0
806,Denver,39.74,-104.992,2023-07-10,48.9,73.6,61.0,84.7,74.5,61.0,87.9
807,Denver,39.74,-104.992,2023-07-11,35.8,76.3,64.7,87.1,77.6,64.7,91.0
808,Denver,39.74,-104.992,2023-07-12,38.7,74.5,61.6,83.8,75.5,61.6,86.8
809,Denver,39.74,-104.992,2023-07-13,42.6,76.3,65.0,85.9,77.5,65.0,89.6
810,Denver,39.74,-104.992,2023-07-14,54.6,72.0,65.4,79.0,72.0,65.4,79.0
811,Denver,39.74,-104.992,2023-07-15,58.5,69.6,58.2,81.9,69.7,58.2,82.9
812,Denver,39.74,-104.992,2023-07-16,44.3,73.5,62.7,83.2,74.1,62.7,85.8
813,Denver,39.74,-104.992,2023-07-17,31.1,77.7,62.4,90.0,79.3,62.4,94.4
814,Denver,39.74,-104.992,2023-07-18,34.7,77.1,65.6,89.4,78.1,65.6,93.2
815,Denver,39.74,-104.992,2023-07-19,47.7,74.7,65.1,83.7,75.3,65.1,86.5
816,Denver,39.74,-104.992,2023-07-20,77.5,66.3,57.9,74.9,66.3,57.9,74.9
817,Denver,39.74,-104.992,2023-07-21,68.8,66.4,54.0,80.3,66.5,54.0,81.4
818,Denver,39.74,-104.992,2023-07-22,50.2,71.2,58.3,83.9,72.0,58.3,87.3
819,Denver,39.74,-104.992,2023-07-23,36.0,76.0,62.8,90.7,77.3,62.8,95.1
820,Denver,39.74,-104.992,2023-07-24,34.6,77.5,64.4,90.5,78.8,64.4,94.2
821,Denver,39.74,-104.992,2023-07-25,38.6,77.7,66.9,90.7,78.7,66.9,93.7
822,Denver,39.74,-104.992,2023-07-26,44.8,75.1,65.9,86.1,75.9,65.9,89.4
823,Denver,39.74,-104.992,2023-07-27,43.9,74.9,63.0,86.8,76.2,63.0,91.0
824,Denver,39.74,-104.992,2023-07-28,46.6,72.8,61.8,87.0,73.4,61.8,90.7
825,Denver,39.74,-104.992,2023-07-29,51.7,74.1,63.3,85.8,74.2,63.3,86.8
826,Denver,39.74,-104.992,2023-07-30,39.6,76.2,63.2,87.6,77.2,63.2,90.9
827,Denver,39.74,-104.992,2023-07-31,59.4,73.0,63.2,86.2,73.3,63.2,88.7
828,San Francisco,37.7771,-122.42,2023-05-01,71.7,54.3,52.1,58.5,54.3,52.1,58.5
829,San Francisco,37.7771,-122.42,2023-05-02,76.5,52.8,45.0,57.6,53.3,49.2,57.6
830,San Francisco,37.7771,-122.42,2023-05-03,81.2,53.7,50.7,59.0,53.7,50.7,59.0
831,San Francisco,37.7771,-122.42,2023-05-04,79.1,54.2,50.3,59.0,54.2,50.3,59.0
832,San Francisco,37.7771,-122.42,2023-05-05,73.0,55.6,53.1,60.3,55.6,53.1,60.3
833,San Francisco,37.7771,-122.42,2023-05-06,77.7,56.5,53.6,61.1,56.5,53.6,61.1
834,San Francisco,37.7771,-122.42,2023-05-07,70.9,56.2,50.7,63.5,56.2,50.7,63.5
835,San Francisco,37.7771,-122.42,2023-05-08,71.0,56.7,52.1,63.5,56.7,52.1,63.5
836,San Francisco,37.7771,-122.42,2023-05-09,73.1,57.2,50.6,63.9,57.2,50.6,63.9
837,San Francisco,37.7771,-122.42,2023-05-10,68.2,56.3,53.4,60.9,56.3,53.4,60.9
838,San Francisco,37.7771,-122.42,2023-05-11,71.8,57.2,54.5,62.4,57.2,54.5,62.4
839,San Francisco,37.7771,-122.42,2023-05-12,77.5,57.3,53.4,65.5,57.3,53.4,65.5
840,San Francisco,37.7771,-122.42,2023-05-13,73.5,63.1,53.4,80.5,63.1,53.4,80.5
841,San Francisco,37.7771,-122.42,2023-05-14,75.2,61.3,53.2,71.1,61.3,53.2,71.1
842,San Francisco,37.7771,-122.42,2023-05-15,76.8,60.5,55.5,66.8,60.5,55.5,66.8
843,San Francisco,37.7771,-122.42,2023-05-16,79.4,59.9,54.6,71.5,59.9,54.6,71.5
844,San Francisco,37.7771,-122.42,2023-05-17,82.3,57.4,53.2,64.5,57.4,53.2,64.5
845,San Francisco,37.7771,-122.42,2023-05-18,79.0,57.6,53.6,63.5,57.6,53.6,63.5
846,San Francisco,37.7771,-122.42,2023-05-19,79.6,57.7,54.6,62.4,57.7,54.6,62.4
847,San Francisco,37.7771,-122.42,2023-05-20,82.9,56.5,53.4,62.2,56.5,53.4,62.2
848,San Francisco,37.7771,-122.42,2023-05-21,78.4,58.9,54.5,67.3,58.9,54.5,67.3
849,San Francisco,37.7771,-122.42,2023-05-22,76.1,59.5,54.0,70.0,59.5,54.0,70.0
850,San Francisco,37.7771,-122.42,2023-05-23,71.0,58.5,54.0,65.9,58.5,54.0,65.9
851,San Francisco,37.7771,-122.42,2023-05-24,70.3,57.6,53.6,65.0,57.6,53.6,65.0
852,San Francisco,37.7771,-122.42,2023-05-25,71.4,58.0,54.0,64.4,58.0,54.0,64.4
853,San Francisco,37.7771,-122.42,2023-05-26,71.3,58.3,55.5,64.9,58.3,55.5,64.9
854,San Francisco,37.7771,-122.42,2023-05-27,75.0,58.1,54.3,64.9,58.1,54.3,64.9
855,San Francisco,37.7771,-122.42,2023-05-28,78.9,56.5,54.6,59.3,56.5,54.6,59.3
856,San Francisco,37.7771,-122.42,2023-05-29,68.6,59.8,55.1,66.8,59.8,55.1,66.8
857,San Francisco,37.7771,-122.42,2023-05-30,68.6,59.7,56.2,65.6,59.7,56.2,65.6
858,San Francisco,37.7771,-122.42,2023-05-31,72.8,57.4,53.6,63.1,57.4,53.6,63.1
859,San Francisco,37.7771,-122.42,2023-06-01,70.1,58.4,53.8,65.8,58.4,53.8,65.8
860,San Francisco,37.7771,-122.42,2023-06-02,69.8,58.7,53.0,67.7,58.7,53.0,67.7
861,San Francisco,37.7771,-122.42,2023-06-03,71.8,60.2,52.6,71.4,60.2,52.6,71.4
862,San Francisco,37.7771,-122.42,2023-06-04,75.6,59.3,53.6,67.8,59.3,53.6,67.8
863,San Francisco,37.7771,-122.42,2023-06-05,73.9,60.4,53.9,68.0,60.4,53.9,68.0
864,San Francisco,37.7771,-122.42,2023-06-06,71.0,61.7,58.4,67.0,61.7,58.4,67.0
865,San Francisco,37.7771,-122.42,2023-06-07,68.2,62.5,57.5,69.0,62.5,57.5,69.0
866,San Francisco,37.7771,-122.42,2023-06-08,70.3,62.0,55.5,68.3,62.0,55.5,68.3
867,San Francisco,37.7771,-122.42,2023-06-09,70.1,60.1,56.9,65.0,60.1,56.9,65.0
868,San Francisco,37.7771,-122.42,2023-06-10,78.0,57.6,54.6,65.8,57.6,54.6,65.8
869,San Francisco,37.7771,-122.42,2023-06-11,75.0,60.0,55.1,68.0,60.0,55.1,68.0
870,San Francisco,37.7771,-122.42,2023-06-12,71.8,61.5,57.5,67.5,61.5,57.5,67.5
871,San Francisco,37.7771,-122.42,2023-06-13,74.7,61.0,57.3,67.3,61.0,57.3,67.3
872,San Francisco,37.7771,-122.42,2023-06-14,76.4,60.8,55.5,69.5,60.8,55.5,69.5
873,San Francisco,37.7771,-122.42,2023-06-15,73.0,62.0,56.9,71.3,62.0,56.9,71.3
874,San Francisco,37.7771,-122.42,2023-06-16,75.4,62.5,57.8,71.2,62.5,57.8,71.2
875,San Francisco,37.7771,-122.42,2023-06-17,76.7,61.5,57.5,69.5,61.5,57.5,69.5
876,San Francisco,37.7771,-122.42,2023-06-18,67.9,61.7,57.5,67.1,61.7,57.5,67.1
877,San Francisco,37.7771,-122.42,2023-06-19,63.9,59.9,54.6,66.6,59.9,54.6,66.6
878,San Francisco,37.7771,-122.42,2023-06-20,64.9,59.6,50.8,68.8,59.6,50.8,68.8
879,San Francisco,37.7771,-122.42,2023-06-21,73.5,58.6,53.1,66.5,58.6,53.1,66.5
880,San Francisco,37.7771,-122.42,2023-06-22,69.3,60.0,54.2,67.5,60.0,54.2,67.5
881,San Francisco,37.7771,-122.42,2023-06-23,70.6,60.9,57.5,66.5,60.9,57.5,66.5
882,San Francisco,37.7771,-122.42,2023-06-24,70.4,60.1,57.1,65.6,60.1,57.1,65.6
883,San Francisco,37.7771,-122.42,2023-06-25,73.8,59.0,56.2,63.6,59.0,56.2,63.6
884,San Francisco,37.7771,-122.42,2023-06-26,78.6,58.0,54.6,63.4,58.0,54.6,63.4
885,San Francisco,37.7771,-122.42,2023-06-27,80.7,57.3,54.2,63.8,57.3,54.2,63.8
886,San Francisco,37.7771,-122.42,2023-06-28,80.1,57.3,53.6,63.3,57.3,53.6,63.3
887,San Francisco,37.7771,-122.42,2023-06-29,77.0,60.3,54.2,70.6,60.3,54.2,70.6
888,San Francisco,37.7771,-122.42,2023-06-30,75.7,61.9,54.3,72.9,61.9,54.3,72.9
889,San Francisco,37.7771,-122.42,2023-07-01,66.9,67.5,54.8,82.6,67.6,54.8,83.5
890,San Francisco,37.7771,-122.42,2023-07-02,62.7,69.7,60.7,79.8,69.7,60.7,79.8
891,San Francisco,37.7771,-122.42,2023-07-03,75.8,63.6,57.9,70.5,63.6,57.9,70.5
892,San Francisco,37.7771,-122.42,2023-07-04,74.1,61.5,57.1,68.9,61.5,57.1,68.9
893,San Francisco,37.7771,-122.42,2023-07-05,72.2,62.1,56.7,69.9,62.1,56.7,69.9
894,San Francisco,37.7771,-122.42,2023-07-06,75.5,60.7,57.5,66.8,60.7,57.5,66.8
895,San Francisco,37.7771,-122.42,2023-07-07,79.7,58.3,55.3,62.6,58.3,55.3,62.6
896,San Francisco,37.7771,-122.42,2023-07-08,73.2,59.1,55.7,64.9,59.1,55.7,64.9
897,San Francisco,37.7771,-122.42,2023-07-09,78.9,58.2,55.1,62.8,58.2,55.1,62.8
898,San Francisco,37.7771,-122.42,2023-07-10,80.9,58.7,54.2,66.5,58.7,54.2,66.5
899,San Francisco,37.7771,-122.42,2023-07-11,76.4,61.4,53.9,72.5,61.4,53.9,72.5
900,San Francisco,37.7771,-122.42,2023-07-12,78.7,59.9,56.2,66.8,59.9,56.2,66.8
901,San Francisco,37.7771,-122.42,2023-07-13,76.1,61.9,55.3,72.2,61.9,55.3,72.2
902,San Francisco,37.7771,-122.42,2023-07-14,77.9,62.1,55.8,74.5,62.1,55.8,74.5
903,San Francisco,37.7771,-122.42,2023-07-15,76.1,63.6,56.6,77.5,63.6,56.6,77.5
904,San Francisco,37.7771,-122.42,2023-07-16,73.2,64.6,56.9,75.4,64.6,56.9,75.4
905,San Francisco,37.7771,-122.42,2023-07-17,68.3,66.5,60.7,75.4,66.5,60.7,75.4
906,San Francisco,37.7771,-122.42,2023-07-18,76.8,61.7,56.7,69.0,61.7,56.7,69.0
907,San Francisco,37.7771,-122.42,2023-07-19,78.6,61.2,56.7,68.7,61.2,56.7,68.7
908,San Francisco,37.7771,-122.42,2023-07-20,75.5,63.2,57.3,73.3,63.2,57.3,73.3
909,San Francisco,37.7771,-122.42,2023-07-21,72.6,63.6,56.3,73.8,63.6,56.3,73.8
910,San Francisco,37.7771,-122.42,2023-07-22,69.9,65.1,54.9,78.8,65.1,54.9,78.8
911,San Francisco,37.7771,-122.42,2023-07-23,71.9,64.1,59.8,70.0,64.1,59.8,70.0
912,San Francisco,37.7771,-122.42,2023-07-24,75.3,62.7,56.3,69.5,62.7,56.3,69.5
913,San Francisco,37.7771,-122.42,2023-07-25,74.7,64.5,57.1,75.2,64.5,57.1,75.2
914,San Francisco,37.7771,-122.42,2023-07-26,78.1,62.9,58.1,70.2,62.9,58.1,70.2
915,San Francisco,37.7771,-122.42,2023-07-27,74.0,62.3,58.4,67.5,62.3,58.4,67.5
916,San Francisco,37.7771,-122.42,2023-07-28,73.0,62.5,56.6,70.8,62.5,56.6,70.8
917,San Francisco,37.7771,-122.42,2023-07-29,77.2,61.8,56.7,70.6,61.8,56.7,70.6
918,San Francisco,37.7771,-122.42,2023-07-30,75.0,63.1,56.2,72.1,63.1,56.2,72.1
919,San Francisco,37.7771,-122.42,2023-07-31,75.8,62.9,57.6,70.3,62.9,57.6,70.3
920,Seattle,47.6036,-122.329,2023-05-01,72.6,53.1,50.3,55.9,53.1,50.3,55.9
921,Seattle,47.6036,-122.329,2023-05-02,68.6,59.2,50.4,70.3,59.2,50.4,70.3
922,Seattle,47.6036,-122.329,2023-05-03,67.4,61.2,53.0,72.2,61.2,53.0,72.2
923,Seattle,47.6036,-122.329,2023-05-04,80.7,53.0,50.1,55.5,53.0,50.1,55.5
924,Seattle,47.6036,-122.329,2023-05-05,90.5,48.1,44.6,51.4,49.8,48.9,51.4
925,Seattle,47.6036,-122.329,2023-05-06,78.5,53.0,45.5,61.3,53.3,47.4,61.3
926,Seattle,47.6036,-122.329,2023-05-07,67.0,54.9,49.6,62.0,54.9,49.6,62.0
927,Seattle,47.6036,-122.329,2023-05-08,63.6,56.8,51.4,64.7,56.8,51.4,64.7
928,Seattle,47.6036,-122.329,2023-05-09,63.4,56.4,50.1,64.5,56.4,50.1,64.5
929,Seattle,47.6036,-122.329,2023-05-10,57.6,58.9,47.7,70.5,58.9,47.7,70.5
930,Seattle,47.6036,-122.329,2023-05-11,56.1,61.2,50.4,74.0,61.2,50.4,74.0
931,Seattle,47.6036,-122.329,2023-05-12,51.8,65.8,52.4,79.2,65.8,52.4,79.2
932,Seattle,47.6036,-122.329,2023-05-13,49.1,70.1,56.2,81.3,70.3,56.2,82.5
933,Seattle,47.6036,-122.329,2023-05-14,41.9,73.8,61.1,83.7,74.6,61.1,86.7
934,Seattle,47.6036,-122.329,2023-05-15,48.3,74.3,63.0,86.7,74.8,63.0,89.1
935,Seattle,47.6036,-122.329,2023-05-16,68.3,66.1,57.5,77.7,66.1,57.5,77.7
936,Seattle,47.6036,-122.329,2023-05-17,66.3,66.9,57.0,77.4,66.9,57.0,77.4
937,Seattle,47.6036,-122.329,2023-05-18,69.3,66.7,58.3,76.4,66.7,58.3,76.4
938,Seattle,47.6036,-122.329,2023-05-19,68.9,63.7,54.5,74.4,63.7,54.5,74.4
939,Seattle,47.6036,-122.329,2023-05-20,58.3,66.8,57.8,75.5,66.8,57.8,75.5
940,Seattle,47.6036,-122.329,2023-05-21,78.0,56.2,52.6,61.6,56.2,52.6,61.6
941,Seattle,47.6036,-122.329,2023-05-22,69.8,55.7,47.6,62.1,55.7,49.1,62.1
942,Seattle,47.6036,-122.329,2023-05-23,58.6,56.2,46.6,64.3,56.6,49.2,64.3
943,Seattle,47.6036,-122.329,2023-05-24,58.8,61.5,55.1,68.8,61.5,55.1,68.8
944,Seattle,47.6036,-122.329,2023-05-25,57.5,65.1,54.5,75.5,65.1,54.5,75.5
945,Seattle,47.6036,-122.329,2023-05-26,55.1,69.0,57.4,80.0,69.0,57.4,80.6
946,Seattle,47.6036,-122.329,2023-05-27,69.3,60.7,54.3,69.6,60.7,54.3,69.6
947,Seattle,47.6036,-122.329,2023-05-28,70.2,56.4,46.9,65.1,56.6,49.8,65.1
948,Seattle,47.6036,-122.329,2023-05-29,75.0,57.9,51.0,69.2,57.9,51.0,69.2
949,Seattle,47.6036,-122.329,2023-05-30,66.5,54.6,45.4,61.6,54.9,48.9,61.6
950,Seattle,47.6036,-122.329,2023-05-31,59.5,55.8,51.2,63.7,55.8,51.2,63.7
951,Seattle,47.6036,-122.329,2023-06-01,58.1,58.3,50.3,68.4,58.3,50.3,68.4
952,Seattle,47.6036,-122.329,2023-06-02,57.7,61.1,51.8,72.4,61.1,51.8,72.4
953,Seattle,47.6036,-122.329,2023-06-03,57.9,61.5,49.7,73.0,61.5,49.7,73.0
954,Seattle,47.6036,-122.329,2023-06-04,48.4,59.9,52.3,67.9,59.9,52.3,67.9
955,Seattle,47.6036,-122.329,2023-06-05,48.0,61.7,51.1,71.8,61.7,51.1,71.8
956,Seattle,47.6036,-122.329,2023-06-06,45.0,67.3,54.4,78.2,67.3,54.4,78.2
957,Seattle,47.6036,-122.329,2023-06-07,39.9,71.2,57.5,82.5,71.8,57.5,85.3
958,Seattle,47.6036,-122.329,2023-06-08,63.5,63.9,54.5,73.9,63.9,54.5,73.9
959,Seattle,47.6036,-122.329,2023-06-09,84.3,55.5,53.9,61.4,55.5,53.9,61.4
960,Seattle,47.6036,-122.329,2023-06-10,88.3,56.1,52.5,60.9,56.1,52.5,60.9
961,Seattle,47.6036,-122.329,2023-06-11,74.6,62.2,54.6,70.3,62.2,54.6,70.3
962,Seattle,47.6036,-122.329,2023-06-12,64.9,69.1,56.2,81.2,69.1,56.2,82.2
963,Seattle,47.6036,-122.329,2023-06-13,71.8,60.9,55.5,68.4,60.9,55.5,68.4
964,Seattle,47.6036,-122.329,2023-06-14,59.5,58.0,53.1,65.0,58.0,53.1,65.0
965,Seattle,47.6036,-122.329,2023-06-15,63.2,59.7,46.9,71.5,59.8,48.9,71.5
966,Seattle,47.6036,-122.329,2023-06-16,70.8,61.7,55.0,69.9,61.7,55.0,69.9
967,Seattle,47.6036,-122.329,2023-06-17,82.8,55.4,52.6,58.9,55.4,52.6,58.9
968,Seattle,47.6036,-122.329,2023-06-18,70.9,53.3,46.5,60.4,53.4,48.4,60.4
969,Seattle,47.6036,-122.329,2023-06-19,74.0,53.7,46.1,61.6,54.2,48.3,61.6
970,Seattle,47.6036,-122.329,2023-06-20,83.8,54.6,51.2,58.5,54.6,51.2,58.5
971,Seattle,47.6036,-122.329,2023-06-21,72.5,60.5,52.5,69.7,60.5,52.5,69.7
972,Seattle,47.6036,-122.329,2023-06-22,64.4,64.1,53.2,75.4,64.1,53.2,75.4
973,Seattle,47.6036,-122.329,2023-06-23,58.6,67.5,56.5,80.0,67.5,56.5,80.0
974,Seattle,47.6036,-122.329,2023-06-24,66.3,60.4,52.9,69.9,60.4,52.9,69.9
975,Seattle,47.6036,-122.329,2023-06-25,65.3,64.4,53.2,76.7,64.4,53.2,76.7
976,Seattle,47.6036,-122.329,2023-06-26,70.3,63.9,54.4,73.5,63.9,54.4,73.5
977,Seattle,47.6036,-122.329,2023-06-27,71.3,63.3,55.3,74.5,63.3,55.3,74.5
978,Seattle,47.6036,-122.329,2023-06-28,67.9,66.9,56.3,79.8,66.9,56.3,79.8
979,Seattle,47.6036,-122.329,2023-06-29,65.8,68.7,58.3,80.7,68.7,58.3,80.5
980,Seattle,47.6036,-122.329,2023-06-30,61.0,69.0,60.9,77.8,69.0,60.9,77.8
981,Seattle,47.6036,-122.329,2023-07-01,49.3,66.9,56.9,78.6,66.9,56.9,78.6
982,Seattle,47.6036,-122.329,2023-07-02,51.7,67.2,56.7,77.6,67.2,56.7,77.6
983,Seattle,47.6036,-122.329,2023-07-03,52.1,68.8,56.2,78.2,68.8,56.2,78.2
984,Seattle,47.6036,-122.329,2023-07-04,48.1,72.4,58.9,82.6,73.0,58.9,85.1
985,Seattle,47.6036,-122.329,2023-07-05,45.0,74.7,61.5,85.1,75.5,61.5,88.4
986,Seattle,47.6036,-122.329,2023-07-06,54.1,72.2,61.3,83.4,72.4,61.3,84.1
987,Seattle,47.6036,-122.329,2023-07-07,69.3,63.7,56.7,73.9,63.7,56.7,73.9
988,Seattle,47.6036,-122.329,2023-07-08,64.8,63.7,56.3,74.1,63.7,56.3,74.1
989,Seattle,47.6036,-122.329,2023-07-09,61.6,65.8,55.1,78.2,65.8,55.1,78.2
990,Seattle,47.6036,-122.329,2023-07-10,65.4,63.0,56.3,70.2,63.0,56.3,70.2
991,Seattle,47.6036,-122.329,2023-07-11,60.4,66.4,57.4,76.8,66.4,57.4,76.8
992,Seattle,47.6036,-122.329,2023-07-12,68.0,65.1,56.4,75.4,65.1,56.4,75.4
993,Seattle,47.6036,-122.329,2023-07-13,60.9,67.8,56.3,79.9,67.8,56.3,80.1
994,Seattle,47.6036,-122.329,2023-07-14,53.6,71.6,59.1,82.8,71.9,59.1,84.7
995,Seattle,47.6036,-122.329,2023-07-15,48.2,73.8,61.7,84.6,74.3,61.7,87.2
996,Seattle,47.6036,-122.329,2023-07-16,55.3,71.3,60.9,81.4,71.3,60.9,82.1
997,Seattle,47.6036,-122.329,2023-07-17,61.2,67.2,61.3,76.2,67.2,61.3,76.2
998,Seattle,47.6036,-122.329,2023-07-18,56.6,68.4,58.3,78.9,68.4,58.3,78.9
999,Seattle,47.6036,-122.329,2023-07-19,50.5,72.5,60.5,83.8,72.8,60.5,85.4
1000,Seattle,47.6036,-122.329,2023-07-20,57.8,72.4,63.0,82.6,72.4,63.0,83.1
1001,Seattle,47.6036,-122.329,2023-07-21,70.6,66.4,59.7,77.4,66.4,59.7,77.4
1002,Seattle,47.6036,-122.329,2023-07-22,65.5,68.8,57.4,80.7,68.8,57.4,80.6
1003,Seattle,47.6036,-122.329,2023-07-23,53.7,70.9,60.7,81.1,71.1,60.7,82.7
1004,Seattle,47.6036,-122.329,2023-07-24,71.3,64.0,59.1,72.3,64.0,59.1,72.3
1005,Seattle,47.6036,-122.329,2023-07-25,68.8,64.7,58.2,74.2,64.7,58.2,74.2
1006,Seattle,47.6036,-122.329,2023-07-26,59.3,66.2,58.3,74.0,66.2,58.3,74.0
1007,Seattle,47.6036,-122.329,2023-07-27,55.9,68.6,58.2,78.4,68.6,58.2,78.4
1008,Seattle,47.6036,-122.329,2023-07-28,64.6,66.9,57.0,79.0,66.9,57.0,79.0
1009,Seattle,47.6036,-122.329,2023-07-29,62.2,66.3,57.6,74.9,66.3,57.6,74.9
1010,Seattle,47.6036,-122.329,2023-07-30,59.1,66.8,59.5,75.8,66.8,59.5,75.8
1011,Seattle,47.6036,-122.329,2023-07-31,54.4,67.6,58.4,77.3,67.6,58.4,77.3
1012,Phoenix,33.4483,-112.076,2023-05-01,15.4,81.2,73.1,89.0,83.3,73.1,93.6
1013,Phoenix,33.4483,-112.076,2023-05-02,19.1,77.2,65.5,87.2,78.7,65.5,91.5
1014,Phoenix,33.4483,-112.076,2023-05-03,22.3,77.3,67.7,84.8,78.6,67.7,88.6
1015,Phoenix,33.4483,-112.076,2023-05-04,26.6,72.8,63.6,79.7,72.9,63.6,81.5
1016,Phoenix,33.4483,-112.076,2023-05-05,28.3,71.1,62.4,79.9,71.1,62.4,79.9
1017,Phoenix,33.4483,-112.076,2023-05-06,24.5,73.7,62.3,82.2,74.5,62.3,85.5
1018,Phoenix,33.4483,-112.076,2023-05-07,20.1,75.9,63.4,85.4,77.2,63.4,89.4
1019,Phoenix,33.4483,-112.076,2023-05-08,17.6,78.0,65.3,86.6,79.9,65.3,90.9
1020,Phoenix,33.4483,-112.076,2023-05-09,17.6,79.0,66.2,87.3,80.8,66.2,91.7
1021,Phoenix,33.4483,-112.076,2023-05-10,21.4,72.6,65.7,78.8,72.6,65.7,78.8
1022,Phoenix,33.4483,-112.076,2023-05-11,20.7,74.6,61.7,84.2,75.9,61.7,87.9
1023,Phoenix,33.4483,-112.076,2023-05-12,18.9,79.9,66.4,90.0,82.1,66.4,94.8
1024,Phoenix,33.4483,-112.076,2023-05-13,17.7,82.5,71.4,92.4,85.0,71.4,97.6
1025,Phoenix,33.4483,-112.076,2023-05-14,20.2,85.2,73.6,94.9,87.9,73.6,99.7
1026,Phoenix,33.4483,-112.076,2023-05-15,21.5,87.8,78.9,96.3,90.8,78.9,100.7
1027,Phoenix,33.4483,-112.076,2023-05-16,23.8,87.9,81.1,99.2,90.9,82.9,103.5
1028,Phoenix,33.4483,-112.076,2023-05-17,29.0,86.4,77.8,96.1,88.6,77.8,99.6
1029,Phoenix,33.4483,-112.076,2023-05-18,34.8,83.6,75.4,95.8,85.2,75.4,99.4
1030,Phoenix,33.4483,-112.076,2023-05-19,41.8,79.5,73.0,88.8,80.3,73.0,91.7
1031,Phoenix,33.4483,-112.076,2023-05-20,32.3,81.9,70.0,93.5,83.9,70.0,97.5
1032,Phoenix,33.4483,-112.076,2023-05-21,21.5,85.8,75.4,94.8,88.6,75.4,99.7
1033,Phoenix,33.4483,-112.076,2023-05-22,18.3,86.6,77.6,95.9,90.0,77.6,101.4
1034,Phoenix,33.4483,-112.076,2023-05-23,13.6,86.2,75.4,95.5,89.8,75.4,101.4
1035,Phoenix,33.4483,-112.076,2023-05-24,14.5,84.7,74.8,93.1,87.9,74.8,98.4
1036,Phoenix,33.4483,-112.076,2023-05-25,12.9,84.2,73.6,93.0,87.3,73.6,98.4
1037,Phoenix,33.4483,-112.076,2023-05-26,14.4,82.8,72.7,92.8,85.4,72.7,98.2
1038,Phoenix,33.4483,-112.076,2023-05-27,13.5,82.5,70.9,92.1,85.2,70.9,97.3
1039,Phoenix,33.4483,-112.076,2023-05-28,13.2,83.2,71.5,92.9,86.1,71.5,98.3
1040,Phoenix,33.4483,-112.076,2023-05-29,12.8,84.4,74.3,94.1,87.5,74.3,99.4
1041,Phoenix,33.4483,-112.076,2023-05-30,14.3,83.8,73.4,93.1,86.6,73.4,98.5
1042,Phoenix,33.4483,-112.076,2023-05-31,16.1,79.7,70.4,88.0,81.5,70.4,92.4
1043,Phoenix,33.4483,-112.076,2023-06-01,20.5,79.0,68.9,86.5,81.0,68.9,90.6
1044,Phoenix,33.4483,-112.076,2023-06-02,17.9,81.5,73.4,88.7,83.8,73.4,93.2
1045,Phoenix,33.4483,-112.076,2023-06-03,17.4,85.3,75.2,95.4,88.4,75.2,100.6
1046,Phoenix,33.4483,-112.076,2023-06-04,14.1,87.5,78.4,98.6,91.2,78.4,104.6
1047,Phoenix,33.4483,-112.076,2023-06-05,10.7,87.5,78.4,97.7,91.5,78.4,104.8
1048,Phoenix,33.4483,-112.076,2023-06-06,10.6,83.7,72.8,92.9,86.9,72.8,98.4
1049,Phoenix,33.4483,-112.076,2023-06-07,11.7,81.9,70.6,91.3,84.4,70.6,96.4
1050,Phoenix,33.4483,-112.076,2023-06-08,10.9,82.2,71.6,89.9,84.8,71.6,94.6
1051,Phoenix,33.4483,-112.076,2023-06-09,11.7,82.3,72.4,90.7,85.1,72.4,95.7
1052,Phoenix,33.4483,-112.076,2023-06-10,11.4,83.9,72.5,94.0,86.9,72.5,99.7
1053,Phoenix,33.4483,-112.076,2023-06-11,16.3,82.1,73.4,90.7,84.5,73.4,95.6
1054,Phoenix,33.4483,-112.076,2023-06-12,23.8,80.0,71.6,86.6,81.9,71.6,90.7
1055,Phoenix,33.4483,-112.076,2023-06-13,21.5,82.3,74.5,90.8,84.7,74.5,95.2
1056,Phoenix,33.4483,-112.076,2023-06-14,18.0,84.3,73.5,94.1,87.2,73.5,99.6
1057,Phoenix,33.4483,-112.076,2023-06-15,17.9,85.3,76.5,93.4,88.4,76.5,98.3
1058,Phoenix,33.4483,-112.076,2023-06-16,14.5,86.6,77.5,95.3,90.3,77.5,101.0
1059,Phoenix,33.4483,-112.076,2023-06-17,14.0,87.4,75.7,97.7,90.9,75.7,103.4
1060,Phoenix,33.4483,-112.076,2023-06-18,12.4,89.4,78.5,100.9,93.8,78.5,108.3
1061,Phoenix,33.4483,-112.076,2023-06-19,10.7,88.2,78.0,97.4,92.4,78.0,103.3
1062,Phoenix,33.4483,-112.076,2023-06-20,12.6,88.6,79.5,97.9,92.9,81.5,104.4
1063,Phoenix,33.4483,-112.076,2023-06-21,13.6,88.2,77.8,97.3,92.2,77.8,103.6
1064,Phoenix,33.4483,-112.076,2023-06-22,8.3,87.8,76.7,97.8,91.8,76.7,104.4
1065,Phoenix,33.4483,-112.076,2023-06-23,6.8,85.8,78.5,94.3,89.3,78.5,100.3
1066,Phoenix,33.4483,-112.076,2023-06-24,6.0,86.5,72.3,97.3,90.3,72.3,104.5
1067,Phoenix,33.4483,-112.076,2023-06-25,7.5,90.0,78.3,100.9,94.7,78.3,108.7
1068,Phoenix,33.4483,-112.076,2023-06-26,8.3,91.9,79.5,110.3,97.0,81.5,110.3
1069,Phoenix,33.4483,-112.076,2023-06-27,8.6,91.0,78.9,101.0,96.2,80.5,109.3
1070,Phoenix,33.4483,-112.076,2023-06-28,13.1,90.2,79.6,100.5,94.6,81.5,106.4
1071,Phoenix,33.4483,-112.076,2023-06-29,10.0,89.1,78.7,98.7,93.5,79.7,105.5
1072,Phoenix,33.4483,-112.076,2023-06-30,11.2,90.5,78.6,100.2,95.2,79.4,107.6
1073,Phoenix,33.4483,-112.076,2023-07-01,11.1,94.7,80.2,112.5,98.5,82.6,112.5
1074,Phoenix,33.4483,-112.076,2023-07-02,10.8,97.8,82.3,114.5,101.4,85.3,114.5
1075,Phoenix,33.4483,-112.076,2023-07-03,14.6,98.9,85.4,114.7,101.9,88.3,114.7
1076,Phoenix,33.4483,-112.076,2023-07-04,13.8,96.3,85.9,111.3,100.6,89.0,111.3
1077,Phoenix,33.4483,-112.076,2023-07-05,13.0,94.9,84.7,102.6,99.8,88.2,108.7
1078,Phoenix,33.4483,-112.076,2023-07-06,14.3,97.2,82.7,112.7,100.4,85.4,112.7
1079,Phoenix,33.4483,-112.076,2023-07-07,12.6,95.2,82.9,110.2,99.9,85.7,110.2
1080,Phoenix,33.4483,-112.076,2023-07-08,10.9,95.5,83.2,111.2,100.1,86.7,111.2
1081,Phoenix,33.4483,-112.076,2023-07-09,10.1,96.0,84.8,110.4,101.0,88.6,110.4
1082,Phoenix,33.4483,-112.076,2023-07-10,18.7,97.3,87.9,106.4,100.0,91.5,107.7
1083,Phoenix,33.4483,-112.076,2023-07-11,27.3,101.6,92.3,110.8,100.7,91.7,108.7
1084,Phoenix,33.4483,-112.076,2023-07-12,23.7,100.8,92.9,109.4,101.3,94.5,109.6
1085,Phoenix,33.4483,-112.076,2023-07-13,21.8,102.8,94.0,113.6,103.5,94.4,113.6
1086,Phoenix,33.4483,-112.076,2023-07-14,18.7,103.5,91.4,114.7,104.8,93.5,114.7
1087,Phoenix,33.4483,-112.076,2023-07-15,19.2,105.4,91.4,116.6,105.9,92.5,116.6
1088,Phoenix,33.4483,-112.076,2023-07-16,23.8,104.8,93.1,112.6,104.2,93.6,112.6
1089,Phoenix,33.4483,-112.076,2023-07-17,23.4,104.2,94.6,114.8,103.9,94.6,114.8
1090,Phoenix,33.4483,-112.076,2023-07-18,21.1,105.2,93.9,117.5,105.4,93.6,117.5
1091,Phoenix,33.4483,-112.076,2023-07-19,17.1,106.1,95.6,117.6,107.2,96.7,117.6
1092,Phoenix,33.4483,-112.076,2023-07-20,16.9,104.3,90.6,118.5,105.9,92.6,118.5
1093,Phoenix,33.4483,-112.076,2023-07-21,19.6,102.5,89.5,114.6,103.6,92.6,114.6
1094,Phoenix,33.4483,-112.076,2023-07-22,18.2,104.5,94.1,115.6,105.6,95.6,115.6
1095,Phoenix,33.4483,-112.076,2023-07-23,24.1,101.3,91.1,113.5,101.8,91.6,113.5
1096,Phoenix,33.4483,-112.076,2023-07-24,21.0,103.0,92.2,114.7,103.8,93.5,114.7
1097,Phoenix,33.4483,-112.076,2023-07-25,19.2,104.4,91.5,116.4,105.3,92.6,116.4
1098,Phoenix,33.4483,-112.076,2023-07-26,18.4,105.3,90.0,116.6,106.3,88.9,116.6
1099,Phoenix,33.4483,-112.076,2023-07-27,26.7,102.1,90.9,114.4,101.6,89.1,114.4
1100,Phoenix,33.4483,-112.076,2023-07-28,22.8,105.1,97.1,114.6,104.7,96.5,114.6
1101,Phoenix,33.4483,-112.076,2023-07-29,20.9,103.8,93.4,112.7,104.5,94.5,112.7
1102,Phoenix,33.4483,-112.076,2023-07-30,23.5,102.6,93.5,110.5,102.7,93.3,110.5
1103,Phoenix,33.4483,-112.076,2023-07-31,36.4,96.3,85.4,108.7,95.0,82.8,106.5
