,city,latitude,longitude,date,wind_direction,wind_speed,wind_gust
0,Chicago,41.8843,-87.6324,2023-05-01,304.2,21.8,35.5
1,Chicago,41.8843,-87.6324,2023-05-02,327.9,20.8,31.1
2,Chicago,41.8843,-87.6324,2023-05-03,6.1,16.5,26.8
3,Chicago,41.8843,-87.6324,2023-05-04,175.3,13.3,21.9
4,Chicago,41.8843,-87.6324,2023-05-05,171.8,18.2,33.3
5,Chicago,41.8843,-87.6324,2023-05-06,154.2,17.4,29.4
6,Chicago,41.8843,-87.6324,2023-05-07,127.8,17.0,24.6
7,Chicago,41.8843,-87.6324,2023-05-08,36.3,15.8,28.5
8,Chicago,41.8843,-87.6324,2023-05-09,43.1,11.9,18.3
9,Chicago,41.8843,-87.6324,2023-05-10,116.7,12.7,18.3
10,Chicago,41.8843,-87.6324,2023-05-11,126.2,12.0,25.3
11,Chicago,41.8843,-87.6324,2023-05-12,79.0,10.5,15.0
12,Chicago,41.8843,-87.6324,2023-05-13,35.2,14.8,23.0
13,Chicago,41.8843,-87.6324,2023-05-14,42.2,14.8,27.5
14,Chicago,41.8843,-87.6324,2023-05-15,46.7,13.2,21.9
15,Chicago,41.8843,-87.6324,2023-05-16,327.8,17.8,35.2
16,Chicago,41.8843,-87.6324,2023-05-17,34.1,15.7,25.3
17,Chicago,41.8843,-87.6324,2023-05-18,132.3,12.0,19.7
18,Chicago,41.8843,-87.6324,2023-05-19,264.6,14.4,24.2
19,Chicago,41.8843,-87.6324,2023-05-20,2.7,11.2,21.2
20,Chicago,41.8843,-87.6324,2023-05-21,213.2,12.6,20.8
21,Chicago,41.8843,-87.6324,2023-05-22,96.5,15.2,22.5
22,Chicago,41.8843,-87.6324,2023-05-23,101.8,14.0,24.2
23,Chicago,41.8843,-87.6324,2023-05-24,25.9,18.5,33.3
24,Chicago,41.8843,-87.6324,2023-05-25,52.7,16.2,25.5
25,Chicago,41.8843,-87.6324,2023-05-26,43.4,11.8,21.9
26,Chicago,41.8843,-87.6324,2023-05-27,55.9,13.8,23.0
27,Chicago,41.8843,-87.6324,2023-05-28,50.2,13.5,21.9
28,Chicago,41.8843,-87.6324,2023-05-29,56.0,10.9,18.3
29,Chicago,41.8843,-87.6324,2023-05-30,73.9,13.7,19.7
30,Chicago,41.8843,-87.6324,2023-05-31,162.6,11.7,32.0
31,Chicago,41.8843,-87.6324,2023-06-01,108.6,13.6,29.4
32,Chicago,41.8843,-87.6324,2023-06-02,62.1,12.2,20.8
33,Chicago,41.8843,-87.6324,2023-06-03,31.0,16.1,21.9
34,Chicago,41.8843,-87.6324,2023-06-04,48.0,12.7,23.0
35,Chicago,41.8843,-87.6324,2023-06-05,42.3,12.3,18.3
36,Chicago,41.8843,-87.6324,2023-06-06,25.1,15.7,26.4
37,Chicago,41.8843,-87.6324,2023-06-07,28.3,17.8,29.0
38,Chicago,41.8843,-87.6324,2023-06-08,24.0,13.9,24.2
39,Chicago,41.8843,-87.6324,2023-06-09,61.8,11.1,18.7
40,Chicago,41.8843,-87.6324,2023-06-10,224.4,10.2,22.7
41,Chicago,41.8843,-87.6324,2023-06-11,14.1,22.9,33.8
42,Chicago,41.8843,-87.6324,2023-06-12,325.8,17.9,31.3
43,Chicago,41.8843,-87.6324,2023-06-13,285.0,18.2,30.3
44,Chicago,41.8843,-87.6324,2023-06-14,65.4,9.8,13.9
45,Chicago,41.8843,-87.6324,2023-06-15,32.4,17.5,26.4
46,Chicago,41.8843,-87.6324,2023-06-16,23.4,14.2,26.4
47,Chicago,41.8843,-87.6324,2023-06-17,70.9,12.4,11.4
48,Chicago,41.8843,-87.6324,2023-06-18,121.5,14.7,25.4
49,Chicago,41.8843,-87.6324,2023-06-19,55.4,15.2,23.0
50,Chicago,41.8843,-87.6324,2023-06-20,30.3,16.3,24.2
51,Chicago,41.8843,-87.6324,2023-06-21,51.0,17.1,21.3
52,Chicago,41.8843,-87.6324,2023-06-22,44.4,16.8,26.4
53,Chicago,41.8843,-87.6324,2023-06-23,28.4,12.8,21.3
54,Chicago,41.8843,-87.6324,2023-06-24,101.9,14.0,23.0
55,Chicago,41.8843,-87.6324,2023-06-25,233.9,25.1,41.5
56,Chicago,41.8843,-87.6324,2023-06-26,293.6,20.1,33.6
57,Chicago,41.8843,-87.6324,2023-06-27,7.2,13.8,21.9
58,Chicago,41.8843,-87.6324,2023-06-28,121.7,13.0,20.8
59,Chicago,41.8843,-87.6324,2023-06-29,187.2,12.5,32.2
60,Chicago,41.8843,-87.6324,2023-06-30,238.2,15.2,24.5
61,Chicago,41.8843,-87.6324,2023-07-01,277.5,8.5,18.3
62,Chicago,41.8843,-87.6324,2023-07-02,11.0,14.8,23.0
63,Chicago,41.8843,-87.6324,2023-07-03,27.7,10.6,13.9
64,Chicago,41.8843,-87.6324,2023-07-04,236.0,12.6,18.3
65,Chicago,41.8843,-87.6324,2023-07-05,203.4,15.2,38.5
66,Chicago,41.8843,-87.6324,2023-07-06,35.4,12.2,20.8
67,Chicago,41.8843,-87.6324,2023-07-07,59.5,12.4,18.3
68,Chicago,41.8843,-87.6324,2023-07-08,8.5,11.3,16.1
69,Chicago,41.8843,-87.6324,2023-07-09,309.0,9.4,19.7
70,Chicago,41.8843,-87.6324,2023-07-10,233.1,13.9,22.7
71,Chicago,41.8843,-87.6324,2023-07-11,171.7,18.2,67.8
72,Chicago,41.8843,-87.6324,2023-07-12,144.5,18.3,31.2
73,Chicago,41.8843,-87.6324,2023-07-13,314.1,8.4,21.9
74,Chicago,41.8843,-87.6324,2023-07-14,239.6,22.7,44.4
75,Chicago,41.8843,-87.6324,2023-07-15,252.4,13.0,27.7
76,Chicago,41.8843,-87.6324,2023-07-16,263.7,16.1,23.1
77,Chicago,41.8843,-87.6324,2023-07-17,283.0,14.1,23.0
78,Chicago,41.8843,-87.6324,2023-07-18,51.6,11.0,20.8
79,Chicago,41.8843,-87.6324,2023-07-19,174.3,8.5,13.9
80,Chicago,41.8843,-87.6324,2023-07-20,281.9,18.8,30.4
81,Chicago,41.8843,-87.6324,2023-07-21,23.7,10.9,19.7
82,Chicago,41.8843,-87.6324,2023-07-22,267.1,13.3,24.2
83,Chicago,41.8843,-87.6324,2023-07-23,286.9,11.7,25.5
84,Chicago,41.8843,-87.6324,2023-07-24,68.3,9.9,13.9
85,Chicago,41.8843,-87.6324,2023-07-25,193.6,12.1,23.0
86,Chicago,41.8843,-87.6324,2023-07-26,214.7,13.0,36.7
87,Chicago,41.8843,-87.6324,2023-07-27,105.0,11.4,18.3
88,Chicago,41.8843,-87.6324,2023-07-28,230.8,20.5,37.4
89,Chicago,41.8843,-87.6324,2023-07-29,11.6,20.7,41.0
90,Chicago,41.8843,-87.6324,2023-07-30,36.0,13.9,24.2
91,Chicago,41.8843,-87.6324,2023-07-31,80.4,10.4,20.8
92,New York,40.7146,-74.0071,2023-05-01,256.5,17.3,35.6
93,New York,40.7146,-74.0071,2023-05-02,254.8,18.2,51.2
94,New York,40.7146,-74.0071,2023-05-03,255.2,10.1,17.3
95,New York,40.7146,-74.0071,2023-05-04,33.2,16.5,44.7
96,New York,40.7146,-74.0071,2023-05-05,80.3,13.3,40.3
97,New York,40.7146,-74.0071,2023-05-06,259.9,11.0,31.1
98,New York,40.7146,-74.0071,2023-05-07,236.5,10.3,58.6
99,New York,40.7146,-74.0071,2023-05-08,300.9,10.1,27.7
100,New York,40.7146,-74.0071,2023-05-09,71.9,13.3,40.6
101,New York,40.7146,-74.0071,2023-05-10,230.7,10.0,53.9
102,New York,40.7146,-74.0071,2023-05-11,250.3,10.3,48.7
103,New York,40.7146,-74.0071,2023-05-12,253.5,12.5,53.3
104,New York,40.7146,-74.0071,2023-05-13,254.5,7.0,43.6
105,New York,40.7146,-74.0071,2023-05-14,46.8,14.2,40.3
106,New York,40.7146,-74.0071,2023-05-15,267.7,14.5,48.3
107,New York,40.7146,-74.0071,2023-05-16,260.1,16.9,48.5
108,New York,40.7146,-74.0071,2023-05-17,1.0,12.6,42.3
109,New York,40.7146,-74.0071,2023-05-18,94.2,14.7,35.3
110,New York,40.7146,-74.0071,2023-05-19,175.9,16.1,35.8
111,New York,40.7146,-74.0071,2023-05-20,82.1,8.1,16.1
112,New York,40.7146,-74.0071,2023-05-21,297.6,11.5,46.0
113,New York,40.7146,-74.0071,2023-05-22,81.6,11.3,35.7
114,New York,40.7146,-74.0071,2023-05-23,96.9,12.2,45.9
115,New York,40.7146,-74.0071,2023-05-24,59.8,13.6,50.6
116,New York,40.7146,-74.0071,2023-05-25,50.6,11.6,44.1
117,New York,40.7146,-74.0071,2023-05-26,48.0,13.6,48.3
118,New York,40.7146,-74.0071,2023-05-27,171.0,10.0,36.7
119,New York,40.7146,-74.0071,2023-05-28,227.0,8.2,39.1
120,New York,40.7146,-74.0071,2023-05-29,80.2,16.8,23.8
121,New York,40.7146,-74.0071,2023-05-30,62.4,14.5,37.8
122,New York,40.7146,-74.0071,2023-05-31,91.7,10.1,43.6
123,New York,40.7146,-74.0071,2023-06-01,245.4,8.0,48.3
124,New York,40.7146,-74.0071,2023-06-02,166.3,10.1,44.7
125,New York,40.7146,-74.0071,2023-06-03,52.9,16.8,25.3
126,New York,40.7146,-74.0071,2023-06-04,48.6,16.7,24.2
127,New York,40.7146,-74.0071,2023-06-05,355.8,12.5,39.1
128,New York,40.7146,-74.0071,2023-06-06,278.1,7.9,47.2
129,New York,40.7146,-74.0071,2023-06-07,293.7,8.2,25.3
130,New York,40.7146,-74.0071,2023-06-08,284.3,9.1,42.5
131,New York,40.7146,-74.0071,2023-06-09,287.4,10.3,39.1
132,New York,40.7146,-74.0071,2023-06-10,300.3,7.0,42.5
133,New York,40.7146,-74.0071,2023-06-11,108.9,7.7,37.8
134,New York,40.7146,-74.0071,2023-06-12,120.2,14.7,35.6
135,New York,40.7146,-74.0071,2023-06-13,266.7,11.1,58.6
136,New York,40.7146,-74.0071,2023-06-14,245.7,18.9,33.0
137,New York,40.7146,-74.0071,2023-06-15,271.6,14.2,48.3
138,New York,40.7146,-74.0071,2023-06-16,357.6,11.1,51.7
139,New York,40.7146,-74.0071,2023-06-17,316.5,8.3,44.7
140,New York,40.7146,-74.0071,2023-06-18,275.6,10.3,52.6
141,New York,40.7146,-74.0071,2023-06-19,82.1,13.4,18.3
142,New York,40.7146,-74.0071,2023-06-20,55.5,11.2,17.2
143,New York,40.7146,-74.0071,2023-06-21,49.4,17.1,24.6
144,New York,40.7146,-74.0071,2023-06-22,43.9,19.4,28.6
145,New York,40.7146,-74.0071,2023-06-23,80.7,9.1,10.3
146,New York,40.7146,-74.0071,2023-06-24,157.5,10.4,16.1
147,New York,40.7146,-74.0071,2023-06-25,170.4,11.4,31.1
148,New York,40.7146,-74.0071,2023-06-26,58.3,12.5,55.3
149,New York,40.7146,-74.0071,2023-06-27,191.8,9.0,37.4
150,New York,40.7146,-74.0071,2023-06-28,250.4,9.0,44.4
151,New York,40.7146,-74.0071,2023-06-29,249.0,7.6,55.3
152,New York,40.7146,-74.0071,2023-06-30,213.9,11.4,46.1
153,New York,40.7146,-74.0071,2023-07-01,192.8,13.5,54.8
154,New York,40.7146,-74.0071,2023-07-02,173.4,8.8,31.1
155,New York,40.7146,-74.0071,2023-07-03,263.6,9.1,29.8
156,New York,40.7146,-74.0071,2023-07-04,253.5,6.6,34.4
157,New York,40.7146,-74.0071,2023-07-05,286.9,7.6,50.6
158,New York,40.7146,-74.0071,2023-07-06,168.4,10.9,40.3
159,New York,40.7146,-74.0071,2023-07-07,196.2,8.7,19.7
160,New York,40.7146,-74.0071,2023-07-08,172.0,11.1,39.1
161,New York,40.7146,-74.0071,2023-07-09,139.3,11.5,34.4
162,New York,40.7146,-74.0071,2023-07-10,310.8,9.3,45.1
163,New York,40.7146,-74.0071,2023-07-11,248.5,8.1,43.0
164,New York,40.7146,-74.0071,2023-07-12,248.8,9.0,52.9
165,New York,40.7146,-74.0071,2023-07-13,184.4,17.8,51.7
166,New York,40.7146,-74.0071,2023-07-14,49.5,14.6,34.4
167,New York,40.7146,-74.0071,2023-07-15,187.2,10.3,45.9
168,New York,40.7146,-74.0071,2023-07-16,221.3,10.0,25.3
169,New York,40.7146,-74.0071,2023-07-17,220.5,10.4,20.8
170,New York,40.7146,-74.0071,2023-07-18,222.1,17.1,40.3
171,New York,40.7146,-74.0071,2023-07-19,242.4,15.6,48.3
172,New York,40.7146,-74.0071,2023-07-20,172.5,9.0,47.2
173,New York,40.7146,-74.0071,2023-07-21,238.3,11.5,50.0
174,New York,40.7146,-74.0071,2023-07-22,303.8,9.1,56.4
175,New York,40.7146,-74.0071,2023-07-23,212.2,8.8,41.4
176,New York,40.7146,-74.0071,2023-07-24,214.8,9.3,36.7
177,New York,40.7146,-74.0071,2023-07-25,231.0,12.5,43.6
178,New York,40.7146,-74.0071,2023-07-26,233.6,9.3,46.5
179,New York,40.7146,-74.0071,2023-07-27,254.3,16.9,58.2
180,New York,40.7146,-74.0071,2023-07-28,267.0,11.2,19.7
181,New York,40.7146,-74.0071,2023-07-29,253.4,15.7,35.6
182,New York,40.7146,-74.0071,2023-07-30,301.0,9.1,28.4
183,New York,40.7146,-74.0071,2023-07-31,235.3,10.1,57.5
184,Los Angeles,34.0536,-118.245,2023-05-01,219.1,11.3,20.8
185,Los Angeles,34.0536,-118.245,2023-05-02,245.2,14.1,23.0
186,Los Angeles,34.0536,-118.245,2023-05-03,243.0,11.5,21.9
187,Los Angeles,34.0536,-118.245,2023-05-04,212.8,8.7,21.9
188,Los Angeles,34.0536,-118.245,2023-05-05,250.0,8.7,20.8
189,Los Angeles,34.0536,-118.245,2023-05-06,251.9,13.5,47.4
190,Los Angeles,34.0536,-118.245,2023-05-07,235.4,12.6,19.7
191,Los Angeles,34.0536,-118.245,2023-05-08,239.7,8.2,20.8
192,Los Angeles,34.0536,-118.245,2023-05-09,239.8,9.4,32.0
193,Los Angeles,34.0536,-118.245,2023-05-10,227.0,7.2,20.8
194,Los Angeles,34.0536,-118.245,2023-05-11,246.1,7.6,20.8
195,Los Angeles,34.0536,-118.245,2023-05-12,241.7,7.5,21.9
196,Los Angeles,34.0536,-118.245,2023-05-13,235.2,6.8,18.3
197,Los Angeles,34.0536,-118.245,2023-05-14,217.1,6.2,21.9
198,Los Angeles,34.0536,-118.245,2023-05-15,251.0,6.4,16.1
199,Los Angeles,34.0536,-118.245,2023-05-16,256.0,9.8,20.8
200,Los Angeles,34.0536,-118.245,2023-05-17,240.1,10.9,19.7
201,Los Angeles,34.0536,-118.245,2023-05-18,202.9,7.1,13.9
202,Los Angeles,34.0536,-118.245,2023-05-19,228.2,9.9,13.9
203,Los Angeles,34.0536,-118.245,2023-05-20,247.3,6.4,17.2
204,Los Angeles,34.0536,-118.245,2023-05-21,243.2,10.9,18.3
205,Los Angeles,34.0536,-118.245,2023-05-22,237.1,9.4,15.0
206,Los Angeles,34.0536,-118.245,2023-05-23,234.4,6.7,13.9
207,Los Angeles,34.0536,-118.245,2023-05-24,241.9,5.5,16.1
208,Los Angeles,34.0536,-118.245,2023-05-25,189.8,7.2,17.2
209,Los Angeles,34.0536,-118.245,2023-05-26,242.6,15.3,23.0
210,Los Angeles,34.0536,-118.245,2023-05-27,246.5,8.2,21.9
211,Los Angeles,34.0536,-118.245,2023-05-28,245.9,6.7,13.9
212,Los Angeles,34.0536,-118.245,2023-05-29,246.3,7.3,17.2
213,Los Angeles,34.0536,-118.245,2023-05-30,249.9,7.6,20.8
214,Los Angeles,34.0536,-118.245,2023-05-31,246.3,8.6,11.4
215,Los Angeles,34.0536,-118.245,2023-06-01,249.4,5.5,11.4
216,Los Angeles,34.0536,-118.245,2023-06-02,250.4,9.4,23.0
217,Los Angeles,34.0536,-118.245,2023-06-03,244.1,8.1,18.3
218,Los Angeles,34.0536,-118.245,2023-06-04,238.5,14.1,9.2
219,Los Angeles,34.0536,-118.245,2023-06-05,231.8,4.4,9.2
220,Los Angeles,34.0536,-118.245,2023-06-06,224.8,7.8,17.2
221,Los Angeles,34.0536,-118.245,2023-06-07,252.6,8.2,24.2
222,Los Angeles,34.0536,-118.245,2023-06-08,247.9,9.5,24.2
223,Los Angeles,34.0536,-118.245,2023-06-09,240.9,7.4,19.7
224,Los Angeles,34.0536,-118.245,2023-06-10,244.6,6.7,8.1
225,Los Angeles,34.0536,-118.245,2023-06-11,223.7,6.2,11.4
226,Los Angeles,34.0536,-118.245,2023-06-12,245.1,12.5,23.0
227,Los Angeles,34.0536,-118.245,2023-06-13,252.9,8.0,19.9
228,Los Angeles,34.0536,-118.245,2023-06-14,251.3,5.4,12.8
229,Los Angeles,34.0536,-118.245,2023-06-15,246.8,5.3,13.9
230,Los Angeles,34.0536,-118.245,2023-06-16,253.9,8.6,19.7
231,Los Angeles,34.0536,-118.245,2023-06-17,241.9,10.8,23.0
232,Los Angeles,34.0536,-118.245,2023-06-18,234.3,9.7,20.8
233,Los Angeles,34.0536,-118.245,2023-06-19,229.0,7.3,24.2
234,Los Angeles,34.0536,-118.245,2023-06-20,247.2,12.5,20.8
235,Los Angeles,34.0536,-118.245,2023-06-21,250.7,9.1,20.8
236,Los Angeles,34.0536,-118.245,2023-06-22,233.7,13.4,22.4
237,Los Angeles,34.0536,-118.245,2023-06-23,227.9,8.8,23.0
238,Los Angeles,34.0536,-118.245,2023-06-24,238.8,7.0,21.9
239,Los Angeles,34.0536,-118.245,2023-06-25,243.6,13.9,23.0
240,Los Angeles,34.0536,-118.245,2023-06-26,241.0,11.3,21.9
241,Los Angeles,34.0536,-118.245,2023-06-27,245.0,6.8,18.3
242,Los Angeles,34.0536,-118.245,2023-06-28,225.0,11.4,18.3
243,Los Angeles,34.0536,-118.245,2023-06-29,236.6,9.7,19.7
244,Los Angeles,34.0536,-118.245,2023-06-30,248.3,12.5,18.3
245,Los Angeles,34.0536,-118.245,2023-07-01,236.2,9.6,18.3
246,Los Angeles,34.0536,-118.245,2023-07-02,245.9,13.0,20.8
247,Los Angeles,34.0536,-118.245,2023-07-03,248.3,6.5,20.8
248,Los Angeles,34.0536,-118.245,2023-07-04,230.7,6.6,22.1
249,Los Angeles,34.0536,-118.245,2023-07-05,243.2,8.5,19.7
250,Los Angeles,34.0536,-118.245,2023-07-06,240.7,10.5,19.1
251,Los Angeles,34.0536,-118.245,2023-07-07,246.0,10.7,19.7
252,Los Angeles,34.0536,-118.245,2023-07-08,239.1,7.2,13.9
253,Los Angeles,34.0536,-118.245,2023-07-09,241.3,11.5,20.8
254,Los Angeles,34.0536,-118.245,2023-07-10,241.8,7.8,13.9
255,Los Angeles,34.0536,-118.245,2023-07-11,254.9,8.8,16.1
256,Los Angeles,34.0536,-118.245,2023-07-12,250.8,6.4,19.7
257,Los Angeles,34.0536,-118.245,2023-07-13,244.8,12.7,19.7
258,Los Angeles,34.0536,-118.245,2023-07-14,243.3,5.5,18.3
259,Los Angeles,34.0536,-118.245,2023-07-15,241.5,9.7,13.9
260,Los Angeles,34.0536,-118.245,2023-07-16,230.9,8.7,19.7
261,Los Angeles,34.0536,-118.245,2023-07-17,248.3,12.5,21.9
262,Los Angeles,34.0536,-118.245,2023-07-18,244.8,7.0,18.3
263,Los Angeles,34.0536,-118.245,2023-07-19,249.9,8.4,20.8
264,Los Angeles,34.0536,-118.245,2023-07-20,245.1,7.9,20.8
265,Los Angeles,34.0536,-118.245,2023-07-21,242.5,6.4,23.0
266,Los Angeles,34.0536,-118.245,2023-07-22,235.5,7.2,16.1
267,Los Angeles,34.0536,-118.245,2023-07-23,232.4,9.2,21.9
268,Los Angeles,34.0536,-118.245,2023-07-24,246.7,10.7,19.7
269,Los Angeles,34.0536,-118.245,2023-07-25,253.4,7.7,17.2
270,Los Angeles,34.0536,-118.245,2023-07-26,241.8,7.5,16.1
271,Los Angeles,34.0536,-118.245,2023-07-27,246.8,10.0,16.1
272,Los Angeles,34.0536,-118.245,2023-07-28,235.6,12.0,18.3
273,Los Angeles,34.0536,-118.245,2023-07-29,244.0,12.2,17.2
274,Los Angeles,34.0536,-118.245,2023-07-30,198.1,7.7,15.0
275,Los Angeles,34.0536,-118.245,2023-07-31,219.4,6.0,30.0
276,Atlanta,33.7483,-84.3911,2023-05-01,266.4,18.9,35.3
277,Atlanta,33.7483,-84.3911,2023-05-02,275.8,22.2,38.6
278,Atlanta,33.7483,-84.3911,2023-05-03,303.5,21.3,32.0
279,Atlanta,33.7483,-84.3911,2023-05-04,318.5,8.9,18.3
280,Atlanta,33.7483,-84.3911,2023-05-05,74.5,7.0,10.3
281,Atlanta,33.7483,-84.3911,2023-05-06,104.7,9.3,20.8
282,Atlanta,33.7483,-84.3911,2023-05-07,215.3,8.2,12.8
283,Atlanta,33.7483,-84.3911,2023-05-08,280.7,12.2,23.0
284,Atlanta,33.7483,-84.3911,2023-05-09,266.7,13.2,28.0
285,Atlanta,33.7483,-84.3911,2023-05-10,75.9,9.6,16.1
286,Atlanta,33.7483,-84.3911,2023-05-11,111.9,11.5,20.3
287,Atlanta,33.7483,-84.3911,2023-05-12,131.6,6.2,12.8
288,Atlanta,33.7483,-84.3911,2023-05-13,328.3,8.0,9.2
289,Atlanta,33.7483,-84.3911,2023-05-14,339.4,11.4,29.8
290,Atlanta,33.7483,-84.3911,2023-05-15,80.4,10.3,13.9
291,Atlanta,33.7483,-84.3911,2023-05-16,239.6,20.2,46.1
292,Atlanta,33.7483,-84.3911,2023-05-17,290.6,8.2,17.2
293,Atlanta,33.7483,-84.3911,2023-05-18,79.4,16.7,32.7
294,Atlanta,33.7483,-84.3911,2023-05-19,92.8,12.7,26.9
295,Atlanta,33.7483,-84.3911,2023-05-20,169.8,7.9,10.3
296,Atlanta,33.7483,-84.3911,2023-05-21,37.8,9.2,21.9
297,Atlanta,33.7483,-84.3911,2023-05-22,75.9,13.8,24.2
298,Atlanta,33.7483,-84.3911,2023-05-23,69.1,14.9,24.2
299,Atlanta,33.7483,-84.3911,2023-05-24,60.4,13.0,20.8
300,Atlanta,33.7483,-84.3911,2023-05-25,66.4,13.9,26.0
301,Atlanta,33.7483,-84.3911,2023-05-26,74.2,16.1,25.6
302,Atlanta,33.7483,-84.3911,2023-05-27,62.7,18.2,34.8
303,Atlanta,33.7483,-84.3911,2023-05-28,356.7,11.5,22.0
304,Atlanta,33.7483,-84.3911,2023-05-29,311.8,11.4,19.7
305,Atlanta,33.7483,-84.3911,2023-05-30,65.3,12.6,19.7
306,Atlanta,33.7483,-84.3911,2023-05-31,79.0,14.5,33.3
307,Atlanta,33.7483,-84.3911,2023-06-01,62.2,8.7,19.7
308,Atlanta,33.7483,-84.3911,2023-06-02,51.6,11.5,20.8
309,Atlanta,33.7483,-84.3911,2023-06-03,48.1,12.7,21.7
310,Atlanta,33.7483,-84.3911,2023-06-04,52.6,10.9,32.2
311,Atlanta,33.7483,-84.3911,2023-06-05,135.6,5.8,10.3
312,Atlanta,33.7483,-84.3911,2023-06-06,283.8,12.3,37.8
313,Atlanta,33.7483,-84.3911,2023-06-07,294.7,12.8,21.8
314,Atlanta,33.7483,-84.3911,2023-06-08,329.9,12.9,24.7
315,Atlanta,33.7483,-84.3911,2023-06-09,8.0,10.0,19.7
316,Atlanta,33.7483,-84.3911,2023-06-10,172.7,6.7,11.4
317,Atlanta,33.7483,-84.3911,2023-06-11,184.5,11.8,36.0
318,Atlanta,33.7483,-84.3911,2023-06-12,280.4,14.5,24.8
319,Atlanta,33.7483,-84.3911,2023-06-13,285.8,13.1,24.2
320,Atlanta,33.7483,-84.3911,2023-06-14,219.9,11.0,20.8
321,Atlanta,33.7483,-84.3911,2023-06-15,230.1,11.4,19.7
322,Atlanta,33.7483,-84.3911,2023-06-16,281.6,13.5,21.9
323,Atlanta,33.7483,-84.3911,2023-06-17,320.6,7.8,19.7
324,Atlanta,33.7483,-84.3911,2023-06-18,179.4,8.7,17.2
325,Atlanta,33.7483,-84.3911,2023-06-19,182.1,12.8,33.3
326,Atlanta,33.7483,-84.3911,2023-06-20,274.0,8.0,29.8
327,Atlanta,33.7483,-84.3911,2023-06-21,68.2,16.4,25.9
328,Atlanta,33.7483,-84.3911,2023-06-22,42.2,12.1,23.0
329,Atlanta,33.7483,-84.3911,2023-06-23,313.5,12.1,29.8
330,Atlanta,33.7483,-84.3911,2023-06-24,310.6,11.5,20.9
331,Atlanta,33.7483,-84.3911,2023-06-25,280.5,17.5,54.5
332,Atlanta,33.7483,-84.3911,2023-06-26,251.2,13.3,22.4
333,Atlanta,33.7483,-84.3911,2023-06-27,289.1,15.6,24.1
334,Atlanta,33.7483,-84.3911,2023-06-28,338.3,10.0,21.3
335,Atlanta,33.7483,-84.3911,2023-06-29,331.6,9.9,9.2
336,Atlanta,33.7483,-84.3911,2023-06-30,330.2,18.6,36.9
337,Atlanta,33.7483,-84.3911,2023-07-01,336.5,17.2,32.8
338,Atlanta,33.7483,-84.3911,2023-07-02,279.2,13.0,45.9
339,Atlanta,33.7483,-84.3911,2023-07-03,246.2,11.7,24.2
340,Atlanta,33.7483,-84.3911,2023-07-04,294.1,10.0,19.7
341,Atlanta,33.7483,-84.3911,2023-07-05,328.6,11.6,39.1
342,Atlanta,33.7483,-84.3911,2023-07-06,304.9,11.4,23.0
343,Atlanta,33.7483,-84.3911,2023-07-07,293.4,10.5,25.3
344,Atlanta,33.7483,-84.3911,2023-07-08,281.9,12.8,20.8
345,Atlanta,33.7483,-84.3911,2023-07-09,280.5,13.2,25.7
346,Atlanta,33.7483,-84.3911,2023-07-10,330.8,11.3,21.9
347,Atlanta,33.7483,-84.3911,2023-07-11,292.8,9.8,17.2
348,Atlanta,33.7483,-84.3911,2023-07-12,243.8,8.3,16.1
349,Atlanta,33.7483,-84.3911,2023-07-13,240.3,10.5,21.9
350,Atlanta,33.7483,-84.3911,2023-07-14,278.8,7.8,10.3
351,Atlanta,33.7483,-84.3911,2023-07-15,258.1,14.9,27.3
352,Atlanta,33.7483,-84.3911,2023-07-16,304.2,11.5,19.7
353,Atlanta,33.7483,-84.3911,2023-07-17,338.5,7.9,16.4
354,Atlanta,33.7483,-84.3911,2023-07-18,264.3,10.3,13.9
355,Atlanta,33.7483,-84.3911,2023-07-19,287.5,15.2,26.6
356,Atlanta,33.7483,-84.3911,2023-07-20,271.4,20.6,44.7
357,Atlanta,33.7483,-84.3911,2023-07-21,280.5,15.5,43.6
358,Atlanta,33.7483,-84.3911,2023-07-22,285.8,11.1,21.9
359,Atlanta,33.7483,-84.3911,2023-07-23,316.7,8.6,17.2
360,Atlanta,33.7483,-84.3911,2023-07-24,335.5,11.4,18.3
361,Atlanta,33.7483,-84.3911,2023-07-25,323.8,8.5,11.4
362,Atlanta,33.7483,-84.3911,2023-07-26,349.6,7.6,8.1
363,Atlanta,33.7483,-84.3911,2023-07-27,71.5,7.0,10.3
364,Atlanta,33.7483,-84.3911,2023-07-28,114.5,10.7,34.4
365,Atlanta,33.7483,-84.3911,2023-07-29,325.9,10.3,25.3
366,Atlanta,33.7483,-84.3911,2023-07-30,315.1,13.7,27.7
367,Atlanta,33.7483,-84.3911,2023-07-31,347.7,10.0,20.8
368,Miami,25.7748,-80.1977,2023-05-01,259.4,15.2,22.6
369,Miami,25.7748,-80.1977,2023-05-02,251.0,13.6,21.9
370,Miami,25.7748,-80.1977,2023-05-03,269.9,12.1,20.8
371,Miami,25.7748,-80.1977,2023-05-04,324.2,9.5,18.3
372,Miami,25.7748,-80.1977,2023-05-05,88.7,15.5,19.7
373,Miami,25.7748,-80.1977,2023-05-06,67.0,14.2,25.3
374,Miami,25.7748,-80.1977,2023-05-07,72.2,20.5,27.5
375,Miami,25.7748,-80.1977,2023-05-08,84.1,12.6,24.2
376,Miami,25.7748,-80.1977,2023-05-09,100.4,10.2,19.7
377,Miami,25.7748,-80.1977,2023-05-10,80.4,14.0,20.0
378,Miami,25.7748,-80.1977,2023-05-11,86.3,13.9,23.0
379,Miami,25.7748,-80.1977,2023-05-12,85.9,16.5,25.2
380,Miami,25.7748,-80.1977,2023-05-13,81.6,16.4,23.0
381,Miami,25.7748,-80.1977,2023-05-14,67.0,17.1,27.7
382,Miami,25.7748,-80.1977,2023-05-15,70.9,16.9,25.3
383,Miami,25.7748,-80.1977,2023-05-16,143.9,11.3,19.7
384,Miami,25.7748,-80.1977,2023-05-17,212.1,14.6,33.3
385,Miami,25.7748,-80.1977,2023-05-18,172.8,11.5,28.4
386,Miami,25.7748,-80.1977,2023-05-19,106.2,11.0,24.2
387,Miami,25.7748,-80.1977,2023-05-20,91.0,13.0,17.2
388,Miami,25.7748,-80.1977,2023-05-21,73.0,12.2,18.3
389,Miami,25.7748,-80.1977,2023-05-22,91.7,13.1,20.8
390,Miami,25.7748,-80.1977,2023-05-23,116.6,12.0,24.7
391,Miami,25.7748,-80.1977,2023-05-24,135.2,18.8,31.1
392,Miami,25.7748,-80.1977,2023-05-25,173.8,32.6,44.9
393,Miami,25.7748,-80.1977,2023-05-26,45.7,9.6,19.7
394,Miami,25.7748,-80.1977,2023-05-27,42.5,11.0,29.8
395,Miami,25.7748,-80.1977,2023-05-28,234.4,10.6,16.1
396,Miami,25.7748,-80.1977,2023-05-29,309.7,12.4,17.2
397,Miami,25.7748,-80.1977,2023-05-30,65.2,16.0,24.2
398,Miami,25.7748,-80.1977,2023-05-31,108.7,12.3,24.2
399,Miami,25.7748,-80.1977,2023-06-01,251.7,9.6,35.3
400,Miami,25.7748,-80.1977,2023-06-02,25.8,10.7,32.3
401,Miami,25.7748,-80.1977,2023-06-03,29.4,12.9,41.1
402,Miami,25.7748,-80.1977,2023-06-04,64.5,13.6,20.2
403,Miami,25.7748,-80.1977,2023-06-05,23.1,14.3,25.3
404,Miami,25.7748,-80.1977,2023-06-06,80.4,10.4,30.7
405,Miami,25.7748,-80.1977,2023-06-07,207.1,11.3,18.3
406,Miami,25.7748,-80.1977,2023-06-08,203.1,15.9,29.5
407,Miami,25.7748,-80.1977,2023-06-09,217.1,12.2,30.8
408,Miami,25.7748,-80.1977,2023-06-10,183.6,14.9,23.0
409,Miami,25.7748,-80.1977,2023-06-11,152.1,10.3,18.3
410,Miami,25.7748,-80.1977,2023-06-12,188.0,16.7,32.2
411,Miami,25.7748,-80.1977,2023-06-13,176.3,15.8,24.2
412,Miami,25.7748,-80.1977,2023-06-14,161.8,14.9,22.8
413,Miami,25.7748,-80.1977,2023-06-15,165.9,14.2,21.6
414,Miami,25.7748,-80.1977,2023-06-16,229.6,15.4,29.8
415,Miami,25.7748,-80.1977,2023-06-17,187.6,16.7,32.9
416,Miami,25.7748,-80.1977,2023-06-18,236.1,14.7,31.9
417,Miami,25.7748,-80.1977,2023-06-19,217.1,25.7,38.7
418,Miami,25.7748,-80.1977,2023-06-20,131.1,16.1,27.3
419,Miami,25.7748,-80.1977,2023-06-21,136.3,14.4,19.7
420,Miami,25.7748,-80.1977,2023-06-22,124.2,14.4,17.2
421,Miami,25.7748,-80.1977,2023-06-23,121.5,13.7,21.9
422,Miami,25.7748,-80.1977,2023-06-24,116.2,13.7,20.8
423,Miami,25.7748,-80.1977,2023-06-25,174.8,13.7,29.8
424,Miami,25.7748,-80.1977,2023-06-26,101.3,10.0,18.3
425,Miami,25.7748,-80.1977,2023-06-27,149.8,11.7,18.3
426,Miami,25.7748,-80.1977,2023-06-28,233.7,12.3,24.2
427,Miami,25.7748,-80.1977,2023-06-29,103.2,15.2,40.3
428,Miami,25.7748,-80.1977,2023-06-30,165.7,13.9,40.3
429,Miami,25.7748,-80.1977,2023-07-01,112.3,9.5,13.9
430,Miami,25.7748,-80.1977,2023-07-02,111.1,13.0,36.7
431,Miami,25.7748,-80.1977,2023-07-03,104.0,10.5,13.9
432,Miami,25.7748,-80.1977,2023-07-04,99.8,10.6,15.0
433,Miami,25.7748,-80.1977,2023-07-05,113.1,9.9,17.2
434,Miami,25.7748,-80.1977,2023-07-06,166.4,9.6,29.8
435,Miami,25.7748,-80.1977,2023-07-07,266.3,15.5,21.9
436,Miami,25.7748,-80.1977,2023-07-08,277.5,13.9,28.4
437,Miami,25.7748,-80.1977,2023-07-09,203.0,13.6,21.9
438,Miami,25.7748,-80.1977,2023-07-10,171.8,14.3,28.9
439,Miami,25.7748,-80.1977,2023-07-11,141.8,10.7,13.9
440,Miami,25.7748,-80.1977,2023-07-12,115.5,10.1,15.0
441,Miami,25.7748,-80.1977,2023-07-13,125.2,10.5,19.7
442,Miami,25.7748,-80.1977,2023-07-14,84.1,15.4,19.7
443,Miami,25.7748,-80.1977,2023-07-15,147.3,10.5,16.1
444,Miami,25.7748,-80.1977,2023-07-16,195.7,14.7,25.3
445,Miami,25.7748,-80.1977,2023-07-17,129.0,13.0,37.4
446,Miami,25.7748,-80.1977,2023-07-18,95.8,11.6,24.2
447,Miami,25.7748,-80.1977,2023-07-19,119.8,13.7,27.7
448,Miami,25.7748,-80.1977,2023-07-20,113.9,12.2,23.0
449,Miami,25.7748,-80.1977,2023-07-21,167.1,10.0,35.6
450,Miami,25.7748,-80.1977,2023-07-22,254.0,12.7,25.3
451,Miami,25.7748,-80.1977,2023-07-23,255.0,10.3,18.3
452,Miami,25.7748,-80.1977,2023-07-24,166.7,11.2,19.0
453,Miami,25.7748,-80.1977,2023-07-25,72.7,13.0,17.4
454,Miami,25.7748,-80.1977,2023-07-26,45.2,13.3,30.8
455,Miami,25.7748,-80.1977,2023-07-27,50.5,12.5,32.7
456,Miami,25.7748,-80.1977,2023-07-28,94.1,10.7,29.9
457,Miami,25.7748,-80.1977,2023-07-29,113.0,11.4,17.2
458,Miami,25.7748,-80.1977,2023-07-30,131.5,11.6,18.2
459,Miami,25.7748,-80.1977,2023-07-31,189.4,11.3,25.4
460,Houston,29.7608,-95.3695,2023-05-01,158.7,13.7,20.8
461,Houston,29.7608,-95.3695,2023-05-02,133.0,13.8,18.3
462,Houston,29.7608,-95.3695,2023-05-03,124.0,13.9,24.2
463,Houston,29.7608,-95.3695,2023-05-04,141.4,20.0,25.0
464,Houston,29.7608,-95.3695,2023-05-05,169.6,20.0,27.7
465,Houston,29.7608,-95.3695,2023-05-06,144.4,20.8,37.9
466,Houston,29.7608,-95.3695,2023-05-07,143.6,22.3,36.3
467,Houston,29.7608,-95.3695,2023-05-08,140.1,26.4,46.1
468,Houston,29.7608,-95.3695,2023-05-09,145.4,16.7,29.8
469,Houston,29.7608,-95.3695,2023-05-10,136.3,14.6,23.0
470,Houston,29.7608,-95.3695,2023-05-11,149.7,17.7,24.2
471,Houston,29.7608,-95.3695,2023-05-12,141.9,20.5,30.2
472,Houston,29.7608,-95.3695,2023-05-13,127.6,18.9,27.7
473,Houston,29.7608,-95.3695,2023-05-14,153.8,22.3,36.9
474,Houston,29.7608,-95.3695,2023-05-15,103.2,13.2,24.2
475,Houston,29.7608,-95.3695,2023-05-16,295.5,15.4,57.5
476,Houston,29.7608,-95.3695,2023-05-17,341.8,11.4,18.3
477,Houston,29.7608,-95.3695,2023-05-18,114.6,12.1,21.9
478,Houston,29.7608,-95.3695,2023-05-19,198.8,15.8,24.2
479,Houston,29.7608,-95.3695,2023-05-20,327.0,13.7,20.7
480,Houston,29.7608,-95.3695,2023-05-21,22.9,12.4,17.2
481,Houston,29.7608,-95.3695,2023-05-22,64.7,10.4,9.2
482,Houston,29.7608,-95.3695,2023-05-23,42.0,10.7,34.4
483,Houston,29.7608,-95.3695,2023-05-24,45.9,11.3,20.8
484,Houston,29.7608,-95.3695,2023-05-25,61.4,12.3,17.2
485,Houston,29.7608,-95.3695,2023-05-26,52.9,11.6,20.8
486,Houston,29.7608,-95.3695,2023-05-27,116.0,9.0,15.0
487,Houston,29.7608,-95.3695,2023-05-28,153.6,15.7,21.9
488,Houston,29.7608,-95.3695,2023-05-29,127.3,12.0,19.7
489,Houston,29.7608,-95.3695,2023-05-30,129.3,14.9,23.0
490,Houston,29.7608,-95.3695,2023-05-31,140.0,13.8,20.8
491,Houston,29.7608,-95.3695,2023-06-01,152.3,13.8,21.8
492,Houston,29.7608,-95.3695,2023-06-02,158.9,12.5,19.7
493,Houston,29.7608,-95.3695,2023-06-03,222.1,13.7,19.7
494,Houston,29.7608,-95.3695,2023-06-04,330.5,20.2,38.3
495,Houston,29.7608,-95.3695,2023-06-05,352.2,15.7,44.7
496,Houston,29.7608,-95.3695,2023-06-06,87.3,17.2,31.1
497,Houston,29.7608,-95.3695,2023-06-07,295.5,9.0,33.3
498,Houston,29.7608,-95.3695,2023-06-08,267.8,20.3,47.2
499,Houston,29.7608,-95.3695,2023-06-09,190.8,18.8,24.2
500,Houston,29.7608,-95.3695,2023-06-10,195.9,26.7,51.4
501,Houston,29.7608,-95.3695,2023-06-11,188.0,17.6,30.0
502,Houston,29.7608,-95.3695,2023-06-12,179.8,17.0,28.9
503,Houston,29.7608,-95.3695,2023-06-13,160.9,21.5,27.7
504,Houston,29.7608,-95.3695,2023-06-14,179.6,18.0,25.3
505,Houston,29.7608,-95.3695,2023-06-15,185.7,15.9,24.7
506,Houston,29.7608,-95.3695,2023-06-16,179.6,18.7,25.0
507,Houston,29.7608,-95.3695,2023-06-17,187.7,15.6,21.9
508,Houston,29.7608,-95.3695,2023-06-18,191.6,17.6,26.5
509,Houston,29.7608,-95.3695,2023-06-19,197.2,15.9,28.5
510,Houston,29.7608,-95.3695,2023-06-20,180.2,13.9,23.0
511,Houston,29.7608,-95.3695,2023-06-21,169.2,23.0,50.7
512,Houston,29.7608,-95.3695,2023-06-22,151.3,15.7,26.1
513,Houston,29.7608,-95.3695,2023-06-23,159.8,22.8,28.7
514,Houston,29.7608,-95.3695,2023-06-24,185.2,18.5,30.0
515,Houston,29.7608,-95.3695,2023-06-25,197.9,13.9,21.9
516,Houston,29.7608,-95.3695,2023-06-26,192.5,19.1,27.8
517,Houston,29.7608,-95.3695,2023-06-27,206.2,11.4,23.0
518,Houston,29.7608,-95.3695,2023-06-28,185.7,16.9,25.3
519,Houston,29.7608,-95.3695,2023-06-29,181.7,17.3,25.3
520,Houston,29.7608,-95.3695,2023-06-30,168.5,18.4,26.4
521,Houston,29.7608,-95.3695,2023-07-01,173.5,13.7,20.8
522,Houston,29.7608,-95.3695,2023-07-02,228.4,12.3,29.8
523,Houston,29.7608,-95.3695,2023-07-03,157.8,18.6,24.2
524,Houston,29.7608,-95.3695,2023-07-04,160.1,14.1,20.8
525,Houston,29.7608,-95.3695,2023-07-05,157.9,26.6,40.9
526,Houston,29.7608,-95.3695,2023-07-06,174.7,14.4,29.8
527,Houston,29.7608,-95.3695,2023-07-07,156.4,16.4,33.2
528,Houston,29.7608,-95.3695,2023-07-08,170.1,13.1,20.8
529,Houston,29.7608,-95.3695,2023-07-09,200.1,14.2,23.0
530,Houston,29.7608,-95.3695,2023-07-10,190.9,19.4,25.1
531,Houston,29.7608,-95.3695,2023-07-11,201.9,16.5,24.4
532,Houston,29.7608,-95.3695,2023-07-12,187.2,25.3,34.2
533,Houston,29.7608,-95.3695,2023-07-13,189.6,18.1,35.8
534,Houston,29.7608,-95.3695,2023-07-14,184.3,19.3,26.2
535,Houston,29.7608,-95.3695,2023-07-15,201.6,15.3,23.0
536,Houston,29.7608,-95.3695,2023-07-16,220.3,14.9,23.0
537,Houston,29.7608,-95.3695,2023-07-17,193.8,18.0,25.3
538,Houston,29.7608,-95.3695,2023-07-18,193.0,18.1,26.4
539,Houston,29.7608,-95.3695,2023-07-19,178.7,18.2,29.4
540,Houston,29.7608,-95.3695,2023-07-20,169.1,19.8,26.4
541,Houston,29.7608,-95.3695,2023-07-21,201.0,16.2,26.4
542,Houston,29.7608,-95.3695,2023-07-22,249.1,14.2,18.3
543,Houston,29.7608,-95.3695,2023-07-23,162.6,16.9,35.6
544,Houston,29.7608,-95.3695,2023-07-24,158.7,15.8,24.2
545,Houston,29.7608,-95.3695,2023-07-25,161.8,17.6,40.3
546,Houston,29.7608,-95.3695,2023-07-26,175.5,18.8,30.0
547,Houston,29.7608,-95.3695,2023-07-27,155.1,18.2,22.2
548,Houston,29.7608,-95.3695,2023-07-28,155.9,17.4,24.2
549,Houston,29.7608,-95.3695,2023-07-29,172.1,19.9,23.0
550,Houston,29.7608,-95.3695,2023-07-30,198.8,15.5,20.8
551,Houston,29.7608,-95.3695,2023-07-31,200.5,15.6,18.3
552,Kansas City,39.1034,-94.5831,2023-05-01,300.1,19.6,32.2
553,Kansas City,39.1034,-94.5831,2023-05-02,314.9,16.1,28.8
554,Kansas City,39.1034,-94.5831,2023-05-03,351.0,5.8,10.3
555,Kansas City,39.1034,-94.5831,2023-05-04,177.7,18.4,31.0
556,Kansas City,39.1034,-94.5831,2023-05-05,158.1,15.0,26.4
557,Kansas City,39.1034,-94.5831,2023-05-06,178.3,20.7,31.1
558,Kansas City,39.1034,-94.5831,2023-05-07,199.5,23.0,30.0
559,Kansas City,39.1034,-94.5831,2023-05-08,32.0,13.9,29.8
560,Kansas City,39.1034,-94.5831,2023-05-09,83.7,22.9,37.8
561,Kansas City,39.1034,-94.5831,2023-05-10,124.4,16.1,28.9
562,Kansas City,39.1034,-94.5831,2023-05-11,102.3,10.3,21.9
563,Kansas City,39.1034,-94.5831,2023-05-12,140.8,12.8,21.9
564,Kansas City,39.1034,-94.5831,2023-05-13,220.9,11.4,21.9
565,Kansas City,39.1034,-94.5831,2023-05-14,135.9,10.3,25.3
566,Kansas City,39.1034,-94.5831,2023-05-15,36.5,11.4,18.3
567,Kansas City,39.1034,-94.5831,2023-05-16,320.6,8.0,12.8
568,Kansas City,39.1034,-94.5831,2023-05-17,350.4,8.1,9.2
569,Kansas City,39.1034,-94.5831,2023-05-18,191.0,10.3,16.1
570,Kansas City,39.1034,-94.5831,2023-05-19,349.8,16.1,25.3
571,Kansas City,39.1034,-94.5831,2023-05-20,357.7,10.3,17.2
572,Kansas City,39.1034,-94.5831,2023-05-21,169.1,8.0,8.1
573,Kansas City,39.1034,-94.5831,2023-05-22,160.9,11.4,18.3
574,Kansas City,39.1034,-94.5831,2023-05-23,112.2,11.3,21.9
575,Kansas City,39.1034,-94.5831,2023-05-24,112.0,9.2,45.9
576,Kansas City,39.1034,-94.5831,2023-05-25,87.1,13.8,21.9
577,Kansas City,39.1034,-94.5831,2023-05-26,80.6,11.4,20.8
578,Kansas City,39.1034,-94.5831,2023-05-27,101.2,11.4,21.9
579,Kansas City,39.1034,-94.5831,2023-05-28,104.8,9.1,17.2
580,Kansas City,39.1034,-94.5831,2023-05-29,159.2,10.3,16.1
581,Kansas City,39.1034,-94.5831,2023-05-30,193.8,14.9,41.4
582,Kansas City,39.1034,-94.5831,2023-05-31,185.5,14.9,25.3
583,Kansas City,39.1034,-94.5831,2023-06-01,166.8,12.7,21.9
584,Kansas City,39.1034,-94.5831,2023-06-02,104.9,12.8,42.7
585,Kansas City,39.1034,-94.5831,2023-06-03,73.7,16.1,26.4
586,Kansas City,39.1034,-94.5831,2023-06-04,34.6,11.4,19.7
587,Kansas City,39.1034,-94.5831,2023-06-05,41.4,13.8,27.7
588,Kansas City,39.1034,-94.5831,2023-06-06,316.8,6.9,29.8
589,Kansas City,39.1034,-94.5831,2023-06-07,338.7,8.0,12.8
590,Kansas City,39.1034,-94.5831,2023-06-08,89.8,12.8,19.7
591,Kansas City,39.1034,-94.5831,2023-06-09,96.4,10.3,13.9
592,Kansas City,39.1034,-94.5831,2023-06-10,270.4,10.3,12.8
593,Kansas City,39.1034,-94.5831,2023-06-11,358.4,12.7,23.0
594,Kansas City,39.1034,-94.5831,2023-06-12,343.8,11.4,18.3
595,Kansas City,39.1034,-94.5831,2023-06-13,246.5,11.3,20.8
596,Kansas City,39.1034,-94.5831,2023-06-14,156.2,9.1,9.2
597,Kansas City,39.1034,-94.5831,2023-06-15,236.7,8.0,9.2
598,Kansas City,39.1034,-94.5831,2023-06-16,43.9,8.0,11.4
599,Kansas City,39.1034,-94.5831,2023-06-17,174.0,12.8,23.0
600,Kansas City,39.1034,-94.5831,2023-06-18,321.4,11.4,23.0
601,Kansas City,39.1034,-94.5831,2023-06-19,80.7,9.2,16.1
602,Kansas City,39.1034,-94.5831,2023-06-20,84.3,12.8,20.8
603,Kansas City,39.1034,-94.5831,2023-06-21,69.9,17.1,25.2
604,Kansas City,39.1034,-94.5831,2023-06-22,89.6,9.2,21.9
605,Kansas City,39.1034,-94.5831,2023-06-23,193.0,10.3,17.2
606,Kansas City,39.1034,-94.5831,2023-06-24,203.9,23.0,30.0
607,Kansas City,39.1034,-94.5831,2023-06-25,293.4,18.3,28.9
608,Kansas City,39.1034,-94.5831,2023-06-26,319.4,17.2,29.9
609,Kansas City,39.1034,-94.5831,2023-06-27,91.6,12.7,18.3
610,Kansas City,39.1034,-94.5831,2023-06-28,146.1,13.9,24.2
611,Kansas City,39.1034,-94.5831,2023-06-29,196.5,12.8,39.3
612,Kansas City,39.1034,-94.5831,2023-06-30,52.5,18.3,36.8
613,Kansas City,39.1034,-94.5831,2023-07-01,305.9,16.1,42.2
614,Kansas City,39.1034,-94.5831,2023-07-02,301.1,13.8,20.8
615,Kansas City,39.1034,-94.5831,2023-07-03,46.3,11.4,17.2
616,Kansas City,39.1034,-94.5831,2023-07-04,180.9,12.7,21.9
617,Kansas City,39.1034,-94.5831,2023-07-05,310.3,29.9,66.3
618,Kansas City,39.1034,-94.5831,2023-07-06,6.8,8.1,13.9
619,Kansas City,39.1034,-94.5831,2023-07-07,81.4,11.4,20.8
620,Kansas City,39.1034,-94.5831,2023-07-08,8.9,11.4,15.0
621,Kansas City,39.1034,-94.5831,2023-07-09,355.2,8.0,10.3
622,Kansas City,39.1034,-94.5831,2023-07-10,212.3,9.2,17.2
623,Kansas City,39.1034,-94.5831,2023-07-11,196.9,15.0,24.2
624,Kansas City,39.1034,-94.5831,2023-07-12,182.6,16.1,34.4
625,Kansas City,39.1034,-94.5831,2023-07-13,37.5,10.3,11.4
626,Kansas City,39.1034,-94.5831,2023-07-14,159.4,18.3,58.4
627,Kansas City,39.1034,-94.5831,2023-07-15,287.1,8.1,15.0
628,Kansas City,39.1034,-94.5831,2023-07-16,234.3,11.4,32.2
629,Kansas City,39.1034,-94.5831,2023-07-17,63.8,12.7,19.7
630,Kansas City,39.1034,-94.5831,2023-07-18,80.4,16.1,23.1
631,Kansas City,39.1034,-94.5831,2023-07-19,64.7,9.2,18.3
632,Kansas City,39.1034,-94.5831,2023-07-20,342.7,12.7,20.8
633,Kansas City,39.1034,-94.5831,2023-07-21,352.4,11.4,20.8
634,Kansas City,39.1034,-94.5831,2023-07-22,255.1,11.4,15.0
635,Kansas City,39.1034,-94.5831,2023-07-23,253.7,13.8,19.7
636,Kansas City,39.1034,-94.5831,2023-07-24,202.0,18.3,33.6
637,Kansas City,39.1034,-94.5831,2023-07-25,167.5,15.0,26.4
638,Kansas City,39.1034,-94.5831,2023-07-26,220.9,20.8,33.7
639,Kansas City,39.1034,-94.5831,2023-07-27,204.6,16.1,28.9
640,Kansas City,39.1034,-94.5831,2023-07-28,205.7,18.3,29.3
641,Kansas City,39.1034,-94.5831,2023-07-29,304.5,18.4,40.1
642,Kansas City,39.1034,-94.5831,2023-07-30,70.5,15.0,28.9
643,Kansas City,39.1034,-94.5831,2023-07-31,93.2,12.8,29.8
644,Minneapolis,44.979,-93.2649,2023-05-01,337.5,26.3,42.1
645,Minneapolis,44.979,-93.2649,2023-05-02,336.6,22.7,38.9
646,Minneapolis,44.979,-93.2649,2023-05-03,257.5,8.1,10.3
647,Minneapolis,44.979,-93.2649,2023-05-04,8.2,12.6,31.1
648,Minneapolis,44.979,-93.2649,2023-05-05,85.1,13.6,25.7
649,Minneapolis,44.979,-93.2649,2023-05-06,107.4,14.3,27.8
650,Minneapolis,44.979,-93.2649,2023-05-07,195.7,10.3,10.3
651,Minneapolis,44.979,-93.2649,2023-05-08,17.5,14.8,32.2
652,Minneapolis,44.979,-93.2649,2023-05-09,136.1,11.9,11.4
653,Minneapolis,44.979,-93.2649,2023-05-10,150.0,13.4,19.7
654,Minneapolis,44.979,-93.2649,2023-05-11,144.3,9.2,16.1
655,Minneapolis,44.979,-93.2649,2023-05-12,108.7,14.3,34.4
656,Minneapolis,44.979,-93.2649,2023-05-13,70.6,14.6,31.1
657,Minneapolis,44.979,-93.2649,2023-05-14,66.1,11.8,25.3
658,Minneapolis,44.979,-93.2649,2023-05-15,275.9,8.6,11.4
659,Minneapolis,44.979,-93.2649,2023-05-16,319.7,11.2,22.6
660,Minneapolis,44.979,-93.2649,2023-05-17,127.4,13.2,34.4
661,Minneapolis,44.979,-93.2649,2023-05-18,201.5,14.5,31.1
662,Minneapolis,44.979,-93.2649,2023-05-19,324.1,16.4,31.1
663,Minneapolis,44.979,-93.2649,2023-05-20,262.6,10.1,21.9
664,Minneapolis,44.979,-93.2649,2023-05-21,183.9,8.5,9.2
665,Minneapolis,44.979,-93.2649,2023-05-22,159.4,10.7,21.9
666,Minneapolis,44.979,-93.2649,2023-05-23,174.4,9.9,19.7
667,Minneapolis,44.979,-93.2649,2023-05-24,78.6,14.4,27.2
668,Minneapolis,44.979,-93.2649,2023-05-25,128.9,12.9,29.8
669,Minneapolis,44.979,-93.2649,2023-05-26,146.8,11.0,18.9
670,Minneapolis,44.979,-93.2649,2023-05-27,150.0,11.5,22.1
671,Minneapolis,44.979,-93.2649,2023-05-28,129.4,13.2,34.4
672,Minneapolis,44.979,-93.2649,2023-05-29,162.3,14.5,36.7
673,Minneapolis,44.979,-93.2649,2023-05-30,170.9,16.3,27.4
674,Minneapolis,44.979,-93.2649,2023-05-31,160.2,14.5,31.2
675,Minneapolis,44.979,-93.2649,2023-06-01,151.0,14.8,32.2
676,Minneapolis,44.979,-93.2649,2023-06-02,138.5,11.8,32.2
677,Minneapolis,44.979,-93.2649,2023-06-03,96.2,9.3,18.3
678,Minneapolis,44.979,-93.2649,2023-06-04,92.5,8.6,12.8
679,Minneapolis,44.979,-93.2649,2023-06-05,61.6,11.2,29.0
680,Minneapolis,44.979,-93.2649,2023-06-06,48.9,8.4,13.9
681,Minneapolis,44.979,-93.2649,2023-06-07,90.4,11.0,20.8
682,Minneapolis,44.979,-93.2649,2023-06-08,100.6,8.6,17.2
683,Minneapolis,44.979,-93.2649,2023-06-09,231.4,8.7,19.7
684,Minneapolis,44.979,-93.2649,2023-06-10,33.8,17.5,37.8
685,Minneapolis,44.979,-93.2649,2023-06-11,28.8,17.6,33.5
686,Minneapolis,44.979,-93.2649,2023-06-12,330.3,16.7,28.4
687,Minneapolis,44.979,-93.2649,2023-06-13,341.3,14.5,24.1
688,Minneapolis,44.979,-93.2649,2023-06-14,355.5,8.8,23.0
689,Minneapolis,44.979,-93.2649,2023-06-15,60.6,13.4,31.1
690,Minneapolis,44.979,-93.2649,2023-06-16,109.0,8.8,16.1
691,Minneapolis,44.979,-93.2649,2023-06-17,145.5,10.1,21.4
692,Minneapolis,44.979,-93.2649,2023-06-18,124.6,11.1,28.9
693,Minneapolis,44.979,-93.2649,2023-06-19,138.6,11.2,19.7
694,Minneapolis,44.979,-93.2649,2023-06-20,145.2,13.7,27.9
695,Minneapolis,44.979,-93.2649,2023-06-21,146.1,11.4,18.8
696,Minneapolis,44.979,-93.2649,2023-06-22,174.3,9.0,17.2
697,Minneapolis,44.979,-93.2649,2023-06-23,117.9,15.5,50.5
698,Minneapolis,44.979,-93.2649,2023-06-24,157.2,27.9,49.0
699,Minneapolis,44.979,-93.2649,2023-06-25,340.0,17.2,39.1
700,Minneapolis,44.979,-93.2649,2023-06-26,350.4,17.5,29.1
701,Minneapolis,44.979,-93.2649,2023-06-27,176.5,10.5,19.1
702,Minneapolis,44.979,-93.2649,2023-06-28,184.4,17.2,32.8
703,Minneapolis,44.979,-93.2649,2023-06-29,289.3,13.6,25.3
704,Minneapolis,44.979,-93.2649,2023-06-30,296.5,10.3,17.3
705,Minneapolis,44.979,-93.2649,2023-07-01,6.2,8.4,11.4
706,Minneapolis,44.979,-93.2649,2023-07-02,334.1,8.9,9.2
707,Minneapolis,44.979,-93.2649,2023-07-03,223.3,15.3,35.6
708,Minneapolis,44.979,-93.2649,2023-07-04,78.0,12.5,35.5
709,Minneapolis,44.979,-93.2649,2023-07-05,323.5,14.1,29.8
710,Minneapolis,44.979,-93.2649,2023-07-06,314.3,11.3,21.9
711,Minneapolis,44.979,-93.2649,2023-07-07,232.4,10.7,13.9
712,Minneapolis,44.979,-93.2649,2023-07-08,308.8,12.9,19.5
713,Minneapolis,44.979,-93.2649,2023-07-09,233.3,18.6,35.6
714,Minneapolis,44.979,-93.2649,2023-07-10,257.0,19.0,31.6
715,Minneapolis,44.979,-93.2649,2023-07-11,8.3,7.8,31.1
716,Minneapolis,44.979,-93.2649,2023-07-12,84.9,9.6,11.4
717,Minneapolis,44.979,-93.2649,2023-07-13,243.0,15.5,59.8
718,Minneapolis,44.979,-93.2649,2023-07-14,240.4,14.6,34.6
719,Minneapolis,44.979,-93.2649,2023-07-15,290.9,18.5,32.2
720,Minneapolis,44.979,-93.2649,2023-07-16,282.5,22.0,39.6
721,Minneapolis,44.979,-93.2649,2023-07-17,311.0,15.0,24.8
722,Minneapolis,44.979,-93.2649,2023-07-18,259.9,8.0,10.3
723,Minneapolis,44.979,-93.2649,2023-07-19,213.4,15.8,41.2
724,Minneapolis,44.979,-93.2649,2023-07-20,324.0,15.1,26.4
725,Minneapolis,44.979,-93.2649,2023-07-21,281.5,11.2,33.3
726,Minneapolis,44.979,-93.2649,2023-07-22,266.8,15.4,32.4
727,Minneapolis,44.979,-93.2649,2023-07-23,311.4,7.6,11.4
728,Minneapolis,44.979,-93.2649,2023-07-24,154.8,9.6,37.8
729,Minneapolis,44.979,-93.2649,2023-07-25,153.1,12.3,22.0
730,Minneapolis,44.979,-93.2649,2023-07-26,261.4,17.1,40.0
731,Minneapolis,44.979,-93.2649,2023-07-27,169.5,17.7,37.3
732,Minneapolis,44.979,-93.2649,2023-07-28,69.3,14.3,46.6
733,Minneapolis,44.979,-93.2649,2023-07-29,354.4,11.1,27.7
734,Minneapolis,44.979,-93.2649,2023-07-30,6.8,7.7,13.9
735,Minneapolis,44.979,-93.2649,2023-07-31,133.8,7.4,9.2
736,Denver,39.74,-104.992,2023-05-01,55.0,10.0,20.8
737,Denver,39.74,-104.992,2023-05-02,182.3,18.7,33.1
738,Denver,39.74,-104.992,2023-05-03,192.7,14.7,36.7
739,Denver,39.74,-104.992,2023-05-04,220.5,25.0,44.0
740,Denver,39.74,-104.992,2023-05-05,218.7,19.4,33.8
741,Denver,39.74,-104.992,2023-05-06,79.8,11.9,32.2
742,Denver,39.74,-104.992,2023-05-07,29.0,16.0,32.5
743,Denver,39.74,-104.992,2023-05-08,154.3,14.7,37.8
744,Denver,39.74,-104.992,2023-05-09,80.7,18.2,31.2
745,Denver,39.74,-104.992,2023-05-10,5.5,24.6,39.4
746,Denver,39.74,-104.992,2023-05-11,341.4,19.8,38.1
747,Denver,39.74,-104.992,2023-05-12,350.0,26.3,39.2
748,Denver,39.74,-104.992,2023-05-13,29.9,14.2,21.9
749,Denver,39.74,-104.992,2023-05-14,14.8,12.7,15.0
750,Denver,39.74,-104.992,2023-05-15,39.1,10.6,5.8
751,Denver,39.74,-104.992,2023-05-16,139.4,16.6,31.1
752,Denver,39.74,-104.992,2023-05-17,170.6,15.8,33.3
753,Denver,39.74,-104.992,2023-05-18,46.6,20.5,32.2
754,Denver,39.74,-104.992,2023-05-19,13.1,9.7,12.8
755,Denver,39.74,-104.992,2023-05-20,240.1,9.8,16.1
756,Denver,39.74,-104.992,2023-05-21,356.9,13.4,20.4
757,Denver,39.74,-104.992,2023-05-22,163.6,9.2,12.8
758,Denver,39.74,-104.992,2023-05-23,195.3,13.4,20.8
759,Denver,39.74,-104.992,2023-05-24,206.0,14.0,41.4
760,Denver,39.74,-104.992,2023-05-25,162.0,12.3,28.9
761,Denver,39.74,-104.992,2023-05-26,138.9,17.7,42.0
762,Denver,39.74,-104.992,2023-05-27,166.2,26.8,43.9
763,Denver,39.74,-104.992,2023-05-28,141.3,12.3,31.1
764,Denver,39.74,-104.992,2023-05-29,157.3,16.7,32.4
765,Denver,39.74,-104.992,2023-05-30,181.0,20.1,46.0
766,Denver,39.74,-104.992,2023-05-31,197.4,17.2,34.4
767,Denver,39.74,-104.992,2023-06-01,241.4,15.1,31.1
768,Denver,39.74,-104.992,2023-06-02,2.1,15.0,25.4
769,Denver,39.74,-104.992,2023-06-03,329.1,12.5,15.0
770,Denver,39.74,-104.992,2023-06-04,322.2,9.5,15.0
771,Denver,39.74,-104.992,2023-06-05,157.1,12.2,20.8
772,Denver,39.74,-104.992,2023-06-06,168.6,13.2,35.6
773,Denver,39.74,-104.992,2023-06-07,197.4,15.4,27.7
774,Denver,39.74,-104.992,2023-06-08,248.1,22.9,42.0
775,Denver,39.74,-104.992,2023-06-09,217.9,20.1,42.5
776,Denver,39.74,-104.992,2023-06-10,126.1,13.5,26.4
777,Denver,39.74,-104.992,2023-06-11,112.2,11.6,24.2
778,Denver,39.74,-104.992,2023-06-12,150.4,17.2,29.8
779,Denver,39.74,-104.992,2023-06-13,312.6,11.8,15.0
780,Denver,39.74,-104.992,2023-06-14,185.0,19.4,28.3
781,Denver,39.74,-104.992,2023-06-15,266.9,12.3,27.7
782,Denver,39.74,-104.992,2023-06-16,44.0,10.2,15.0
783,Denver,39.74,-104.992,2023-06-17,307.3,18.8,31.1
784,Denver,39.74,-104.992,2023-06-18,180.7,15.5,21.9
785,Denver,39.74,-104.992,2023-06-19,180.5,20.8,33.3
786,Denver,39.74,-104.992,2023-06-20,183.1,13.2,20.8
787,Denver,39.74,-104.992,2023-06-21,95.6,20.7,41.4
788,Denver,39.74,-104.992,2023-06-22,146.1,24.5,34.7
789,Denver,39.74,-104.992,2023-06-23,40.7,15.7,28.8
790,Denver,39.74,-104.992,2023-06-24,99.8,11.8,29.3
791,Denver,39.74,-104.992,2023-06-25,141.6,14.1,24.2
792,Denver,39.74,-104.992,2023-06-26,134.3,15.0,29.8
793,Denver,39.74,-104.992,2023-06-27,209.9,20.5,44.9
794,Denver,39.74,-104.992,2023-06-28,26.5,13.9,21.9
795,Denver,39.74,-104.992,2023-06-29,101.3,22.5,35.7
796,Denver,39.74,-104.992,2023-06-30,350.8,17.3,37.8
797,Denver,39.74,-104.992,2023-07-01,320.2,10.8,34.4
798,Denver,39.74,-104.992,2023-07-02,160.3,8.9,21.9
799,Denver,39.74,-104.992,2023-07-03,179.3,18.3,40.5
800,Denver,39.74,-104.992,2023-07-04,96.5,16.9,46.0
801,Denver,39.74,-104.992,2023-07-05,336.9,14.9,34.4
802,Denver,39.74,-104.992,2023-07-06,20.6,17.3,32.5
803,Denver,39.74,-104.992,2023-07-07,27.4,13.1,27.5
804,Denver,39.74,-104.992,2023-07-08,122.7,23.8,36.7
805,Denver,39.74,-104.992,2023-07-09,133.2,11.8,20.8
806,Denver,39.74,-104.992,2023-07-10,208.4,17.6,39.1
807,Denver,39.74,-104.992,2023-07-11,185.9,10.5,20.8
808,Denver,39.74,-104.992,2023-07-12,152.7,10.7,19.7
809,Denver,39.74,-104.992,2023-07-13,175.8,18.1,27.7
810,Denver,39.74,-104.992,2023-07-14,71.6,17.8,30.5
811,Denver,39.74,-104.992,2023-07-15,151.2,14.9,29.9
812,Denver,39.74,-104.992,2023-07-16,191.2,13.7,27.7
813,Denver,39.74,-104.992,2023-07-17,192.0,18.6,31.5
814,Denver,39.74,-104.992,2023-07-18,195.3,17.2,33.9
815,Denver,39.74,-104.992,2023-07-19,342.1,18.1,27.5
816,Denver,39.74,-104.992,2023-07-20,50.6,16.4,32.2
817,Denver,39.74,-104.992,2023-07-21,135.9,11.7,35.7
818,Denver,39.74,-104.992,2023-07-22,166.5,11.0,20.7
819,Denver,39.74,-104.992,2023-07-23,204.5,21.7,37.8
820,Denver,39.74,-104.992,2023-07-24,172.8,21.5,47.2
821,Denver,39.74,-104.992,2023-07-25,198.4,16.3,36.3
822,Denver,39.74,-104.992,2023-07-26,148.1,13.9,28.2
823,Denver,39.74,-104.992,2023-07-27,193.6,15.5,45.9
824,Denver,39.74,-104.992,2023-07-28,142.0,20.3,49.8
825,Denver,39.74,-104.992,2023-07-29,232.7,13.3,19.7
826,Denver,39.74,-104.992,2023-07-30,253.0,11.5,21.9
827,Denver,39.74,-104.992,2023-07-31,48.5,16.8,37.8
828,San Francisco,37.7771,-122.42,2023-05-01,270.7,30.6,41.9
829,San Francisco,37.7771,-122.42,2023-05-02,186.8,14.5,32.2
830,San Francisco,37.7771,-122.42,2023-05-03,100.5,14.5,25.3
831,San Francisco,37.7771,-122.42,2023-05-04,278.5,13.7,18.3
832,San Francisco,37.7771,-122.42,2023-05-05,252.8,15.1,21.9
833,San Francisco,37.7771,-122.42,2023-05-06,230.8,15.9,27.7
834,San Francisco,37.7771,-122.42,2023-05-07,286.8,16.9,26.4
835,San Francisco,37.7771,-122.42,2023-05-08,246.2,16.4,27.1
836,San Francisco,37.7771,-122.42,2023-05-09,277.6,21.4,33.3
837,San Francisco,37.7771,-122.42,2023-05-10,270.8,17.7,31.1
838,San Francisco,37.7771,-122.42,2023-05-11,269.2,18.8,32.2
839,San Francisco,37.7771,-122.42,2023-05-12,282.5,20.7,32.2
840,San Francisco,37.7771,-122.42,2023-05-13,306.0,16.2,27.7
841,San Francisco,37.7771,-122.42,2023-05-14,313.6,13.5,22.4
842,San Francisco,37.7771,-122.42,2023-05-15,305.9,16.2,26.4
843,San Francisco,37.7771,-122.42,2023-05-16,291.3,20.5,34.4
844,San Francisco,37.7771,-122.42,2023-05-17,296.0,21.3,34.0
845,San Francisco,37.7771,-122.42,2023-05-18,280.4,18.0,32.2
846,San Francisco,37.7771,-122.42,2023-05-19,279.4,16.0,31.1
847,San Francisco,37.7771,-122.42,2023-05-20,267.5,17.3,33.3
848,San Francisco,37.7771,-122.42,2023-05-21,281.7,18.9,21.9
849,San Francisco,37.7771,-122.42,2023-05-22,292.0,17.4,29.8
850,San Francisco,37.7771,-122.42,2023-05-23,230.8,17.1,27.7
851,San Francisco,37.7771,-122.42,2023-05-24,234.7,15.7,28.4
852,San Francisco,37.7771,-122.42,2023-05-25,240.9,20.3,29.4
853,San Francisco,37.7771,-122.42,2023-05-26,252.3,17.3,31.1
854,San Francisco,37.7771,-122.42,2023-05-27,270.3,18.7,31.9
855,San Francisco,37.7771,-122.42,2023-05-28,249.8,14.4,29.9
856,San Francisco,37.7771,-122.42,2023-05-29,241.9,20.1,33.3
857,San Francisco,37.7771,-122.42,2023-05-30,267.4,19.2,31.4
858,San Francisco,37.7771,-122.42,2023-05-31,258.0,16.8,33.3
859,San Francisco,37.7771,-122.42,2023-06-01,235.2,16.6,30.6
860,San Francisco,37.7771,-122.42,2023-06-02,277.4,17.1,28.9
861,San Francisco,37.7771,-122.42,2023-06-03,299.7,18.6,29.8
862,San Francisco,37.7771,-122.42,2023-06-04,307.1,19.8,36.1
863,San Francisco,37.7771,-122.42,2023-06-05,266.9,17.8,33.3
864,San Francisco,37.7771,-122.42,2023-06-06,231.1,20.7,32.2
865,San Francisco,37.7771,-122.42,2023-06-07,254.1,15.9,31.1
866,San Francisco,37.7771,-122.42,2023-06-08,289.1,17.3,29.9
867,San Francisco,37.7771,-122.42,2023-06-09,272.7,18.3,31.1
868,San Francisco,37.7771,-122.42,2023-06-10,280.6,16.1,24.2
869,San Francisco,37.7771,-122.42,2023-06-11,260.2,15.8,21.9
870,San Francisco,37.7771,-122.42,2023-06-12,236.7,13.6,19.7
871,San Francisco,37.7771,-122.42,2023-06-13,277.3,16.9,29.9
872,San Francisco,37.7771,-122.42,2023-06-14,304.8,17.7,36.7
873,San Francisco,37.7771,-122.42,2023-06-15,284.4,17.9,35.6
874,San Francisco,37.7771,-122.42,2023-06-16,311.0,19.1,36.8
875,San Francisco,37.7771,-122.42,2023-06-17,301.7,19.1,32.7
876,San Francisco,37.7771,-122.42,2023-06-18,264.6,23.0,40.3
877,San Francisco,37.7771,-122.42,2023-06-19,279.2,26.9,39.8
878,San Francisco,37.7771,-122.42,2023-06-20,285.0,22.5,39.8
879,San Francisco,37.7771,-122.42,2023-06-21,275.1,19.4,35.7
880,San Francisco,37.7771,-122.42,2023-06-22,244.8,18.9,30.3
881,San Francisco,37.7771,-122.42,2023-06-23,250.0,17.0,29.1
882,San Francisco,37.7771,-122.42,2023-06-24,272.1,19.9,32.8
883,San Francisco,37.7771,-122.42,2023-06-25,265.5,16.6,30.0
884,San Francisco,37.7771,-122.42,2023-06-26,262.0,19.0,32.2
885,San Francisco,37.7771,-122.42,2023-06-27,261.0,16.5,29.9
886,San Francisco,37.7771,-122.42,2023-06-28,271.7,17.7,31.7
887,San Francisco,37.7771,-122.42,2023-06-29,295.1,18.2,31.1
888,San Francisco,37.7771,-122.42,2023-06-30,301.4,19.2,33.3
889,San Francisco,37.7771,-122.42,2023-07-01,309.9,13.8,16.1
890,San Francisco,37.7771,-122.42,2023-07-02,305.8,14.7,20.8
891,San Francisco,37.7771,-122.42,2023-07-03,317.3,18.1,37.4
892,San Francisco,37.7771,-122.42,2023-07-04,302.4,17.5,34.4
893,San Francisco,37.7771,-122.42,2023-07-05,283.7,16.9,31.1
894,San Francisco,37.7771,-122.42,2023-07-06,273.0,18.7,34.4
895,San Francisco,37.7771,-122.42,2023-07-07,259.6,17.8,33.9
896,San Francisco,37.7771,-122.42,2023-07-08,263.1,22.6,37.3
897,San Francisco,37.7771,-122.42,2023-07-09,268.3,18.0,33.3
898,San Francisco,37.7771,-122.42,2023-07-10,281.8,17.7,32.2
899,San Francisco,37.7771,-122.42,2023-07-11,305.0,20.1,33.2
900,San Francisco,37.7771,-122.42,2023-07-12,298.5,18.9,32.2
901,San Francisco,37.7771,-122.42,2023-07-13,299.6,17.1,32.2
902,San Francisco,37.7771,-122.42,2023-07-14,302.5,18.5,31.1
903,San Francisco,37.7771,-122.42,2023-07-15,304.1,18.0,29.9
904,San Francisco,37.7771,-122.42,2023-07-16,303.3,20.2,33.6
905,San Francisco,37.7771,-122.42,2023-07-17,312.9,16.8,31.1
906,San Francisco,37.7771,-122.42,2023-07-18,307.3,19.3,35.6
907,San Francisco,37.7771,-122.42,2023-07-19,293.2,21.3,33.3
908,San Francisco,37.7771,-122.42,2023-07-20,292.8,19.9,37.4
909,San Francisco,37.7771,-122.42,2023-07-21,301.8,17.6,26.4
910,San Francisco,37.7771,-122.42,2023-07-22,307.3,17.1,29.9
911,San Francisco,37.7771,-122.42,2023-07-23,299.5,17.6,32.2
912,San Francisco,37.7771,-122.42,2023-07-24,283.1,16.0,31.2
913,San Francisco,37.7771,-122.42,2023-07-25,299.9,16.8,31.2
914,San Francisco,37.7771,-122.42,2023-07-26,300.9,19.6,33.9
915,San Francisco,37.7771,-122.42,2023-07-27,274.7,17.6,32.2
916,San Francisco,37.7771,-122.42,2023-07-28,289.0,18.0,33.3
917,San Francisco,37.7771,-122.42,2023-07-29,283.2,16.3,32.2
918,San Francisco,37.7771,-122.42,2023-07-30,290.7,15.4,29.5
919,San Francisco,37.7771,-122.42,2023-07-31,289.0,20.3,34.4
920,Seattle,47.6036,-122.329,2023-05-01,14.8,6.8,15.0
921,Seattle,47.6036,-122.329,2023-05-02,9.3,10.3,33.6
922,Seattle,47.6036,-122.329,2023-05-03,279.1,9.6,21.9
923,Seattle,47.6036,-122.329,2023-05-04,190.1,12.6,24.2
924,Seattle,47.6036,-122.329,2023-05-05,174.3,10.6,20.8
925,Seattle,47.6036,-122.329,2023-05-06,189.7,7.9,9.2
926,Seattle,47.6036,-122.329,2023-05-07,209.8,7.8,10.3
927,Seattle,47.6036,-122.329,2023-05-08,338.5,10.7,18.3
928,Seattle,47.6036,-122.329,2023-05-09,278.8,8.0,10.3
929,Seattle,47.6036,-122.329,2023-05-10,332.4,9.1,9.2
930,Seattle,47.6036,-122.329,2023-05-11,327.9,9.2,9.2
931,Seattle,47.6036,-122.329,2023-05-12,329.7,9.7,18.3
932,Seattle,47.6036,-122.329,2023-05-13,326.2,11.8,20.8
933,Seattle,47.6036,-122.329,2023-05-14,344.3,12.9,22.2
934,Seattle,47.6036,-122.329,2023-05-15,298.9,12.1,23.1
935,Seattle,47.6036,-122.329,2023-05-16,264.7,9.2,9.2
936,Seattle,47.6036,-122.329,2023-05-17,319.1,10.8,19.7
937,Seattle,47.6036,-122.329,2023-05-18,232.8,8.7,9.2
938,Seattle,47.6036,-122.329,2023-05-19,311.1,9.9,16.1
939,Seattle,47.6036,-122.329,2023-05-20,324.6,11.0,9.2
940,Seattle,47.6036,-122.329,2023-05-21,201.4,9.5,19.7
941,Seattle,47.6036,-122.329,2023-05-22,198.8,11.4,23.0
942,Seattle,47.6036,-122.329,2023-05-23,211.1,7.3,10.3
943,Seattle,47.6036,-122.329,2023-05-24,336.2,9.3,18.3
944,Seattle,47.6036,-122.329,2023-05-25,325.4,11.5,21.2
945,Seattle,47.6036,-122.329,2023-05-26,322.5,9.2,11.4
946,Seattle,47.6036,-122.329,2023-05-27,197.0,9.8,17.9
947,Seattle,47.6036,-122.329,2023-05-28,199.1,7.9,10.3
948,Seattle,47.6036,-122.329,2023-05-29,248.3,6.2,9.2
949,Seattle,47.6036,-122.329,2023-05-30,242.4,8.9,17.2
950,Seattle,47.6036,-122.329,2023-05-31,9.7,6.9,11.4
951,Seattle,47.6036,-122.329,2023-06-01,344.4,9.2,18.3
952,Seattle,47.6036,-122.329,2023-06-02,285.6,8.0,6.9
953,Seattle,47.6036,-122.329,2023-06-03,339.6,7.9,10.3
954,Seattle,47.6036,-122.329,2023-06-04,352.0,14.3,24.2
955,Seattle,47.6036,-122.329,2023-06-05,346.4,18.2,28.0
956,Seattle,47.6036,-122.329,2023-06-06,339.3,11.6,21.9
957,Seattle,47.6036,-122.329,2023-06-07,322.2,7.9,9.2
958,Seattle,47.6036,-122.329,2023-06-08,199.3,9.9,17.9
959,Seattle,47.6036,-122.329,2023-06-09,191.2,9.8,18.3
960,Seattle,47.6036,-122.329,2023-06-10,168.8,7.0,8.1
961,Seattle,47.6036,-122.329,2023-06-11,355.8,9.6,12.8
962,Seattle,47.6036,-122.329,2023-06-12,309.4,8.8,19.7
963,Seattle,47.6036,-122.329,2023-06-13,190.8,12.3,23.0
964,Seattle,47.6036,-122.329,2023-06-14,197.4,12.6,22.4
965,Seattle,47.6036,-122.329,2023-06-15,232.6,6.9,8.1
966,Seattle,47.6036,-122.329,2023-06-16,225.8,9.2,16.1
967,Seattle,47.6036,-122.329,2023-06-17,21.8,7.6,11.4
968,Seattle,47.6036,-122.329,2023-06-18,193.1,13.3,33.5
969,Seattle,47.6036,-122.329,2023-06-19,191.0,8.7,23.0
970,Seattle,47.6036,-122.329,2023-06-20,175.8,9.2,15.0
971,Seattle,47.6036,-122.329,2023-06-21,331.1,8.0,11.4
972,Seattle,47.6036,-122.329,2023-06-22,333.5,10.5,19.7
973,Seattle,47.6036,-122.329,2023-06-23,286.6,11.5,25.3
974,Seattle,47.6036,-122.329,2023-06-24,232.3,9.9,11.4
975,Seattle,47.6036,-122.329,2023-06-25,327.4,8.5,18.3
976,Seattle,47.6036,-122.329,2023-06-26,229.2,8.0,8.1
977,Seattle,47.6036,-122.329,2023-06-27,197.4,8.1,10.3
978,Seattle,47.6036,-122.329,2023-06-28,206.9,7.1,8.1
979,Seattle,47.6036,-122.329,2023-06-29,304.9,8.3,19.7
980,Seattle,47.6036,-122.329,2023-06-30,333.4,8.8,16.1
981,Seattle,47.6036,-122.329,2023-07-01,342.9,11.0,20.6
982,Seattle,47.6036,-122.329,2023-07-02,333.0,12.1,19.7
983,Seattle,47.6036,-122.329,2023-07-03,323.2,11.2,20.8
984,Seattle,47.6036,-122.329,2023-07-04,328.1,12.2,19.7
985,Seattle,47.6036,-122.329,2023-07-05,325.5,8.8,11.4
986,Seattle,47.6036,-122.329,2023-07-06,236.6,8.4,9.2
987,Seattle,47.6036,-122.329,2023-07-07,192.7,10.3,16.1
988,Seattle,47.6036,-122.329,2023-07-08,212.2,8.3,10.3
989,Seattle,47.6036,-122.329,2023-07-09,307.2,7.1,8.1
990,Seattle,47.6036,-122.329,2023-07-10,198.8,9.5,18.3
991,Seattle,47.6036,-122.329,2023-07-11,274.9,7.5,8.1
992,Seattle,47.6036,-122.329,2023-07-12,257.7,7.9,18.3
993,Seattle,47.6036,-122.329,2023-07-13,294.2,7.6,9.2
994,Seattle,47.6036,-122.329,2023-07-14,327.0,8.6,18.3
995,Seattle,47.6036,-122.329,2023-07-15,321.8,9.1,11.4
996,Seattle,47.6036,-122.329,2023-07-16,317.5,7.2,9.2
997,Seattle,47.6036,-122.329,2023-07-17,193.7,14.3,24.2
998,Seattle,47.6036,-122.329,2023-07-18,334.4,11.9,19.7
999,Seattle,47.6036,-122.329,2023-07-19,330.1,10.8,19.7
1000,Seattle,47.6036,-122.329,2023-07-20,204.9,8.4,33.3
1001,Seattle,47.6036,-122.329,2023-07-21,231.0,7.7,9.2
1002,Seattle,47.6036,-122.329,2023-07-22,282.2,9.8,11.4
1003,Seattle,47.6036,-122.329,2023-07-23,317.2,9.2,10.3
1004,Seattle,47.6036,-122.329,2023-07-24,186.4,12.9,22.6
1005,Seattle,47.6036,-122.329,2023-07-25,220.9,11.9,21.9
1006,Seattle,47.6036,-122.329,2023-07-26,339.3,11.5,21.7
1007,Seattle,47.6036,-122.329,2023-07-27,317.2,7.7,17.2
1008,Seattle,47.6036,-122.329,2023-07-28,298.7,6.6,8.1
1009,Seattle,47.6036,-122.329,2023-07-29,255.9,10.3,17.2
1010,Seattle,47.6036,-122.329,2023-07-30,316.4,8.6,8.1
1011,Seattle,47.6036,-122.329,2023-07-31,338.9,9.9,20.8
1012,Phoenix,33.4483,-112.076,2023-05-01,166.9,25.4,39.6
1013,Phoenix,33.4483,-112.076,2023-05-02,265.0,21.7,28.9
1014,Phoenix,33.4483,-112.076,2023-05-03,221.4,21.2,36.1
1015,Phoenix,33.4483,-112.076,2023-05-04,236.5,18.8,30.2
1016,Phoenix,33.4483,-112.076,2023-05-05,280.2,15.3,20.8
1017,Phoenix,33.4483,-112.076,2023-05-06,280.1,13.4,23.0
1018,Phoenix,33.4483,-112.076,2023-05-07,278.5,9.4,18.3
1019,Phoenix,33.4483,-112.076,2023-05-08,296.4,11.5,23.0
1020,Phoenix,33.4483,-112.076,2023-05-09,275.4,16.1,26.4
1021,Phoenix,33.4483,-112.076,2023-05-10,239.7,16.4,25.3
1022,Phoenix,33.4483,-112.076,2023-05-11,190.8,11.2,10.3
1023,Phoenix,33.4483,-112.076,2023-05-12,228.1,14.3,17.2
1024,Phoenix,33.4483,-112.076,2023-05-13,142.6,11.3,20.8
1025,Phoenix,33.4483,-112.076,2023-05-14,108.3,18.9,29.2
1026,Phoenix,33.4483,-112.076,2023-05-15,98.1,13.4,21.9
1027,Phoenix,33.4483,-112.076,2023-05-16,92.4,24.3,43.4
1028,Phoenix,33.4483,-112.076,2023-05-17,118.5,14.1,31.5
1029,Phoenix,33.4483,-112.076,2023-05-18,61.3,20.8,35.6
1030,Phoenix,33.4483,-112.076,2023-05-19,31.4,19.3,37.9
1031,Phoenix,33.4483,-112.076,2023-05-20,257.9,10.9,24.2
1032,Phoenix,33.4483,-112.076,2023-05-21,223.8,12.3,23.0
1033,Phoenix,33.4483,-112.076,2023-05-22,254.3,13.3,21.7
1034,Phoenix,33.4483,-112.076,2023-05-23,233.6,17.1,25.3
1035,Phoenix,33.4483,-112.076,2023-05-24,212.0,14.6,22.5
1036,Phoenix,33.4483,-112.076,2023-05-25,216.9,18.2,24.2
1037,Phoenix,33.4483,-112.076,2023-05-26,210.7,16.9,31.7
1038,Phoenix,33.4483,-112.076,2023-05-27,247.7,9.9,20.8
1039,Phoenix,33.4483,-112.076,2023-05-28,223.5,11.1,24.2
1040,Phoenix,33.4483,-112.076,2023-05-29,267.1,18.9,32.2
1041,Phoenix,33.4483,-112.076,2023-05-30,234.4,21.9,30.9
1042,Phoenix,33.4483,-112.076,2023-05-31,239.2,18.8,32.9
1043,Phoenix,33.4483,-112.076,2023-06-01,113.7,11.8,19.7
1044,Phoenix,33.4483,-112.076,2023-06-02,278.3,11.7,29.8
1045,Phoenix,33.4483,-112.076,2023-06-03,255.1,8.7,20.8
1046,Phoenix,33.4483,-112.076,2023-06-04,286.2,13.5,27.7
1047,Phoenix,33.4483,-112.076,2023-06-05,235.7,16.9,31.6
1048,Phoenix,33.4483,-112.076,2023-06-06,265.7,21.0,31.6
1049,Phoenix,33.4483,-112.076,2023-06-07,235.3,13.1,25.3
1050,Phoenix,33.4483,-112.076,2023-06-08,240.9,13.1,26.4
1051,Phoenix,33.4483,-112.076,2023-06-09,210.3,10.1,18.5
1052,Phoenix,33.4483,-112.076,2023-06-10,214.3,15.0,28.6
1053,Phoenix,33.4483,-112.076,2023-06-11,221.2,19.9,31.1
1054,Phoenix,33.4483,-112.076,2023-06-12,203.2,15.1,20.8
1055,Phoenix,33.4483,-112.076,2023-06-13,280.9,8.9,18.3
1056,Phoenix,33.4483,-112.076,2023-06-14,250.1,18.1,26.2
1057,Phoenix,33.4483,-112.076,2023-06-15,237.2,13.9,23.0
1058,Phoenix,33.4483,-112.076,2023-06-16,245.9,14.5,22.3
1059,Phoenix,33.4483,-112.076,2023-06-17,181.6,10.9,20.8
1060,Phoenix,33.4483,-112.076,2023-06-18,226.6,20.9,31.7
1061,Phoenix,33.4483,-112.076,2023-06-19,242.6,16.7,26.3
1062,Phoenix,33.4483,-112.076,2023-06-20,247.9,16.7,24.0
1063,Phoenix,33.4483,-112.076,2023-06-21,213.0,13.5,23.0
1064,Phoenix,33.4483,-112.076,2023-06-22,306.3,15.2,19.7
1065,Phoenix,33.4483,-112.076,2023-06-23,290.4,13.8,18.9
1066,Phoenix,33.4483,-112.076,2023-06-24,251.5,10.8,18.3
1067,Phoenix,33.4483,-112.076,2023-06-25,323.5,11.1,21.9
1068,Phoenix,33.4483,-112.076,2023-06-26,274.2,16.1,33.3
1069,Phoenix,33.4483,-112.076,2023-06-27,254.2,13.0,23.7
1070,Phoenix,33.4483,-112.076,2023-06-28,269.7,16.5,27.7
1071,Phoenix,33.4483,-112.076,2023-06-29,252.3,12.2,23.0
1072,Phoenix,33.4483,-112.076,2023-06-30,144.9,10.1,20.8
1073,Phoenix,33.4483,-112.076,2023-07-01,228.9,12.9,21.3
1074,Phoenix,33.4483,-112.076,2023-07-02,263.4,19.1,27.5
1075,Phoenix,33.4483,-112.076,2023-07-03,262.9,20.0,28.0
1076,Phoenix,33.4483,-112.076,2023-07-04,252.9,17.0,25.3
1077,Phoenix,33.4483,-112.076,2023-07-05,254.8,15.4,25.1
1078,Phoenix,33.4483,-112.076,2023-07-06,227.4,14.6,23.0
1079,Phoenix,33.4483,-112.076,2023-07-07,281.1,13.2,20.8
1080,Phoenix,33.4483,-112.076,2023-07-08,294.2,12.0,18.3
1081,Phoenix,33.4483,-112.076,2023-07-09,276.9,11.4,15.0
1082,Phoenix,33.4483,-112.076,2023-07-10,288.3,16.4,22.9
1083,Phoenix,33.4483,-112.076,2023-07-11,277.3,15.7,20.8
1084,Phoenix,33.4483,-112.076,2023-07-12,275.6,14.8,19.7
1085,Phoenix,33.4483,-112.076,2023-07-13,266.8,15.0,22.9
1086,Phoenix,33.4483,-112.076,2023-07-14,256.7,15.7,23.2
1087,Phoenix,33.4483,-112.076,2023-07-15,261.0,15.8,23.0
1088,Phoenix,33.4483,-112.076,2023-07-16,245.3,13.6,25.3
1089,Phoenix,33.4483,-112.076,2023-07-17,239.2,23.8,42.6
1090,Phoenix,33.4483,-112.076,2023-07-18,254.6,17.9,29.4
1091,Phoenix,33.4483,-112.076,2023-07-19,265.0,16.1,30.5
1092,Phoenix,33.4483,-112.076,2023-07-20,246.0,17.5,23.9
1093,Phoenix,33.4483,-112.076,2023-07-21,272.4,24.6,44.2
1094,Phoenix,33.4483,-112.076,2023-07-22,220.1,18.3,38.4
1095,Phoenix,33.4483,-112.076,2023-07-23,192.3,22.5,35.9
1096,Phoenix,33.4483,-112.076,2023-07-24,278.4,14.2,26.4
1097,Phoenix,33.4483,-112.076,2023-07-25,244.0,12.9,19.7
1098,Phoenix,33.4483,-112.076,2023-07-26,249.0,19.4,42.5
1099,Phoenix,33.4483,-112.076,2023-07-27,252.4,16.7,23.7
1100,Phoenix,33.4483,-112.076,2023-07-28,303.3,16.6,26.6
1101,Phoenix,33.4483,-112.076,2023-07-29,254.5,11.0,19.7
1102,Phoenix,33.4483,-112.076,2023-07-30,276.9,19.6,34.8
1103,Phoenix,33.4483,-112.076,2023-07-31,174.4,14.6,37.0
